<?xml version="1.0"?>
<gpx xmlns="http://www.topografix.com/GPX/1/1" xmlns:xsi="http://www.w3.org/2001/XMLSchema-instance" version="1.1" creator="AllTrails.com" xsi:schemaLocation="http://www.topografix.com/GPX/1/1 http://www.topografix.com/GPX/1/1/gpx.xsd">
  <metadata>
    <name><![CDATA[CN-GRAVEL CURTO 210826]]></name>
    <desc><![CDATA[]]></desc>
    <link href="http://www.alltrails.com">
      <text>AllTrails, LLC</text>
    </link>
    <bounds minlat="38.84873" minlon="-8.52373" maxlat="39.10245" maxlon="-8.28486"/>
  </metadata>
  <trk>
    <name><![CDATA[CN-GRAVEL CURTO 210826]]></name>
    <src>AllTrails</src>
    <trkseg>
      <trkpt lat="38.95822" lon="-8.52078">
        <ele>24.95</ele>
      </trkpt>
      <trkpt lat="38.95812" lon="-8.52097">
        <ele>24.04</ele>
      </trkpt>
      <trkpt lat="38.95809" lon="-8.52106">
        <ele>23.6</ele>
      </trkpt>
      <trkpt lat="38.95807" lon="-8.52117">
        <ele>23.07</ele>
      </trkpt>
      <trkpt lat="38.95808" lon="-8.52141">
        <ele>22.62</ele>
      </trkpt>
      <trkpt lat="38.95813" lon="-8.52162">
        <ele>23.88</ele>
      </trkpt>
      <trkpt lat="38.95817" lon="-8.5217">
        <ele>24.74</ele>
      </trkpt>
      <trkpt lat="38.95834" lon="-8.52191">
        <ele>26.28</ele>
      </trkpt>
      <trkpt lat="38.9584" lon="-8.52196">
        <ele>24.86</ele>
      </trkpt>
      <trkpt lat="38.95859" lon="-8.52213">
        <ele>21.48</ele>
      </trkpt>
      <trkpt lat="38.95867" lon="-8.52219">
        <ele>21.14</ele>
      </trkpt>
      <trkpt lat="38.95868" lon="-8.52221">
        <ele>21.05</ele>
      </trkpt>
      <trkpt lat="38.95869" lon="-8.52231">
        <ele>20.23</ele>
      </trkpt>
      <trkpt lat="38.95866" lon="-8.52238">
        <ele>19.5</ele>
      </trkpt>
      <trkpt lat="38.95857" lon="-8.52256">
        <ele>17.78</ele>
      </trkpt>
      <trkpt lat="38.95839" lon="-8.52292">
        <ele>17.21</ele>
      </trkpt>
      <trkpt lat="38.95812" lon="-8.52342">
        <ele>23.15</ele>
      </trkpt>
      <trkpt lat="38.95808" lon="-8.5235">
        <ele>23.56</ele>
      </trkpt>
      <trkpt lat="38.95805" lon="-8.52357">
        <ele>23.87</ele>
      </trkpt>
      <trkpt lat="38.95801" lon="-8.52364">
        <ele>24.03</ele>
      </trkpt>
      <trkpt lat="38.95797" lon="-8.5237">
        <ele>23.79</ele>
      </trkpt>
      <trkpt lat="38.95784" lon="-8.52373">
        <ele>23.68</ele>
      </trkpt>
      <trkpt lat="38.95775" lon="-8.5237">
        <ele>23.54</ele>
      </trkpt>
      <trkpt lat="38.95754" lon="-8.52361">
        <ele>19.87</ele>
      </trkpt>
      <trkpt lat="38.95697" lon="-8.52337">
        <ele>18.82</ele>
      </trkpt>
      <trkpt lat="38.95634" lon="-8.52309">
        <ele>21.3</ele>
      </trkpt>
      <trkpt lat="38.95621" lon="-8.52304">
        <ele>22.91</ele>
      </trkpt>
      <trkpt lat="38.95559" lon="-8.52277">
        <ele>27.05</ele>
      </trkpt>
      <trkpt lat="38.95548" lon="-8.52271">
        <ele>26.33</ele>
      </trkpt>
      <trkpt lat="38.95534" lon="-8.52258">
        <ele>24.77</ele>
      </trkpt>
      <trkpt lat="38.9553" lon="-8.52252">
        <ele>24.32</ele>
      </trkpt>
      <trkpt lat="38.95528" lon="-8.52249">
        <ele>24.04</ele>
      </trkpt>
      <trkpt lat="38.95525" lon="-8.52244">
        <ele>23.7</ele>
      </trkpt>
      <trkpt lat="38.95519" lon="-8.52225">
        <ele>23.05</ele>
      </trkpt>
      <trkpt lat="38.9551" lon="-8.52201">
        <ele>22.29</ele>
      </trkpt>
      <trkpt lat="38.95494" lon="-8.52163">
        <ele>22.28</ele>
      </trkpt>
      <trkpt lat="38.95468" lon="-8.521">
        <ele>22.57</ele>
      </trkpt>
      <trkpt lat="38.95447" lon="-8.52045">
        <ele>22.07</ele>
      </trkpt>
      <trkpt lat="38.95421" lon="-8.51981">
        <ele>20.32</ele>
      </trkpt>
      <trkpt lat="38.95391" lon="-8.51909">
        <ele>17.43</ele>
      </trkpt>
      <trkpt lat="38.95382" lon="-8.51894">
        <ele>17.82</ele>
      </trkpt>
      <trkpt lat="38.95362" lon="-8.51869">
        <ele>20.82</ele>
      </trkpt>
      <trkpt lat="38.95313" lon="-8.51818">
        <ele>22.18</ele>
      </trkpt>
      <trkpt lat="38.95308" lon="-8.51812">
        <ele>22.14</ele>
      </trkpt>
      <trkpt lat="38.95303" lon="-8.51808">
        <ele>21.9</ele>
      </trkpt>
      <trkpt lat="38.953" lon="-8.51806">
        <ele>21.61</ele>
      </trkpt>
      <trkpt lat="38.95299" lon="-8.51804">
        <ele>21.54</ele>
      </trkpt>
      <trkpt lat="38.95299" lon="-8.51803">
        <ele>21.55</ele>
      </trkpt>
      <trkpt lat="38.95296" lon="-8.51791">
        <ele>21.49</ele>
      </trkpt>
      <trkpt lat="38.95291" lon="-8.5177">
        <ele>21.33</ele>
      </trkpt>
      <trkpt lat="38.95286" lon="-8.51739">
        <ele>20.2</ele>
      </trkpt>
      <trkpt lat="38.95285" lon="-8.5172">
        <ele>19.56</ele>
      </trkpt>
      <trkpt lat="38.95279" lon="-8.51657">
        <ele>18.77</ele>
      </trkpt>
      <trkpt lat="38.95272" lon="-8.51569">
        <ele>17.52</ele>
      </trkpt>
      <trkpt lat="38.95266" lon="-8.51504">
        <ele>19.07</ele>
      </trkpt>
      <trkpt lat="38.95259" lon="-8.51422">
        <ele>16.49</ele>
      </trkpt>
      <trkpt lat="38.95255" lon="-8.51383">
        <ele>16.75</ele>
      </trkpt>
      <trkpt lat="38.95249" lon="-8.51309">
        <ele>17.9</ele>
      </trkpt>
      <trkpt lat="38.95244" lon="-8.51255">
        <ele>17.21</ele>
      </trkpt>
      <trkpt lat="38.95239" lon="-8.51217">
        <ele>16.89</ele>
      </trkpt>
      <trkpt lat="38.95234" lon="-8.51198">
        <ele>16.77</ele>
      </trkpt>
      <trkpt lat="38.95227" lon="-8.51181">
        <ele>16.34</ele>
      </trkpt>
      <trkpt lat="38.95212" lon="-8.51145">
        <ele>17.35</ele>
      </trkpt>
      <trkpt lat="38.95177" lon="-8.51074">
        <ele>17.88</ele>
      </trkpt>
      <trkpt lat="38.9515" lon="-8.51021">
        <ele>20.11</ele>
      </trkpt>
      <trkpt lat="38.95127" lon="-8.50966">
        <ele>18.72</ele>
      </trkpt>
      <trkpt lat="38.95122" lon="-8.50947">
        <ele>19.12</ele>
      </trkpt>
      <trkpt lat="38.95106" lon="-8.50866">
        <ele>19.15</ele>
      </trkpt>
      <trkpt lat="38.95099" lon="-8.50824">
        <ele>20.64</ele>
      </trkpt>
      <trkpt lat="38.95084" lon="-8.5074">
        <ele>21.04</ele>
      </trkpt>
      <trkpt lat="38.95074" lon="-8.50681">
        <ele>19.13</ele>
      </trkpt>
      <trkpt lat="38.95066" lon="-8.50639">
        <ele>20.25</ele>
      </trkpt>
      <trkpt lat="38.95064" lon="-8.5063">
        <ele>19.85</ele>
      </trkpt>
      <trkpt lat="38.95064" lon="-8.50629">
        <ele>19.86</ele>
      </trkpt>
      <trkpt lat="38.95064" lon="-8.50628">
        <ele>19.86</ele>
      </trkpt>
      <trkpt lat="38.95064" lon="-8.50627">
        <ele>19.86</ele>
      </trkpt>
      <trkpt lat="38.95064" lon="-8.50625">
        <ele>19.87</ele>
      </trkpt>
      <trkpt lat="38.95061" lon="-8.50615">
        <ele>19.53</ele>
      </trkpt>
      <trkpt lat="38.95057" lon="-8.50583">
        <ele>19.16</ele>
      </trkpt>
      <trkpt lat="38.9505" lon="-8.50546">
        <ele>19.68</ele>
      </trkpt>
      <trkpt lat="38.95037" lon="-8.50497">
        <ele>21.4</ele>
      </trkpt>
      <trkpt lat="38.95019" lon="-8.50456">
        <ele>20.95</ele>
      </trkpt>
      <trkpt lat="38.94984" lon="-8.50401">
        <ele>19.58</ele>
      </trkpt>
      <trkpt lat="38.94975" lon="-8.50387">
        <ele>19.36</ele>
      </trkpt>
      <trkpt lat="38.94937" lon="-8.50326">
        <ele>18.58</ele>
      </trkpt>
      <trkpt lat="38.94928" lon="-8.5031">
        <ele>19.03</ele>
      </trkpt>
      <trkpt lat="38.94897" lon="-8.50262">
        <ele>18.58</ele>
      </trkpt>
      <trkpt lat="38.94858" lon="-8.50198">
        <ele>21.0</ele>
      </trkpt>
      <trkpt lat="38.94849" lon="-8.50183">
        <ele>21.23</ele>
      </trkpt>
      <trkpt lat="38.94813" lon="-8.50125">
        <ele>22.23</ele>
      </trkpt>
      <trkpt lat="38.94804" lon="-8.50112">
        <ele>22.91</ele>
      </trkpt>
      <trkpt lat="38.94766" lon="-8.50051">
        <ele>21.66</ele>
      </trkpt>
      <trkpt lat="38.94759" lon="-8.5004">
        <ele>20.59</ele>
      </trkpt>
      <trkpt lat="38.94752" lon="-8.50029">
        <ele>19.33</ele>
      </trkpt>
      <trkpt lat="38.94725" lon="-8.49995">
        <ele>17.24</ele>
      </trkpt>
      <trkpt lat="38.94718" lon="-8.49989">
        <ele>17.76</ele>
      </trkpt>
      <trkpt lat="38.94702" lon="-8.49983">
        <ele>19.51</ele>
      </trkpt>
      <trkpt lat="38.94684" lon="-8.49983">
        <ele>20.37</ele>
      </trkpt>
      <trkpt lat="38.94675" lon="-8.49989">
        <ele>20.21</ele>
      </trkpt>
      <trkpt lat="38.94665" lon="-8.49998">
        <ele>20.13</ele>
      </trkpt>
      <trkpt lat="38.94644" lon="-8.50017">
        <ele>20.32</ele>
      </trkpt>
      <trkpt lat="38.94599" lon="-8.50059">
        <ele>20.96</ele>
      </trkpt>
      <trkpt lat="38.94553" lon="-8.50103">
        <ele>20.55</ele>
      </trkpt>
      <trkpt lat="38.94519" lon="-8.50135">
        <ele>17.74</ele>
      </trkpt>
      <trkpt lat="38.94507" lon="-8.50146">
        <ele>16.39</ele>
      </trkpt>
      <trkpt lat="38.94455" lon="-8.50192">
        <ele>17.29</ele>
      </trkpt>
      <trkpt lat="38.94441" lon="-8.50205">
        <ele>16.99</ele>
      </trkpt>
      <trkpt lat="38.94382" lon="-8.50258">
        <ele>19.15</ele>
      </trkpt>
      <trkpt lat="38.94367" lon="-8.50272">
        <ele>20.08</ele>
      </trkpt>
      <trkpt lat="38.94318" lon="-8.50314">
        <ele>17.38</ele>
      </trkpt>
      <trkpt lat="38.9427" lon="-8.50355">
        <ele>15.22</ele>
      </trkpt>
      <trkpt lat="38.94221" lon="-8.50398">
        <ele>14.67</ele>
      </trkpt>
      <trkpt lat="38.94172" lon="-8.50442">
        <ele>17.34</ele>
      </trkpt>
      <trkpt lat="38.94124" lon="-8.50485">
        <ele>19.57</ele>
      </trkpt>
      <trkpt lat="38.9408" lon="-8.50526">
        <ele>19.01</ele>
      </trkpt>
      <trkpt lat="38.94067" lon="-8.50541">
        <ele>19.0</ele>
      </trkpt>
      <trkpt lat="38.94056" lon="-8.50558">
        <ele>19.26</ele>
      </trkpt>
      <trkpt lat="38.94046" lon="-8.50576">
        <ele>21.64</ele>
      </trkpt>
      <trkpt lat="38.9403" lon="-8.50617">
        <ele>21.98</ele>
      </trkpt>
      <trkpt lat="38.94025" lon="-8.50638">
        <ele>22.3</ele>
      </trkpt>
      <trkpt lat="38.94013" lon="-8.50731">
        <ele>26.76</ele>
      </trkpt>
      <trkpt lat="38.94003" lon="-8.50819">
        <ele>27.33</ele>
      </trkpt>
      <trkpt lat="38.93995" lon="-8.50899">
        <ele>24.84</ele>
      </trkpt>
      <trkpt lat="38.93989" lon="-8.50946">
        <ele>26.17</ele>
      </trkpt>
      <trkpt lat="38.93985" lon="-8.5098">
        <ele>25.31</ele>
      </trkpt>
      <trkpt lat="38.93981" lon="-8.51">
        <ele>24.63</ele>
      </trkpt>
      <trkpt lat="38.93978" lon="-8.51006">
        <ele>24.24</ele>
      </trkpt>
      <trkpt lat="38.93973" lon="-8.51011">
        <ele>23.67</ele>
      </trkpt>
      <trkpt lat="38.93967" lon="-8.51013">
        <ele>23.44</ele>
      </trkpt>
      <trkpt lat="38.93962" lon="-8.5101">
        <ele>23.51</ele>
      </trkpt>
      <trkpt lat="38.93955" lon="-8.51004">
        <ele>23.77</ele>
      </trkpt>
      <trkpt lat="38.93933" lon="-8.50978">
        <ele>24.14</ele>
      </trkpt>
      <trkpt lat="38.93904" lon="-8.50947">
        <ele>23.95</ele>
      </trkpt>
      <trkpt lat="38.93856" lon="-8.50895">
        <ele>23.31</ele>
      </trkpt>
      <trkpt lat="38.93801" lon="-8.50837">
        <ele>22.89</ele>
      </trkpt>
      <trkpt lat="38.93787" lon="-8.50822">
        <ele>23.27</ele>
      </trkpt>
      <trkpt lat="38.93744" lon="-8.50777">
        <ele>24.03</ele>
      </trkpt>
      <trkpt lat="38.93699" lon="-8.5073">
        <ele>25.88</ele>
      </trkpt>
      <trkpt lat="38.93669" lon="-8.50699">
        <ele>27.75</ele>
      </trkpt>
      <trkpt lat="38.93625" lon="-8.50654">
        <ele>29.27</ele>
      </trkpt>
      <trkpt lat="38.9361" lon="-8.5064">
        <ele>29.0</ele>
      </trkpt>
      <trkpt lat="38.93581" lon="-8.50615">
        <ele>28.38</ele>
      </trkpt>
      <trkpt lat="38.93552" lon="-8.5059">
        <ele>30.09</ele>
      </trkpt>
      <trkpt lat="38.93494" lon="-8.50543">
        <ele>29.84</ele>
      </trkpt>
      <trkpt lat="38.9348" lon="-8.50532">
        <ele>28.28</ele>
      </trkpt>
      <trkpt lat="38.93423" lon="-8.50486">
        <ele>32.82</ele>
      </trkpt>
      <trkpt lat="38.93364" lon="-8.50438">
        <ele>39.74</ele>
      </trkpt>
      <trkpt lat="38.93348" lon="-8.50426">
        <ele>40.24</ele>
      </trkpt>
      <trkpt lat="38.93298" lon="-8.50391">
        <ele>32.26</ele>
      </trkpt>
      <trkpt lat="38.93264" lon="-8.50368">
        <ele>31.12</ele>
      </trkpt>
      <trkpt lat="38.93229" lon="-8.50345">
        <ele>32.64</ele>
      </trkpt>
      <trkpt lat="38.93176" lon="-8.50309">
        <ele>31.3</ele>
      </trkpt>
      <trkpt lat="38.9314" lon="-8.50285">
        <ele>31.36</ele>
      </trkpt>
      <trkpt lat="38.93086" lon="-8.50248">
        <ele>33.68</ele>
      </trkpt>
      <trkpt lat="38.93031" lon="-8.50209">
        <ele>35.96</ele>
      </trkpt>
      <trkpt lat="38.92994" lon="-8.50183">
        <ele>37.64</ele>
      </trkpt>
      <trkpt lat="38.92975" lon="-8.5017">
        <ele>36.25</ele>
      </trkpt>
      <trkpt lat="38.92918" lon="-8.5013">
        <ele>40.07</ele>
      </trkpt>
      <trkpt lat="38.92899" lon="-8.50116">
        <ele>38.72</ele>
      </trkpt>
      <trkpt lat="38.9284" lon="-8.50075">
        <ele>36.86</ele>
      </trkpt>
      <trkpt lat="38.928" lon="-8.50047">
        <ele>35.25</ele>
      </trkpt>
      <trkpt lat="38.92741" lon="-8.50005">
        <ele>40.34</ele>
      </trkpt>
      <trkpt lat="38.92721" lon="-8.49991">
        <ele>41.73</ele>
      </trkpt>
      <trkpt lat="38.92701" lon="-8.49977">
        <ele>42.57</ele>
      </trkpt>
      <trkpt lat="38.92642" lon="-8.49936">
        <ele>41.74</ele>
      </trkpt>
      <trkpt lat="38.92622" lon="-8.49922">
        <ele>41.28</ele>
      </trkpt>
      <trkpt lat="38.92562" lon="-8.4988">
        <ele>40.14</ele>
      </trkpt>
      <trkpt lat="38.92501" lon="-8.49838">
        <ele>46.5</ele>
      </trkpt>
      <trkpt lat="38.92442" lon="-8.49797">
        <ele>47.6</ele>
      </trkpt>
      <trkpt lat="38.92423" lon="-8.49783">
        <ele>46.42</ele>
      </trkpt>
      <trkpt lat="38.92365" lon="-8.49743">
        <ele>46.71</ele>
      </trkpt>
      <trkpt lat="38.92327" lon="-8.49715">
        <ele>48.58</ele>
      </trkpt>
      <trkpt lat="38.9229" lon="-8.49692">
        <ele>50.31</ele>
      </trkpt>
      <trkpt lat="38.92252" lon="-8.49673">
        <ele>54.02</ele>
      </trkpt>
      <trkpt lat="38.92195" lon="-8.49646">
        <ele>49.29</ele>
      </trkpt>
      <trkpt lat="38.9214" lon="-8.49619">
        <ele>46.74</ele>
      </trkpt>
      <trkpt lat="38.92085" lon="-8.49595">
        <ele>45.95</ele>
      </trkpt>
      <trkpt lat="38.92027" lon="-8.49576">
        <ele>46.72</ele>
      </trkpt>
      <trkpt lat="38.92008" lon="-8.49571">
        <ele>46.48</ele>
      </trkpt>
      <trkpt lat="38.91947" lon="-8.49559">
        <ele>48.96</ele>
      </trkpt>
      <trkpt lat="38.91889" lon="-8.49548">
        <ele>48.91</ele>
      </trkpt>
      <trkpt lat="38.9187" lon="-8.49545">
        <ele>50.97</ele>
      </trkpt>
      <trkpt lat="38.91816" lon="-8.49536">
        <ele>53.33</ele>
      </trkpt>
      <trkpt lat="38.91783" lon="-8.49531">
        <ele>53.51</ele>
      </trkpt>
      <trkpt lat="38.91724" lon="-8.49521">
        <ele>49.99</ele>
      </trkpt>
      <trkpt lat="38.91707" lon="-8.49518">
        <ele>50.14</ele>
      </trkpt>
      <trkpt lat="38.91679" lon="-8.49512">
        <ele>44.7</ele>
      </trkpt>
      <trkpt lat="38.91655" lon="-8.49501">
        <ele>40.98</ele>
      </trkpt>
      <trkpt lat="38.91633" lon="-8.49481">
        <ele>43.75</ele>
      </trkpt>
      <trkpt lat="38.91624" lon="-8.49468">
        <ele>45.91</ele>
      </trkpt>
      <trkpt lat="38.91586" lon="-8.49408">
        <ele>48.41</ele>
      </trkpt>
      <trkpt lat="38.91546" lon="-8.49343">
        <ele>49.69</ele>
      </trkpt>
      <trkpt lat="38.91526" lon="-8.49312">
        <ele>51.06</ele>
      </trkpt>
      <trkpt lat="38.91482" lon="-8.49263">
        <ele>50.32</ele>
      </trkpt>
      <trkpt lat="38.91427" lon="-8.49217">
        <ele>51.07</ele>
      </trkpt>
      <trkpt lat="38.91394" lon="-8.49196">
        <ele>55.39</ele>
      </trkpt>
      <trkpt lat="38.91383" lon="-8.49192">
        <ele>55.17</ele>
      </trkpt>
      <trkpt lat="38.91358" lon="-8.49183">
        <ele>53.12</ele>
      </trkpt>
      <trkpt lat="38.91322" lon="-8.49161">
        <ele>49.6</ele>
      </trkpt>
      <trkpt lat="38.91285" lon="-8.49141">
        <ele>48.92</ele>
      </trkpt>
      <trkpt lat="38.9123" lon="-8.49111">
        <ele>45.57</ele>
      </trkpt>
      <trkpt lat="38.91216" lon="-8.49103">
        <ele>47.5</ele>
      </trkpt>
      <trkpt lat="38.91155" lon="-8.49073">
        <ele>50.51</ele>
      </trkpt>
      <trkpt lat="38.91139" lon="-8.49067">
        <ele>50.0</ele>
      </trkpt>
      <trkpt lat="38.91093" lon="-8.49048">
        <ele>50.53</ele>
      </trkpt>
      <trkpt lat="38.91034" lon="-8.49027">
        <ele>51.22</ele>
      </trkpt>
      <trkpt lat="38.90986" lon="-8.49013">
        <ele>46.46</ele>
      </trkpt>
      <trkpt lat="38.90948" lon="-8.49011">
        <ele>47.4</ele>
      </trkpt>
      <trkpt lat="38.90914" lon="-8.49004">
        <ele>49.87</ele>
      </trkpt>
      <trkpt lat="38.90866" lon="-8.48981">
        <ele>51.37</ele>
      </trkpt>
      <trkpt lat="38.90838" lon="-8.4895">
        <ele>53.5</ele>
      </trkpt>
      <trkpt lat="38.90819" lon="-8.48929">
        <ele>52.97</ele>
      </trkpt>
      <trkpt lat="38.90809" lon="-8.48921">
        <ele>52.25</ele>
      </trkpt>
      <trkpt lat="38.90798" lon="-8.48915">
        <ele>50.82</ele>
      </trkpt>
      <trkpt lat="38.9076" lon="-8.48901">
        <ele>48.64</ele>
      </trkpt>
      <trkpt lat="38.90704" lon="-8.48879">
        <ele>51.98</ele>
      </trkpt>
      <trkpt lat="38.90678" lon="-8.48869">
        <ele>54.48</ele>
      </trkpt>
      <trkpt lat="38.90662" lon="-8.48859">
        <ele>54.87</ele>
      </trkpt>
      <trkpt lat="38.90649" lon="-8.48849">
        <ele>53.97</ele>
      </trkpt>
      <trkpt lat="38.90637" lon="-8.48838">
        <ele>52.6</ele>
      </trkpt>
      <trkpt lat="38.90586" lon="-8.48791">
        <ele>55.91</ele>
      </trkpt>
      <trkpt lat="38.90528" lon="-8.48751">
        <ele>56.93</ele>
      </trkpt>
      <trkpt lat="38.90513" lon="-8.48741">
        <ele>55.42</ele>
      </trkpt>
      <trkpt lat="38.90459" lon="-8.487">
        <ele>54.8</ele>
      </trkpt>
      <trkpt lat="38.90447" lon="-8.48689">
        <ele>55.18</ele>
      </trkpt>
      <trkpt lat="38.90411" lon="-8.4866">
        <ele>53.95</ele>
      </trkpt>
      <trkpt lat="38.90397" lon="-8.48654">
        <ele>53.68</ele>
      </trkpt>
      <trkpt lat="38.90338" lon="-8.48636">
        <ele>55.76</ele>
      </trkpt>
      <trkpt lat="38.90276" lon="-8.48608">
        <ele>56.43</ele>
      </trkpt>
      <trkpt lat="38.9026" lon="-8.48601">
        <ele>59.56</ele>
      </trkpt>
      <trkpt lat="38.90245" lon="-8.48594">
        <ele>61.51</ele>
      </trkpt>
      <trkpt lat="38.9021" lon="-8.48572">
        <ele>59.65</ele>
      </trkpt>
      <trkpt lat="38.90187" lon="-8.48554">
        <ele>58.21</ele>
      </trkpt>
      <trkpt lat="38.90137" lon="-8.48514">
        <ele>64.92</ele>
      </trkpt>
      <trkpt lat="38.90097" lon="-8.48485">
        <ele>66.09</ele>
      </trkpt>
      <trkpt lat="38.90045" lon="-8.48447">
        <ele>66.65</ele>
      </trkpt>
      <trkpt lat="38.90035" lon="-8.4844">
        <ele>66.14</ele>
      </trkpt>
      <trkpt lat="38.90024" lon="-8.48434">
        <ele>66.03</ele>
      </trkpt>
      <trkpt lat="38.89991" lon="-8.48416">
        <ele>68.61</ele>
      </trkpt>
      <trkpt lat="38.89954" lon="-8.48396">
        <ele>67.61</ele>
      </trkpt>
      <trkpt lat="38.89943" lon="-8.48389">
        <ele>67.05</ele>
      </trkpt>
      <trkpt lat="38.89885" lon="-8.48358">
        <ele>68.94</ele>
      </trkpt>
      <trkpt lat="38.89861" lon="-8.48349">
        <ele>67.86</ele>
      </trkpt>
      <trkpt lat="38.8985" lon="-8.48346">
        <ele>66.67</ele>
      </trkpt>
      <trkpt lat="38.8979" lon="-8.48331">
        <ele>68.37</ele>
      </trkpt>
      <trkpt lat="38.89731" lon="-8.48307">
        <ele>70.76</ele>
      </trkpt>
      <trkpt lat="38.89707" lon="-8.48298">
        <ele>69.81</ele>
      </trkpt>
      <trkpt lat="38.89663" lon="-8.48279">
        <ele>66.09</ele>
      </trkpt>
      <trkpt lat="38.89653" lon="-8.48273">
        <ele>66.08</ele>
      </trkpt>
      <trkpt lat="38.89634" lon="-8.48256">
        <ele>67.17</ele>
      </trkpt>
      <trkpt lat="38.89626" lon="-8.48245">
        <ele>68.19</ele>
      </trkpt>
      <trkpt lat="38.89617" lon="-8.48233">
        <ele>69.67</ele>
      </trkpt>
      <trkpt lat="38.89578" lon="-8.4818">
        <ele>70.01</ele>
      </trkpt>
      <trkpt lat="38.89561" lon="-8.48155">
        <ele>70.8</ele>
      </trkpt>
      <trkpt lat="38.89531" lon="-8.48113">
        <ele>71.06</ele>
      </trkpt>
      <trkpt lat="38.89522" lon="-8.48104">
        <ele>70.89</ele>
      </trkpt>
      <trkpt lat="38.89503" lon="-8.48089">
        <ele>70.72</ele>
      </trkpt>
      <trkpt lat="38.89493" lon="-8.48084">
        <ele>71.47</ele>
      </trkpt>
      <trkpt lat="38.89472" lon="-8.48076">
        <ele>73.03</ele>
      </trkpt>
      <trkpt lat="38.89462" lon="-8.48074">
        <ele>74.35</ele>
      </trkpt>
      <trkpt lat="38.89451" lon="-8.48073">
        <ele>75.77</ele>
      </trkpt>
      <trkpt lat="38.89428" lon="-8.48071">
        <ele>79.45</ele>
      </trkpt>
      <trkpt lat="38.89405" lon="-8.48066">
        <ele>82.57</ele>
      </trkpt>
      <trkpt lat="38.89393" lon="-8.48063">
        <ele>83.83</ele>
      </trkpt>
      <trkpt lat="38.8935" lon="-8.48046">
        <ele>82.4</ele>
      </trkpt>
      <trkpt lat="38.8934" lon="-8.48041">
        <ele>80.96</ele>
      </trkpt>
      <trkpt lat="38.89311" lon="-8.48019">
        <ele>79.2</ele>
      </trkpt>
      <trkpt lat="38.89271" lon="-8.47986">
        <ele>78.24</ele>
      </trkpt>
      <trkpt lat="38.89232" lon="-8.47953">
        <ele>77.1</ele>
      </trkpt>
      <trkpt lat="38.89191" lon="-8.4792">
        <ele>79.2</ele>
      </trkpt>
      <trkpt lat="38.89169" lon="-8.47905">
        <ele>80.94</ele>
      </trkpt>
      <trkpt lat="38.8912" lon="-8.47863">
        <ele>79.57</ele>
      </trkpt>
      <trkpt lat="38.89071" lon="-8.47818">
        <ele>81.4</ele>
      </trkpt>
      <trkpt lat="38.89041" lon="-8.47788">
        <ele>80.37</ele>
      </trkpt>
      <trkpt lat="38.88989" lon="-8.47737">
        <ele>79.49</ele>
      </trkpt>
      <trkpt lat="38.88979" lon="-8.47726">
        <ele>78.7</ele>
      </trkpt>
      <trkpt lat="38.88929" lon="-8.47678">
        <ele>76.59</ele>
      </trkpt>
      <trkpt lat="38.88896" lon="-8.47647">
        <ele>78.67</ele>
      </trkpt>
      <trkpt lat="38.88841" lon="-8.47602">
        <ele>76.95</ele>
      </trkpt>
      <trkpt lat="38.88818" lon="-8.47584">
        <ele>76.56</ele>
      </trkpt>
      <trkpt lat="38.88779" lon="-8.47542">
        <ele>76.09</ele>
      </trkpt>
      <trkpt lat="38.88749" lon="-8.47497">
        <ele>73.78</ele>
      </trkpt>
      <trkpt lat="38.88742" lon="-8.47486">
        <ele>72.63</ele>
      </trkpt>
      <trkpt lat="38.88723" lon="-8.47453">
        <ele>69.41</ele>
      </trkpt>
      <trkpt lat="38.88709" lon="-8.47432">
        <ele>68.76</ele>
      </trkpt>
      <trkpt lat="38.88695" lon="-8.4741">
        <ele>68.04</ele>
      </trkpt>
      <trkpt lat="38.88665" lon="-8.47363">
        <ele>67.01</ele>
      </trkpt>
      <trkpt lat="38.88651" lon="-8.4734">
        <ele>66.34</ele>
      </trkpt>
      <trkpt lat="38.88637" lon="-8.47316">
        <ele>64.87</ele>
      </trkpt>
      <trkpt lat="38.88623" lon="-8.47292">
        <ele>63.28</ele>
      </trkpt>
      <trkpt lat="38.88617" lon="-8.47282">
        <ele>62.64</ele>
      </trkpt>
      <trkpt lat="38.88602" lon="-8.47255">
        <ele>61.4</ele>
      </trkpt>
      <trkpt lat="38.88587" lon="-8.4723">
        <ele>59.73</ele>
      </trkpt>
      <trkpt lat="38.88569" lon="-8.47206">
        <ele>60.08</ele>
      </trkpt>
      <trkpt lat="38.8855" lon="-8.47182">
        <ele>60.4</ele>
      </trkpt>
      <trkpt lat="38.88529" lon="-8.47161">
        <ele>62.12</ele>
      </trkpt>
      <trkpt lat="38.88519" lon="-8.47151">
        <ele>62.74</ele>
      </trkpt>
      <trkpt lat="38.88499" lon="-8.47131">
        <ele>64.32</ele>
      </trkpt>
      <trkpt lat="38.88468" lon="-8.47105">
        <ele>66.19</ele>
      </trkpt>
      <trkpt lat="38.88416" lon="-8.47063">
        <ele>63.18</ele>
      </trkpt>
      <trkpt lat="38.88383" lon="-8.47037">
        <ele>59.1</ele>
      </trkpt>
      <trkpt lat="38.88338" lon="-8.47">
        <ele>52.84</ele>
      </trkpt>
      <trkpt lat="38.88314" lon="-8.46985">
        <ele>50.45</ele>
      </trkpt>
      <trkpt lat="38.88302" lon="-8.46979">
        <ele>49.53</ele>
      </trkpt>
      <trkpt lat="38.88261" lon="-8.46967">
        <ele>47.23</ele>
      </trkpt>
      <trkpt lat="38.88247" lon="-8.46963">
        <ele>47.74</ele>
      </trkpt>
      <trkpt lat="38.88218" lon="-8.46957">
        <ele>48.53</ele>
      </trkpt>
      <trkpt lat="38.88189" lon="-8.46951">
        <ele>48.33</ele>
      </trkpt>
      <trkpt lat="38.88144" lon="-8.46941">
        <ele>48.94</ele>
      </trkpt>
      <trkpt lat="38.88083" lon="-8.46927">
        <ele>49.01</ele>
      </trkpt>
      <trkpt lat="38.88024" lon="-8.46915">
        <ele>52.11</ele>
      </trkpt>
      <trkpt lat="38.87995" lon="-8.46908">
        <ele>58.25</ele>
      </trkpt>
      <trkpt lat="38.87983" lon="-8.46906">
        <ele>58.75</ele>
      </trkpt>
      <trkpt lat="38.8795" lon="-8.46903">
        <ele>54.2</ele>
      </trkpt>
      <trkpt lat="38.87896" lon="-8.46909">
        <ele>52.12</ele>
      </trkpt>
      <trkpt lat="38.87884" lon="-8.46911">
        <ele>53.32</ele>
      </trkpt>
      <trkpt lat="38.8782" lon="-8.46923">
        <ele>52.04</ele>
      </trkpt>
      <trkpt lat="38.87761" lon="-8.46942">
        <ele>55.0</ele>
      </trkpt>
      <trkpt lat="38.87746" lon="-8.46947">
        <ele>56.91</ele>
      </trkpt>
      <trkpt lat="38.87716" lon="-8.46959">
        <ele>60.83</ele>
      </trkpt>
      <trkpt lat="38.87672" lon="-8.46973">
        <ele>63.86</ele>
      </trkpt>
      <trkpt lat="38.87612" lon="-8.46978">
        <ele>57.52</ele>
      </trkpt>
      <trkpt lat="38.87553" lon="-8.46979">
        <ele>63.42</ele>
      </trkpt>
      <trkpt lat="38.87538" lon="-8.46979">
        <ele>63.01</ele>
      </trkpt>
      <trkpt lat="38.87479" lon="-8.46977">
        <ele>55.69</ele>
      </trkpt>
      <trkpt lat="38.87423" lon="-8.46975">
        <ele>57.16</ele>
      </trkpt>
      <trkpt lat="38.87385" lon="-8.46973">
        <ele>58.76</ele>
      </trkpt>
      <trkpt lat="38.8734" lon="-8.46971">
        <ele>59.6</ele>
      </trkpt>
      <trkpt lat="38.87282" lon="-8.46969">
        <ele>58.5</ele>
      </trkpt>
      <trkpt lat="38.87221" lon="-8.46968">
        <ele>63.35</ele>
      </trkpt>
      <trkpt lat="38.87156" lon="-8.4697">
        <ele>58.94</ele>
      </trkpt>
      <trkpt lat="38.87142" lon="-8.46971">
        <ele>59.94</ele>
      </trkpt>
      <trkpt lat="38.87128" lon="-8.46972">
        <ele>61.17</ele>
      </trkpt>
      <trkpt lat="38.87085" lon="-8.46975">
        <ele>59.9</ele>
      </trkpt>
      <trkpt lat="38.87039" lon="-8.46978">
        <ele>58.57</ele>
      </trkpt>
      <trkpt lat="38.86979" lon="-8.46984">
        <ele>61.0</ele>
      </trkpt>
      <trkpt lat="38.86937" lon="-8.4699">
        <ele>67.0</ele>
      </trkpt>
      <trkpt lat="38.86876" lon="-8.47003">
        <ele>68.13</ele>
      </trkpt>
      <trkpt lat="38.86842" lon="-8.4701">
        <ele>64.5</ele>
      </trkpt>
      <trkpt lat="38.86781" lon="-8.47023">
        <ele>67.0</ele>
      </trkpt>
      <trkpt lat="38.86736" lon="-8.47031">
        <ele>63.04</ele>
      </trkpt>
      <trkpt lat="38.86709" lon="-8.47037">
        <ele>60.54</ele>
      </trkpt>
      <trkpt lat="38.8665" lon="-8.47051">
        <ele>63.34</ele>
      </trkpt>
      <trkpt lat="38.86619" lon="-8.47059">
        <ele>60.51</ele>
      </trkpt>
      <trkpt lat="38.86554" lon="-8.47072">
        <ele>63.85</ele>
      </trkpt>
      <trkpt lat="38.86542" lon="-8.47072">
        <ele>62.74</ele>
      </trkpt>
      <trkpt lat="38.86519" lon="-8.47066">
        <ele>61.23</ele>
      </trkpt>
      <trkpt lat="38.8651" lon="-8.47063">
        <ele>60.8</ele>
      </trkpt>
      <trkpt lat="38.86486" lon="-8.47048">
        <ele>60.41</ele>
      </trkpt>
      <trkpt lat="38.86429" lon="-8.4701">
        <ele>62.48</ele>
      </trkpt>
      <trkpt lat="38.86419" lon="-8.47001">
        <ele>62.11</ele>
      </trkpt>
      <trkpt lat="38.86371" lon="-8.46952">
        <ele>59.94</ele>
      </trkpt>
      <trkpt lat="38.86332" lon="-8.46902">
        <ele>60.02</ele>
      </trkpt>
      <trkpt lat="38.86326" lon="-8.46892">
        <ele>59.82</ele>
      </trkpt>
      <trkpt lat="38.86292" lon="-8.46846">
        <ele>62.55</ele>
      </trkpt>
      <trkpt lat="38.86244" lon="-8.46792">
        <ele>60.98</ele>
      </trkpt>
      <trkpt lat="38.86237" lon="-8.46784">
        <ele>61.29</ele>
      </trkpt>
      <trkpt lat="38.86193" lon="-8.46741">
        <ele>63.56</ele>
      </trkpt>
      <trkpt lat="38.86184" lon="-8.46733">
        <ele>63.39</ele>
      </trkpt>
      <trkpt lat="38.86139" lon="-8.4669">
        <ele>60.17</ele>
      </trkpt>
      <trkpt lat="38.8613" lon="-8.46679">
        <ele>58.88</ele>
      </trkpt>
      <trkpt lat="38.86122" lon="-8.46668">
        <ele>56.81</ele>
      </trkpt>
      <trkpt lat="38.86122" lon="-8.46668">
        <ele>56.81</ele>
      </trkpt>
      <trkpt lat="38.8611" lon="-8.46647">
        <ele>53.96</ele>
      </trkpt>
      <trkpt lat="38.86093" lon="-8.46598">
        <ele>54.97</ele>
      </trkpt>
      <trkpt lat="38.86073" lon="-8.46538">
        <ele>56.0</ele>
      </trkpt>
      <trkpt lat="38.86049" lon="-8.46474">
        <ele>57.15</ele>
      </trkpt>
      <trkpt lat="38.86036" lon="-8.46442">
        <ele>57.3</ele>
      </trkpt>
      <trkpt lat="38.8601" lon="-8.46378">
        <ele>57.89</ele>
      </trkpt>
      <trkpt lat="38.85995" lon="-8.46345">
        <ele>59.1</ele>
      </trkpt>
      <trkpt lat="38.85966" lon="-8.46283">
        <ele>57.76</ele>
      </trkpt>
      <trkpt lat="38.8595" lon="-8.46254">
        <ele>58.4</ele>
      </trkpt>
      <trkpt lat="38.85912" lon="-8.46185">
        <ele>59.84</ele>
      </trkpt>
      <trkpt lat="38.85904" lon="-8.46173">
        <ele>60.54</ele>
      </trkpt>
      <trkpt lat="38.85873" lon="-8.46111">
        <ele>59.29</ele>
      </trkpt>
      <trkpt lat="38.85867" lon="-8.46099">
        <ele>59.07</ele>
      </trkpt>
      <trkpt lat="38.85838" lon="-8.46044">
        <ele>60.66</ele>
      </trkpt>
      <trkpt lat="38.85825" lon="-8.46021">
        <ele>60.0</ele>
      </trkpt>
      <trkpt lat="38.85819" lon="-8.4601">
        <ele>59.32</ele>
      </trkpt>
      <trkpt lat="38.85807" lon="-8.45991">
        <ele>59.47</ele>
      </trkpt>
      <trkpt lat="38.85784" lon="-8.45962">
        <ele>60.35</ele>
      </trkpt>
      <trkpt lat="38.85753" lon="-8.45925">
        <ele>62.16</ele>
      </trkpt>
      <trkpt lat="38.85706" lon="-8.45869">
        <ele>62.88</ele>
      </trkpt>
      <trkpt lat="38.85656" lon="-8.45817">
        <ele>63.85</ele>
      </trkpt>
      <trkpt lat="38.85644" lon="-8.45804">
        <ele>64.23</ele>
      </trkpt>
      <trkpt lat="38.85622" lon="-8.45783">
        <ele>63.76</ele>
      </trkpt>
      <trkpt lat="38.85579" lon="-8.4573">
        <ele>59.24</ele>
      </trkpt>
      <trkpt lat="38.8555" lon="-8.45677">
        <ele>61.45</ele>
      </trkpt>
      <trkpt lat="38.85522" lon="-8.45611">
        <ele>59.0</ele>
      </trkpt>
      <trkpt lat="38.85501" lon="-8.45552">
        <ele>63.99</ele>
      </trkpt>
      <trkpt lat="38.85475" lon="-8.45486">
        <ele>61.86</ele>
      </trkpt>
      <trkpt lat="38.85445" lon="-8.45408">
        <ele>62.31</ele>
      </trkpt>
      <trkpt lat="38.85428" lon="-8.45365">
        <ele>62.51</ele>
      </trkpt>
      <trkpt lat="38.85403" lon="-8.45303">
        <ele>63.11</ele>
      </trkpt>
      <trkpt lat="38.85395" lon="-8.45282">
        <ele>63.29</ele>
      </trkpt>
      <trkpt lat="38.85379" lon="-8.4524">
        <ele>63.32</ele>
      </trkpt>
      <trkpt lat="38.85355" lon="-8.45178">
        <ele>62.88</ele>
      </trkpt>
      <trkpt lat="38.85331" lon="-8.4512">
        <ele>62.65</ele>
      </trkpt>
      <trkpt lat="38.85304" lon="-8.45049">
        <ele>67.74</ele>
      </trkpt>
      <trkpt lat="38.85297" lon="-8.45032">
        <ele>71.94</ele>
      </trkpt>
      <trkpt lat="38.85278" lon="-8.44965">
        <ele>79.79</ele>
      </trkpt>
      <trkpt lat="38.8526" lon="-8.44889">
        <ele>70.81</ele>
      </trkpt>
      <trkpt lat="38.85253" lon="-8.44855">
        <ele>67.6</ele>
      </trkpt>
      <trkpt lat="38.85236" lon="-8.44778">
        <ele>68.5</ele>
      </trkpt>
      <trkpt lat="38.85225" lon="-8.44739">
        <ele>73.44</ele>
      </trkpt>
      <trkpt lat="38.85212" lon="-8.44692">
        <ele>68.16</ele>
      </trkpt>
      <trkpt lat="38.85206" lon="-8.44662">
        <ele>65.97</ele>
      </trkpt>
      <trkpt lat="38.85206" lon="-8.44649">
        <ele>65.89</ele>
      </trkpt>
      <trkpt lat="38.85207" lon="-8.4464">
        <ele>65.91</ele>
      </trkpt>
      <trkpt lat="38.85211" lon="-8.44602">
        <ele>66.53</ele>
      </trkpt>
      <trkpt lat="38.85206" lon="-8.44548">
        <ele>68.2</ele>
      </trkpt>
      <trkpt lat="38.85195" lon="-8.44467">
        <ele>70.18</ele>
      </trkpt>
      <trkpt lat="38.85187" lon="-8.44421">
        <ele>68.88</ele>
      </trkpt>
      <trkpt lat="38.85183" lon="-8.44405">
        <ele>68.7</ele>
      </trkpt>
      <trkpt lat="38.85186" lon="-8.44393">
        <ele>66.91</ele>
      </trkpt>
      <trkpt lat="38.8519" lon="-8.44386">
        <ele>65.77</ele>
      </trkpt>
      <trkpt lat="38.85193" lon="-8.44377">
        <ele>65.22</ele>
      </trkpt>
      <trkpt lat="38.85197" lon="-8.44353">
        <ele>64.64</ele>
      </trkpt>
      <trkpt lat="38.85195" lon="-8.44321">
        <ele>64.44</ele>
      </trkpt>
      <trkpt lat="38.8518" lon="-8.44265">
        <ele>65.04</ele>
      </trkpt>
      <trkpt lat="38.85156" lon="-8.44181">
        <ele>64.84</ele>
      </trkpt>
      <trkpt lat="38.85138" lon="-8.4409">
        <ele>65.09</ele>
      </trkpt>
      <trkpt lat="38.85134" lon="-8.44067">
        <ele>66.7</ele>
      </trkpt>
      <trkpt lat="38.85122" lon="-8.43998">
        <ele>68.13</ele>
      </trkpt>
      <trkpt lat="38.85111" lon="-8.43928">
        <ele>67.59</ele>
      </trkpt>
      <trkpt lat="38.85104" lon="-8.43856">
        <ele>67.67</ele>
      </trkpt>
      <trkpt lat="38.85099" lon="-8.4381">
        <ele>70.28</ele>
      </trkpt>
      <trkpt lat="38.85091" lon="-8.43745">
        <ele>71.31</ele>
      </trkpt>
      <trkpt lat="38.85083" lon="-8.43681">
        <ele>74.91</ele>
      </trkpt>
      <trkpt lat="38.85073" lon="-8.43619">
        <ele>73.22</ele>
      </trkpt>
      <trkpt lat="38.8507" lon="-8.43604">
        <ele>73.43</ele>
      </trkpt>
      <trkpt lat="38.85064" lon="-8.43581">
        <ele>73.97</ele>
      </trkpt>
      <trkpt lat="38.85051" lon="-8.43545">
        <ele>73.8</ele>
      </trkpt>
      <trkpt lat="38.85023" lon="-8.43485">
        <ele>74.81</ele>
      </trkpt>
      <trkpt lat="38.85018" lon="-8.43453">
        <ele>74.3</ele>
      </trkpt>
      <trkpt lat="38.85018" lon="-8.43436">
        <ele>74.8</ele>
      </trkpt>
      <trkpt lat="38.85015" lon="-8.43369">
        <ele>76.74</ele>
      </trkpt>
      <trkpt lat="38.8501" lon="-8.43292">
        <ele>74.38</ele>
      </trkpt>
      <trkpt lat="38.85013" lon="-8.43223">
        <ele>73.59</ele>
      </trkpt>
      <trkpt lat="38.85012" lon="-8.43196">
        <ele>71.82</ele>
      </trkpt>
      <trkpt lat="38.85008" lon="-8.43168">
        <ele>73.09</ele>
      </trkpt>
      <trkpt lat="38.85001" lon="-8.43093">
        <ele>77.49</ele>
      </trkpt>
      <trkpt lat="38.84994" lon="-8.4305">
        <ele>79.97</ele>
      </trkpt>
      <trkpt lat="38.84973" lon="-8.42996">
        <ele>78.14</ele>
      </trkpt>
      <trkpt lat="38.84959" lon="-8.42971">
        <ele>79.98</ele>
      </trkpt>
      <trkpt lat="38.8495" lon="-8.4296">
        <ele>80.69</ele>
      </trkpt>
      <trkpt lat="38.84941" lon="-8.42949">
        <ele>81.62</ele>
      </trkpt>
      <trkpt lat="38.84908" lon="-8.42914">
        <ele>81.84</ele>
      </trkpt>
      <trkpt lat="38.84896" lon="-8.42899">
        <ele>79.81</ele>
      </trkpt>
      <trkpt lat="38.84891" lon="-8.42891">
        <ele>79.16</ele>
      </trkpt>
      <trkpt lat="38.84883" lon="-8.42874">
        <ele>78.89</ele>
      </trkpt>
      <trkpt lat="38.84878" lon="-8.42854">
        <ele>78.61</ele>
      </trkpt>
      <trkpt lat="38.84873" lon="-8.42821">
        <ele>78.68</ele>
      </trkpt>
      <trkpt lat="38.84874" lon="-8.4281">
        <ele>78.91</ele>
      </trkpt>
      <trkpt lat="38.84875" lon="-8.42799">
        <ele>78.88</ele>
      </trkpt>
      <trkpt lat="38.8488" lon="-8.42756">
        <ele>78.07</ele>
      </trkpt>
      <trkpt lat="38.84882" lon="-8.42693">
        <ele>79.26</ele>
      </trkpt>
      <trkpt lat="38.84884" lon="-8.42684">
        <ele>79.24</ele>
      </trkpt>
      <trkpt lat="38.84887" lon="-8.42676">
        <ele>79.11</ele>
      </trkpt>
      <trkpt lat="38.84892" lon="-8.42669">
        <ele>79.02</ele>
      </trkpt>
      <trkpt lat="38.84897" lon="-8.42664">
        <ele>79.0</ele>
      </trkpt>
      <trkpt lat="38.84913" lon="-8.42654">
        <ele>79.0</ele>
      </trkpt>
      <trkpt lat="38.8492" lon="-8.42652">
        <ele>79.42</ele>
      </trkpt>
      <trkpt lat="38.84959" lon="-8.42629">
        <ele>81.65</ele>
      </trkpt>
      <trkpt lat="38.85013" lon="-8.42598">
        <ele>77.38</ele>
      </trkpt>
      <trkpt lat="38.85025" lon="-8.42591">
        <ele>76.01</ele>
      </trkpt>
      <trkpt lat="38.85079" lon="-8.42558">
        <ele>75.07</ele>
      </trkpt>
      <trkpt lat="38.85104" lon="-8.42543">
        <ele>77.68</ele>
      </trkpt>
      <trkpt lat="38.85151" lon="-8.42511">
        <ele>85.21</ele>
      </trkpt>
      <trkpt lat="38.85186" lon="-8.42486">
        <ele>87.42</ele>
      </trkpt>
      <trkpt lat="38.85211" lon="-8.42466">
        <ele>89.26</ele>
      </trkpt>
      <trkpt lat="38.85221" lon="-8.42458">
        <ele>89.78</ele>
      </trkpt>
      <trkpt lat="38.85231" lon="-8.4245">
        <ele>90.57</ele>
      </trkpt>
      <trkpt lat="38.8525" lon="-8.42436">
        <ele>93.39</ele>
      </trkpt>
      <trkpt lat="38.85259" lon="-8.42431">
        <ele>94.16</ele>
      </trkpt>
      <trkpt lat="38.85266" lon="-8.42426">
        <ele>94.78</ele>
      </trkpt>
      <trkpt lat="38.85274" lon="-8.4242">
        <ele>95.59</ele>
      </trkpt>
      <trkpt lat="38.85289" lon="-8.42409">
        <ele>97.12</ele>
      </trkpt>
      <trkpt lat="38.85297" lon="-8.42402">
        <ele>97.51</ele>
      </trkpt>
      <trkpt lat="38.85304" lon="-8.42395">
        <ele>97.52</ele>
      </trkpt>
      <trkpt lat="38.85326" lon="-8.4237">
        <ele>93.72</ele>
      </trkpt>
      <trkpt lat="38.85328" lon="-8.42367">
        <ele>93.19</ele>
      </trkpt>
      <trkpt lat="38.85343" lon="-8.42345">
        <ele>91.42</ele>
      </trkpt>
      <trkpt lat="38.85362" lon="-8.42314">
        <ele>91.09</ele>
      </trkpt>
      <trkpt lat="38.85368" lon="-8.42301">
        <ele>91.87</ele>
      </trkpt>
      <trkpt lat="38.85377" lon="-8.42275">
        <ele>93.19</ele>
      </trkpt>
      <trkpt lat="38.85383" lon="-8.42244">
        <ele>94.0</ele>
      </trkpt>
      <trkpt lat="38.85388" lon="-8.42212">
        <ele>94.93</ele>
      </trkpt>
      <trkpt lat="38.85392" lon="-8.42179">
        <ele>95.83</ele>
      </trkpt>
      <trkpt lat="38.85401" lon="-8.42097">
        <ele>97.64</ele>
      </trkpt>
      <trkpt lat="38.854" lon="-8.4208">
        <ele>96.68</ele>
      </trkpt>
      <trkpt lat="38.85398" lon="-8.4205">
        <ele>95.46</ele>
      </trkpt>
      <trkpt lat="38.85399" lon="-8.42015">
        <ele>94.44</ele>
      </trkpt>
      <trkpt lat="38.85402" lon="-8.41998">
        <ele>94.38</ele>
      </trkpt>
      <trkpt lat="38.85409" lon="-8.41934">
        <ele>95.38</ele>
      </trkpt>
      <trkpt lat="38.85414" lon="-8.41852">
        <ele>98.04</ele>
      </trkpt>
      <trkpt lat="38.85425" lon="-8.41792">
        <ele>98.24</ele>
      </trkpt>
      <trkpt lat="38.85427" lon="-8.41778">
        <ele>98.74</ele>
      </trkpt>
      <trkpt lat="38.85432" lon="-8.41736">
        <ele>99.56</ele>
      </trkpt>
      <trkpt lat="38.85439" lon="-8.41707">
        <ele>101.2</ele>
      </trkpt>
      <trkpt lat="38.8546" lon="-8.41657">
        <ele>104.43</ele>
      </trkpt>
      <trkpt lat="38.85472" lon="-8.41634">
        <ele>104.83</ele>
      </trkpt>
      <trkpt lat="38.8549" lon="-8.416">
        <ele>103.97</ele>
      </trkpt>
      <trkpt lat="38.85494" lon="-8.41594">
        <ele>103.37</ele>
      </trkpt>
      <trkpt lat="38.85495" lon="-8.41593">
        <ele>103.27</ele>
      </trkpt>
      <trkpt lat="38.855" lon="-8.41585">
        <ele>102.24</ele>
      </trkpt>
      <trkpt lat="38.85504" lon="-8.41579">
        <ele>101.83</ele>
      </trkpt>
      <trkpt lat="38.85513" lon="-8.41566">
        <ele>101.24</ele>
      </trkpt>
      <trkpt lat="38.85537" lon="-8.41533">
        <ele>103.7</ele>
      </trkpt>
      <trkpt lat="38.85549" lon="-8.41516">
        <ele>107.33</ele>
      </trkpt>
      <trkpt lat="38.85566" lon="-8.41499">
        <ele>109.28</ele>
      </trkpt>
      <trkpt lat="38.85575" lon="-8.41492">
        <ele>109.0</ele>
      </trkpt>
      <trkpt lat="38.85591" lon="-8.41481">
        <ele>108.53</ele>
      </trkpt>
      <trkpt lat="38.85601" lon="-8.41476">
        <ele>107.44</ele>
      </trkpt>
      <trkpt lat="38.8564" lon="-8.41462">
        <ele>107.47</ele>
      </trkpt>
      <trkpt lat="38.8565" lon="-8.4146">
        <ele>107.63</ele>
      </trkpt>
      <trkpt lat="38.85666" lon="-8.41455">
        <ele>107.64</ele>
      </trkpt>
      <trkpt lat="38.85692" lon="-8.41441">
        <ele>108.47</ele>
      </trkpt>
      <trkpt lat="38.85733" lon="-8.41428">
        <ele>108.22</ele>
      </trkpt>
      <trkpt lat="38.85769" lon="-8.41408">
        <ele>107.99</ele>
      </trkpt>
      <trkpt lat="38.85784" lon="-8.41397">
        <ele>107.35</ele>
      </trkpt>
      <trkpt lat="38.85791" lon="-8.41391">
        <ele>107.55</ele>
      </trkpt>
      <trkpt lat="38.85796" lon="-8.41382">
        <ele>107.66</ele>
      </trkpt>
      <trkpt lat="38.85807" lon="-8.41361">
        <ele>108.16</ele>
      </trkpt>
      <trkpt lat="38.85816" lon="-8.41334">
        <ele>110.1</ele>
      </trkpt>
      <trkpt lat="38.85825" lon="-8.41306">
        <ele>111.1</ele>
      </trkpt>
      <trkpt lat="38.85834" lon="-8.41279">
        <ele>112.1</ele>
      </trkpt>
      <trkpt lat="38.85847" lon="-8.41255">
        <ele>112.74</ele>
      </trkpt>
      <trkpt lat="38.85856" lon="-8.41246">
        <ele>112.81</ele>
      </trkpt>
      <trkpt lat="38.85873" lon="-8.41228">
        <ele>110.88</ele>
      </trkpt>
      <trkpt lat="38.8588" lon="-8.41219">
        <ele>110.89</ele>
      </trkpt>
      <trkpt lat="38.85886" lon="-8.41207">
        <ele>111.08</ele>
      </trkpt>
      <trkpt lat="38.85898" lon="-8.41181">
        <ele>112.48</ele>
      </trkpt>
      <trkpt lat="38.85906" lon="-8.41169">
        <ele>113.25</ele>
      </trkpt>
      <trkpt lat="38.85924" lon="-8.41147">
        <ele>113.38</ele>
      </trkpt>
      <trkpt lat="38.85962" lon="-8.41108">
        <ele>113.18</ele>
      </trkpt>
      <trkpt lat="38.85973" lon="-8.41097">
        <ele>114.04</ele>
      </trkpt>
      <trkpt lat="38.85984" lon="-8.41089">
        <ele>114.26</ele>
      </trkpt>
      <trkpt lat="38.85995" lon="-8.4108">
        <ele>114.67</ele>
      </trkpt>
      <trkpt lat="38.86024" lon="-8.41052">
        <ele>116.7</ele>
      </trkpt>
      <trkpt lat="38.8604" lon="-8.41028">
        <ele>116.88</ele>
      </trkpt>
      <trkpt lat="38.86046" lon="-8.41017">
        <ele>117.18</ele>
      </trkpt>
      <trkpt lat="38.86052" lon="-8.40999">
        <ele>117.62</ele>
      </trkpt>
      <trkpt lat="38.86056" lon="-8.40986">
        <ele>118.02</ele>
      </trkpt>
      <trkpt lat="38.86061" lon="-8.4097">
        <ele>118.13</ele>
      </trkpt>
      <trkpt lat="38.86067" lon="-8.40954">
        <ele>118.03</ele>
      </trkpt>
      <trkpt lat="38.86074" lon="-8.40938">
        <ele>118.25</ele>
      </trkpt>
      <trkpt lat="38.86083" lon="-8.40921">
        <ele>118.97</ele>
      </trkpt>
      <trkpt lat="38.861" lon="-8.40893">
        <ele>118.24</ele>
      </trkpt>
      <trkpt lat="38.86121" lon="-8.40851">
        <ele>117.71</ele>
      </trkpt>
      <trkpt lat="38.86127" lon="-8.40835">
        <ele>118.14</ele>
      </trkpt>
      <trkpt lat="38.86131" lon="-8.40819">
        <ele>118.43</ele>
      </trkpt>
      <trkpt lat="38.86137" lon="-8.40785">
        <ele>118.91</ele>
      </trkpt>
      <trkpt lat="38.8614" lon="-8.40767">
        <ele>118.94</ele>
      </trkpt>
      <trkpt lat="38.8615" lon="-8.40713">
        <ele>119.87</ele>
      </trkpt>
      <trkpt lat="38.86154" lon="-8.40701">
        <ele>120.29</ele>
      </trkpt>
      <trkpt lat="38.86159" lon="-8.40686">
        <ele>121.6</ele>
      </trkpt>
      <trkpt lat="38.86169" lon="-8.40661">
        <ele>125.19</ele>
      </trkpt>
      <trkpt lat="38.86178" lon="-8.40635">
        <ele>125.51</ele>
      </trkpt>
      <trkpt lat="38.86192" lon="-8.40614">
        <ele>125.01</ele>
      </trkpt>
      <trkpt lat="38.86214" lon="-8.406">
        <ele>124.88</ele>
      </trkpt>
      <trkpt lat="38.86225" lon="-8.40593">
        <ele>123.86</ele>
      </trkpt>
      <trkpt lat="38.86236" lon="-8.40586">
        <ele>124.08</ele>
      </trkpt>
      <trkpt lat="38.86259" lon="-8.40571">
        <ele>124.41</ele>
      </trkpt>
      <trkpt lat="38.8628" lon="-8.40552">
        <ele>129.19</ele>
      </trkpt>
      <trkpt lat="38.86309" lon="-8.40522">
        <ele>124.96</ele>
      </trkpt>
      <trkpt lat="38.86331" lon="-8.40496">
        <ele>122.2</ele>
      </trkpt>
      <trkpt lat="38.86358" lon="-8.40452">
        <ele>124.78</ele>
      </trkpt>
      <trkpt lat="38.86389" lon="-8.404">
        <ele>123.4</ele>
      </trkpt>
      <trkpt lat="38.86405" lon="-8.40374">
        <ele>123.62</ele>
      </trkpt>
      <trkpt lat="38.86416" lon="-8.40347">
        <ele>125.94</ele>
      </trkpt>
      <trkpt lat="38.86418" lon="-8.4034">
        <ele>126.47</ele>
      </trkpt>
      <trkpt lat="38.86419" lon="-8.40326">
        <ele>126.98</ele>
      </trkpt>
      <trkpt lat="38.86422" lon="-8.40313">
        <ele>127.23</ele>
      </trkpt>
      <trkpt lat="38.86426" lon="-8.40305">
        <ele>127.63</ele>
      </trkpt>
      <trkpt lat="38.8644" lon="-8.4027">
        <ele>126.44</ele>
      </trkpt>
      <trkpt lat="38.86468" lon="-8.402">
        <ele>127.8</ele>
      </trkpt>
      <trkpt lat="38.86472" lon="-8.40171">
        <ele>131.37</ele>
      </trkpt>
      <trkpt lat="38.86476" lon="-8.40146">
        <ele>134.81</ele>
      </trkpt>
      <trkpt lat="38.86481" lon="-8.40115">
        <ele>137.09</ele>
      </trkpt>
      <trkpt lat="38.86481" lon="-8.40106">
        <ele>137.19</ele>
      </trkpt>
      <trkpt lat="38.86478" lon="-8.40089">
        <ele>136.58</ele>
      </trkpt>
      <trkpt lat="38.86479" lon="-8.40069">
        <ele>137.0</ele>
      </trkpt>
      <trkpt lat="38.86484" lon="-8.40026">
        <ele>136.83</ele>
      </trkpt>
      <trkpt lat="38.86491" lon="-8.39994">
        <ele>133.8</ele>
      </trkpt>
      <trkpt lat="38.86497" lon="-8.39949">
        <ele>129.02</ele>
      </trkpt>
      <trkpt lat="38.86496" lon="-8.39938">
        <ele>129.43</ele>
      </trkpt>
      <trkpt lat="38.86494" lon="-8.39926">
        <ele>130.18</ele>
      </trkpt>
      <trkpt lat="38.86487" lon="-8.39905">
        <ele>131.43</ele>
      </trkpt>
      <trkpt lat="38.86462" lon="-8.39855">
        <ele>130.84</ele>
      </trkpt>
      <trkpt lat="38.86434" lon="-8.39809">
        <ele>130.97</ele>
      </trkpt>
      <trkpt lat="38.86427" lon="-8.39799">
        <ele>130.24</ele>
      </trkpt>
      <trkpt lat="38.86391" lon="-8.39743">
        <ele>129.5</ele>
      </trkpt>
      <trkpt lat="38.8637" lon="-8.39713">
        <ele>132.93</ele>
      </trkpt>
      <trkpt lat="38.86355" lon="-8.39676">
        <ele>132.53</ele>
      </trkpt>
      <trkpt lat="38.86333" lon="-8.3961">
        <ele>128.11</ele>
      </trkpt>
      <trkpt lat="38.86325" lon="-8.39585">
        <ele>129.05</ele>
      </trkpt>
      <trkpt lat="38.86321" lon="-8.39573">
        <ele>129.41</ele>
      </trkpt>
      <trkpt lat="38.86308" lon="-8.39538">
        <ele>130.5</ele>
      </trkpt>
      <trkpt lat="38.86278" lon="-8.39474">
        <ele>133.94</ele>
      </trkpt>
      <trkpt lat="38.86273" lon="-8.39465">
        <ele>134.6</ele>
      </trkpt>
      <trkpt lat="38.86256" lon="-8.39423">
        <ele>135.52</ele>
      </trkpt>
      <trkpt lat="38.86252" lon="-8.39412">
        <ele>135.1</ele>
      </trkpt>
      <trkpt lat="38.86242" lon="-8.39387">
        <ele>136.2</ele>
      </trkpt>
      <trkpt lat="38.86234" lon="-8.3937">
        <ele>137.59</ele>
      </trkpt>
      <trkpt lat="38.8623" lon="-8.39361">
        <ele>138.17</ele>
      </trkpt>
      <trkpt lat="38.8622" lon="-8.3934">
        <ele>140.22</ele>
      </trkpt>
      <trkpt lat="38.86207" lon="-8.3931">
        <ele>144.51</ele>
      </trkpt>
      <trkpt lat="38.86204" lon="-8.39301">
        <ele>145.72</ele>
      </trkpt>
      <trkpt lat="38.862" lon="-8.39291">
        <ele>147.26</ele>
      </trkpt>
      <trkpt lat="38.86192" lon="-8.39269">
        <ele>149.29</ele>
      </trkpt>
      <trkpt lat="38.86188" lon="-8.39258">
        <ele>149.55</ele>
      </trkpt>
      <trkpt lat="38.86181" lon="-8.39247">
        <ele>149.57</ele>
      </trkpt>
      <trkpt lat="38.86176" lon="-8.39238">
        <ele>149.62</ele>
      </trkpt>
      <trkpt lat="38.86172" lon="-8.39232">
        <ele>149.72</ele>
      </trkpt>
      <trkpt lat="38.86169" lon="-8.39224">
        <ele>149.94</ele>
      </trkpt>
      <trkpt lat="38.86165" lon="-8.39216">
        <ele>149.83</ele>
      </trkpt>
      <trkpt lat="38.86158" lon="-8.39195">
        <ele>149.37</ele>
      </trkpt>
      <trkpt lat="38.86153" lon="-8.39181">
        <ele>149.74</ele>
      </trkpt>
      <trkpt lat="38.86142" lon="-8.39161">
        <ele>150.52</ele>
      </trkpt>
      <trkpt lat="38.86138" lon="-8.39149">
        <ele>151.25</ele>
      </trkpt>
      <trkpt lat="38.86136" lon="-8.39123">
        <ele>152.98</ele>
      </trkpt>
      <trkpt lat="38.8614" lon="-8.391">
        <ele>153.18</ele>
      </trkpt>
      <trkpt lat="38.86144" lon="-8.39087">
        <ele>152.24</ele>
      </trkpt>
      <trkpt lat="38.86148" lon="-8.39076">
        <ele>151.74</ele>
      </trkpt>
      <trkpt lat="38.86157" lon="-8.39055">
        <ele>150.97</ele>
      </trkpt>
      <trkpt lat="38.86172" lon="-8.3901">
        <ele>149.12</ele>
      </trkpt>
      <trkpt lat="38.86179" lon="-8.38992">
        <ele>149.73</ele>
      </trkpt>
      <trkpt lat="38.86183" lon="-8.38985">
        <ele>150.13</ele>
      </trkpt>
      <trkpt lat="38.86188" lon="-8.38981">
        <ele>150.45</ele>
      </trkpt>
      <trkpt lat="38.86193" lon="-8.3898">
        <ele>150.67</ele>
      </trkpt>
      <trkpt lat="38.86197" lon="-8.3898">
        <ele>150.84</ele>
      </trkpt>
      <trkpt lat="38.86214" lon="-8.38982">
        <ele>151.6</ele>
      </trkpt>
      <trkpt lat="38.86222" lon="-8.38978">
        <ele>151.99</ele>
      </trkpt>
      <trkpt lat="38.86224" lon="-8.38972">
        <ele>152.19</ele>
      </trkpt>
      <trkpt lat="38.8623" lon="-8.38941">
        <ele>152.22</ele>
      </trkpt>
      <trkpt lat="38.86241" lon="-8.38891">
        <ele>148.26</ele>
      </trkpt>
      <trkpt lat="38.8625" lon="-8.38852">
        <ele>147.33</ele>
      </trkpt>
      <trkpt lat="38.8625" lon="-8.3884">
        <ele>147.76</ele>
      </trkpt>
      <trkpt lat="38.8625" lon="-8.38829">
        <ele>147.69</ele>
      </trkpt>
      <trkpt lat="38.86248" lon="-8.38808">
        <ele>146.23</ele>
      </trkpt>
      <trkpt lat="38.86247" lon="-8.38797">
        <ele>146.59</ele>
      </trkpt>
      <trkpt lat="38.86244" lon="-8.38787">
        <ele>146.97</ele>
      </trkpt>
      <trkpt lat="38.86236" lon="-8.38769">
        <ele>146.96</ele>
      </trkpt>
      <trkpt lat="38.86232" lon="-8.38761">
        <ele>146.69</ele>
      </trkpt>
      <trkpt lat="38.86228" lon="-8.38752">
        <ele>146.2</ele>
      </trkpt>
      <trkpt lat="38.86223" lon="-8.38732">
        <ele>146.41</ele>
      </trkpt>
      <trkpt lat="38.8622" lon="-8.38721">
        <ele>146.48</ele>
      </trkpt>
      <trkpt lat="38.86208" lon="-8.3868">
        <ele>144.22</ele>
      </trkpt>
      <trkpt lat="38.86207" lon="-8.38661">
        <ele>144.58</ele>
      </trkpt>
      <trkpt lat="38.8621" lon="-8.38654">
        <ele>145.08</ele>
      </trkpt>
      <trkpt lat="38.86222" lon="-8.38638">
        <ele>145.96</ele>
      </trkpt>
      <trkpt lat="38.86238" lon="-8.38624">
        <ele>144.86</ele>
      </trkpt>
      <trkpt lat="38.86246" lon="-8.38617">
        <ele>143.86</ele>
      </trkpt>
      <trkpt lat="38.86263" lon="-8.38599">
        <ele>142.13</ele>
      </trkpt>
      <trkpt lat="38.86269" lon="-8.38588">
        <ele>141.34</ele>
      </trkpt>
      <trkpt lat="38.86274" lon="-8.38576">
        <ele>140.96</ele>
      </trkpt>
      <trkpt lat="38.86278" lon="-8.38564">
        <ele>141.01</ele>
      </trkpt>
      <trkpt lat="38.86282" lon="-8.38551">
        <ele>141.01</ele>
      </trkpt>
      <trkpt lat="38.86284" lon="-8.38509">
        <ele>140.45</ele>
      </trkpt>
      <trkpt lat="38.86287" lon="-8.38455">
        <ele>139.95</ele>
      </trkpt>
      <trkpt lat="38.86281" lon="-8.38427">
        <ele>140.65</ele>
      </trkpt>
      <trkpt lat="38.86277" lon="-8.38413">
        <ele>141.37</ele>
      </trkpt>
      <trkpt lat="38.86262" lon="-8.38363">
        <ele>146.76</ele>
      </trkpt>
      <trkpt lat="38.8626" lon="-8.38351">
        <ele>147.73</ele>
      </trkpt>
      <trkpt lat="38.86257" lon="-8.38325">
        <ele>148.85</ele>
      </trkpt>
      <trkpt lat="38.86251" lon="-8.38297">
        <ele>148.06</ele>
      </trkpt>
      <trkpt lat="38.86248" lon="-8.38283">
        <ele>147.77</ele>
      </trkpt>
      <trkpt lat="38.86236" lon="-8.38225">
        <ele>146.04</ele>
      </trkpt>
      <trkpt lat="38.86232" lon="-8.38197">
        <ele>145.12</ele>
      </trkpt>
      <trkpt lat="38.86229" lon="-8.38156">
        <ele>144.25</ele>
      </trkpt>
      <trkpt lat="38.86227" lon="-8.38143">
        <ele>143.52</ele>
      </trkpt>
      <trkpt lat="38.8622" lon="-8.38119">
        <ele>143.02</ele>
      </trkpt>
      <trkpt lat="38.86207" lon="-8.38097">
        <ele>142.72</ele>
      </trkpt>
      <trkpt lat="38.86191" lon="-8.38076">
        <ele>142.11</ele>
      </trkpt>
      <trkpt lat="38.86167" lon="-8.38047">
        <ele>143.37</ele>
      </trkpt>
      <trkpt lat="38.86158" lon="-8.38038">
        <ele>143.64</ele>
      </trkpt>
      <trkpt lat="38.86111" lon="-8.37991">
        <ele>142.31</ele>
      </trkpt>
      <trkpt lat="38.86103" lon="-8.37981">
        <ele>142.21</ele>
      </trkpt>
      <trkpt lat="38.86059" lon="-8.37932">
        <ele>141.47</ele>
      </trkpt>
      <trkpt lat="38.86051" lon="-8.37919">
        <ele>142.3</ele>
      </trkpt>
      <trkpt lat="38.86039" lon="-8.37902">
        <ele>142.05</ele>
      </trkpt>
      <trkpt lat="38.8603" lon="-8.37892">
        <ele>141.94</ele>
      </trkpt>
      <trkpt lat="38.86012" lon="-8.3788">
        <ele>142.71</ele>
      </trkpt>
      <trkpt lat="38.85974" lon="-8.37865">
        <ele>142.06</ele>
      </trkpt>
      <trkpt lat="38.85958" lon="-8.3785">
        <ele>142.6</ele>
      </trkpt>
      <trkpt lat="38.85952" lon="-8.37841">
        <ele>143.25</ele>
      </trkpt>
      <trkpt lat="38.85945" lon="-8.37832">
        <ele>144.12</ele>
      </trkpt>
      <trkpt lat="38.85917" lon="-8.37812">
        <ele>146.76</ele>
      </trkpt>
      <trkpt lat="38.85896" lon="-8.37799">
        <ele>146.08</ele>
      </trkpt>
      <trkpt lat="38.85878" lon="-8.37785">
        <ele>145.17</ele>
      </trkpt>
      <trkpt lat="38.85841" lon="-8.37754">
        <ele>143.21</ele>
      </trkpt>
      <trkpt lat="38.8583" lon="-8.37737">
        <ele>143.85</ele>
      </trkpt>
      <trkpt lat="38.85821" lon="-8.3772">
        <ele>144.93</ele>
      </trkpt>
      <trkpt lat="38.85795" lon="-8.37667">
        <ele>144.99</ele>
      </trkpt>
      <trkpt lat="38.8579" lon="-8.37657">
        <ele>145.35</ele>
      </trkpt>
      <trkpt lat="38.85784" lon="-8.37647">
        <ele>145.71</ele>
      </trkpt>
      <trkpt lat="38.85779" lon="-8.37623">
        <ele>146.03</ele>
      </trkpt>
      <trkpt lat="38.85777" lon="-8.37584">
        <ele>144.1</ele>
      </trkpt>
      <trkpt lat="38.85775" lon="-8.37571">
        <ele>143.58</ele>
      </trkpt>
      <trkpt lat="38.85767" lon="-8.37545">
        <ele>142.98</ele>
      </trkpt>
      <trkpt lat="38.8576" lon="-8.3752">
        <ele>143.44</ele>
      </trkpt>
      <trkpt lat="38.85736" lon="-8.37474">
        <ele>143.94</ele>
      </trkpt>
      <trkpt lat="38.85717" lon="-8.37433">
        <ele>144.11</ele>
      </trkpt>
      <trkpt lat="38.85699" lon="-8.37398">
        <ele>142.22</ele>
      </trkpt>
      <trkpt lat="38.85694" lon="-8.3739">
        <ele>142.06</ele>
      </trkpt>
      <trkpt lat="38.85685" lon="-8.3738">
        <ele>142.87</ele>
      </trkpt>
      <trkpt lat="38.85665" lon="-8.37359">
        <ele>143.82</ele>
      </trkpt>
      <trkpt lat="38.85622" lon="-8.37304">
        <ele>142.6</ele>
      </trkpt>
      <trkpt lat="38.85576" lon="-8.37243">
        <ele>143.54</ele>
      </trkpt>
      <trkpt lat="38.85567" lon="-8.37231">
        <ele>142.21</ele>
      </trkpt>
      <trkpt lat="38.85557" lon="-8.37219">
        <ele>140.32</ele>
      </trkpt>
      <trkpt lat="38.85549" lon="-8.37207">
        <ele>140.53</ele>
      </trkpt>
      <trkpt lat="38.85535" lon="-8.3718">
        <ele>140.4</ele>
      </trkpt>
      <trkpt lat="38.85525" lon="-8.37151">
        <ele>141.26</ele>
      </trkpt>
      <trkpt lat="38.85523" lon="-8.37137">
        <ele>142.06</ele>
      </trkpt>
      <trkpt lat="38.85511" lon="-8.37099">
        <ele>143.53</ele>
      </trkpt>
      <trkpt lat="38.85505" lon="-8.37087">
        <ele>144.63</ele>
      </trkpt>
      <trkpt lat="38.85499" lon="-8.37076">
        <ele>145.87</ele>
      </trkpt>
      <trkpt lat="38.85483" lon="-8.37057">
        <ele>147.94</ele>
      </trkpt>
      <trkpt lat="38.85458" lon="-8.37033">
        <ele>148.53</ele>
      </trkpt>
      <trkpt lat="38.85441" lon="-8.37019">
        <ele>149.83</ele>
      </trkpt>
      <trkpt lat="38.85425" lon="-8.37006">
        <ele>149.7</ele>
      </trkpt>
      <trkpt lat="38.85402" lon="-8.36987">
        <ele>148.91</ele>
      </trkpt>
      <trkpt lat="38.85394" lon="-8.36981">
        <ele>148.67</ele>
      </trkpt>
      <trkpt lat="38.85384" lon="-8.36978">
        <ele>148.48</ele>
      </trkpt>
      <trkpt lat="38.85366" lon="-8.36973">
        <ele>148.17</ele>
      </trkpt>
      <trkpt lat="38.8535" lon="-8.36961">
        <ele>148.08</ele>
      </trkpt>
      <trkpt lat="38.85304" lon="-8.36916">
        <ele>143.32</ele>
      </trkpt>
      <trkpt lat="38.85294" lon="-8.36904">
        <ele>144.66</ele>
      </trkpt>
      <trkpt lat="38.85285" lon="-8.36889">
        <ele>143.53</ele>
      </trkpt>
      <trkpt lat="38.85281" lon="-8.36877">
        <ele>143.28</ele>
      </trkpt>
      <trkpt lat="38.8528" lon="-8.36865">
        <ele>143.23</ele>
      </trkpt>
      <trkpt lat="38.85277" lon="-8.36831">
        <ele>143.86</ele>
      </trkpt>
      <trkpt lat="38.85273" lon="-8.36807">
        <ele>141.95</ele>
      </trkpt>
      <trkpt lat="38.85272" lon="-8.36778">
        <ele>143.36</ele>
      </trkpt>
      <trkpt lat="38.85266" lon="-8.36759">
        <ele>143.69</ele>
      </trkpt>
      <trkpt lat="38.85244" lon="-8.36721">
        <ele>144.33</ele>
      </trkpt>
      <trkpt lat="38.85231" lon="-8.36703">
        <ele>145.81</ele>
      </trkpt>
      <trkpt lat="38.85217" lon="-8.3669">
        <ele>147.08</ele>
      </trkpt>
      <trkpt lat="38.85201" lon="-8.36682">
        <ele>148.71</ele>
      </trkpt>
      <trkpt lat="38.852" lon="-8.36675">
        <ele>148.96</ele>
      </trkpt>
      <trkpt lat="38.852" lon="-8.36675">
        <ele>148.96</ele>
      </trkpt>
      <trkpt lat="38.85202" lon="-8.36671">
        <ele>149.1</ele>
      </trkpt>
      <trkpt lat="38.85212" lon="-8.36661">
        <ele>149.89</ele>
      </trkpt>
      <trkpt lat="38.85235" lon="-8.3664">
        <ele>151.5</ele>
      </trkpt>
      <trkpt lat="38.85282" lon="-8.36602">
        <ele>148.33</ele>
      </trkpt>
      <trkpt lat="38.85301" lon="-8.3659">
        <ele>148.76</ele>
      </trkpt>
      <trkpt lat="38.85311" lon="-8.36589">
        <ele>148.41</ele>
      </trkpt>
      <trkpt lat="38.85321" lon="-8.36591">
        <ele>148.03</ele>
      </trkpt>
      <trkpt lat="38.8534" lon="-8.36601">
        <ele>148.76</ele>
      </trkpt>
      <trkpt lat="38.85359" lon="-8.36612">
        <ele>144.97</ele>
      </trkpt>
      <trkpt lat="38.85379" lon="-8.36617">
        <ele>145.21</ele>
      </trkpt>
      <trkpt lat="38.85411" lon="-8.36619">
        <ele>149.29</ele>
      </trkpt>
      <trkpt lat="38.85421" lon="-8.36617">
        <ele>150.49</ele>
      </trkpt>
      <trkpt lat="38.85434" lon="-8.3661">
        <ele>151.23</ele>
      </trkpt>
      <trkpt lat="38.85451" lon="-8.36598">
        <ele>152.0</ele>
      </trkpt>
      <trkpt lat="38.85461" lon="-8.36589">
        <ele>152.0</ele>
      </trkpt>
      <trkpt lat="38.85478" lon="-8.36569">
        <ele>150.55</ele>
      </trkpt>
      <trkpt lat="38.85526" lon="-8.36516">
        <ele>147.6</ele>
      </trkpt>
      <trkpt lat="38.85543" lon="-8.365">
        <ele>145.9</ele>
      </trkpt>
      <trkpt lat="38.85575" lon="-8.36468">
        <ele>145.91</ele>
      </trkpt>
      <trkpt lat="38.8559" lon="-8.36449">
        <ele>143.55</ele>
      </trkpt>
      <trkpt lat="38.85619" lon="-8.36417">
        <ele>146.56</ele>
      </trkpt>
      <trkpt lat="38.85659" lon="-8.36371">
        <ele>145.73</ele>
      </trkpt>
      <trkpt lat="38.85703" lon="-8.36326">
        <ele>141.35</ele>
      </trkpt>
      <trkpt lat="38.85711" lon="-8.36317">
        <ele>142.14</ele>
      </trkpt>
      <trkpt lat="38.85728" lon="-8.363">
        <ele>140.71</ele>
      </trkpt>
      <trkpt lat="38.85747" lon="-8.36286">
        <ele>136.02</ele>
      </trkpt>
      <trkpt lat="38.8577" lon="-8.3627">
        <ele>134.24</ele>
      </trkpt>
      <trkpt lat="38.85798" lon="-8.36246">
        <ele>135.99</ele>
      </trkpt>
      <trkpt lat="38.85848" lon="-8.36205">
        <ele>142.62</ele>
      </trkpt>
      <trkpt lat="38.85858" lon="-8.36198">
        <ele>142.92</ele>
      </trkpt>
      <trkpt lat="38.85893" lon="-8.3618">
        <ele>141.88</ele>
      </trkpt>
      <trkpt lat="38.85901" lon="-8.36176">
        <ele>140.23</ele>
      </trkpt>
      <trkpt lat="38.85921" lon="-8.36167">
        <ele>137.36</ele>
      </trkpt>
      <trkpt lat="38.85927" lon="-8.36163">
        <ele>137.61</ele>
      </trkpt>
      <trkpt lat="38.85935" lon="-8.36157">
        <ele>137.97</ele>
      </trkpt>
      <trkpt lat="38.85964" lon="-8.36136">
        <ele>137.2</ele>
      </trkpt>
      <trkpt lat="38.85995" lon="-8.36105">
        <ele>137.6</ele>
      </trkpt>
      <trkpt lat="38.86035" lon="-8.36074">
        <ele>140.09</ele>
      </trkpt>
      <trkpt lat="38.86058" lon="-8.36059">
        <ele>141.02</ele>
      </trkpt>
      <trkpt lat="38.86065" lon="-8.36052">
        <ele>141.76</ele>
      </trkpt>
      <trkpt lat="38.86072" lon="-8.36044">
        <ele>142.35</ele>
      </trkpt>
      <trkpt lat="38.86082" lon="-8.36023">
        <ele>142.77</ele>
      </trkpt>
      <trkpt lat="38.86086" lon="-8.36012">
        <ele>142.54</ele>
      </trkpt>
      <trkpt lat="38.86094" lon="-8.35978">
        <ele>142.58</ele>
      </trkpt>
      <trkpt lat="38.86097" lon="-8.35955">
        <ele>143.29</ele>
      </trkpt>
      <trkpt lat="38.86103" lon="-8.35934">
        <ele>143.49</ele>
      </trkpt>
      <trkpt lat="38.86122" lon="-8.35871">
        <ele>143.0</ele>
      </trkpt>
      <trkpt lat="38.86126" lon="-8.35841">
        <ele>142.35</ele>
      </trkpt>
      <trkpt lat="38.86128" lon="-8.35831">
        <ele>142.13</ele>
      </trkpt>
      <trkpt lat="38.8614" lon="-8.35789">
        <ele>141.45</ele>
      </trkpt>
      <trkpt lat="38.86144" lon="-8.35779">
        <ele>141.4</ele>
      </trkpt>
      <trkpt lat="38.8615" lon="-8.35772">
        <ele>141.59</ele>
      </trkpt>
      <trkpt lat="38.86162" lon="-8.3576">
        <ele>142.02</ele>
      </trkpt>
      <trkpt lat="38.8618" lon="-8.35756">
        <ele>141.53</ele>
      </trkpt>
      <trkpt lat="38.86188" lon="-8.35754">
        <ele>141.15</ele>
      </trkpt>
      <trkpt lat="38.8623" lon="-8.35747">
        <ele>139.24</ele>
      </trkpt>
      <trkpt lat="38.86239" lon="-8.35743">
        <ele>138.29</ele>
      </trkpt>
      <trkpt lat="38.86245" lon="-8.35738">
        <ele>137.62</ele>
      </trkpt>
      <trkpt lat="38.86255" lon="-8.35728">
        <ele>137.04</ele>
      </trkpt>
      <trkpt lat="38.86273" lon="-8.35713">
        <ele>137.66</ele>
      </trkpt>
      <trkpt lat="38.86284" lon="-8.35707">
        <ele>138.67</ele>
      </trkpt>
      <trkpt lat="38.86296" lon="-8.35705">
        <ele>139.96</ele>
      </trkpt>
      <trkpt lat="38.86307" lon="-8.35706">
        <ele>140.76</ele>
      </trkpt>
      <trkpt lat="38.86333" lon="-8.35718">
        <ele>140.98</ele>
      </trkpt>
      <trkpt lat="38.86354" lon="-8.35726">
        <ele>140.93</ele>
      </trkpt>
      <trkpt lat="38.86368" lon="-8.35724">
        <ele>140.92</ele>
      </trkpt>
      <trkpt lat="38.86382" lon="-8.35716">
        <ele>141.17</ele>
      </trkpt>
      <trkpt lat="38.86389" lon="-8.3571">
        <ele>141.45</ele>
      </trkpt>
      <trkpt lat="38.86396" lon="-8.35702">
        <ele>142.36</ele>
      </trkpt>
      <trkpt lat="38.8641" lon="-8.35684">
        <ele>145.41</ele>
      </trkpt>
      <trkpt lat="38.86416" lon="-8.35681">
        <ele>146.38</ele>
      </trkpt>
      <trkpt lat="38.86422" lon="-8.3568">
        <ele>146.94</ele>
      </trkpt>
      <trkpt lat="38.86435" lon="-8.35684">
        <ele>147.61</ele>
      </trkpt>
      <trkpt lat="38.86441" lon="-8.35688">
        <ele>147.92</ele>
      </trkpt>
      <trkpt lat="38.86447" lon="-8.35694">
        <ele>148.11</ele>
      </trkpt>
      <trkpt lat="38.86453" lon="-8.35701">
        <ele>147.98</ele>
      </trkpt>
      <trkpt lat="38.86458" lon="-8.3571">
        <ele>147.91</ele>
      </trkpt>
      <trkpt lat="38.86463" lon="-8.35718">
        <ele>148.1</ele>
      </trkpt>
      <trkpt lat="38.86473" lon="-8.35737">
        <ele>147.46</ele>
      </trkpt>
      <trkpt lat="38.86484" lon="-8.35756">
        <ele>146.9</ele>
      </trkpt>
      <trkpt lat="38.86503" lon="-8.35786">
        <ele>149.24</ele>
      </trkpt>
      <trkpt lat="38.86516" lon="-8.35803">
        <ele>150.97</ele>
      </trkpt>
      <trkpt lat="38.86523" lon="-8.35811">
        <ele>151.39</ele>
      </trkpt>
      <trkpt lat="38.86538" lon="-8.35824">
        <ele>151.82</ele>
      </trkpt>
      <trkpt lat="38.86565" lon="-8.35837">
        <ele>152.78</ele>
      </trkpt>
      <trkpt lat="38.86589" lon="-8.35835">
        <ele>154.03</ele>
      </trkpt>
      <trkpt lat="38.86597" lon="-8.35836">
        <ele>155.37</ele>
      </trkpt>
      <trkpt lat="38.86615" lon="-8.3584">
        <ele>156.54</ele>
      </trkpt>
      <trkpt lat="38.86623" lon="-8.35843">
        <ele>154.83</ele>
      </trkpt>
      <trkpt lat="38.86632" lon="-8.35844">
        <ele>153.2</ele>
      </trkpt>
      <trkpt lat="38.86652" lon="-8.35841">
        <ele>152.21</ele>
      </trkpt>
      <trkpt lat="38.86662" lon="-8.3584">
        <ele>152.43</ele>
      </trkpt>
      <trkpt lat="38.86684" lon="-8.35841">
        <ele>152.9</ele>
      </trkpt>
      <trkpt lat="38.86702" lon="-8.35848">
        <ele>151.89</ele>
      </trkpt>
      <trkpt lat="38.86711" lon="-8.35854">
        <ele>150.87</ele>
      </trkpt>
      <trkpt lat="38.86719" lon="-8.35862">
        <ele>150.12</ele>
      </trkpt>
      <trkpt lat="38.86742" lon="-8.35892">
        <ele>147.04</ele>
      </trkpt>
      <trkpt lat="38.86752" lon="-8.35914">
        <ele>145.31</ele>
      </trkpt>
      <trkpt lat="38.86756" lon="-8.35927">
        <ele>146.23</ele>
      </trkpt>
      <trkpt lat="38.86778" lon="-8.35989">
        <ele>149.01</ele>
      </trkpt>
      <trkpt lat="38.86806" lon="-8.36037">
        <ele>148.71</ele>
      </trkpt>
      <trkpt lat="38.86835" lon="-8.36083">
        <ele>149.19</ele>
      </trkpt>
      <trkpt lat="38.8684" lon="-8.36095">
        <ele>148.98</ele>
      </trkpt>
      <trkpt lat="38.86849" lon="-8.36152">
        <ele>147.63</ele>
      </trkpt>
      <trkpt lat="38.86842" lon="-8.36175">
        <ele>147.91</ele>
      </trkpt>
      <trkpt lat="38.86822" lon="-8.36211">
        <ele>147.45</ele>
      </trkpt>
      <trkpt lat="38.86808" lon="-8.36257">
        <ele>140.83</ele>
      </trkpt>
      <trkpt lat="38.86788" lon="-8.3633">
        <ele>134.59</ele>
      </trkpt>
      <trkpt lat="38.86782" lon="-8.36348">
        <ele>133.0</ele>
      </trkpt>
      <trkpt lat="38.86772" lon="-8.36386">
        <ele>132.5</ele>
      </trkpt>
      <trkpt lat="38.86768" lon="-8.36405">
        <ele>132.12</ele>
      </trkpt>
      <trkpt lat="38.86764" lon="-8.36425">
        <ele>131.7</ele>
      </trkpt>
      <trkpt lat="38.8676" lon="-8.36444">
        <ele>131.02</ele>
      </trkpt>
      <trkpt lat="38.86757" lon="-8.36462">
        <ele>129.74</ele>
      </trkpt>
      <trkpt lat="38.86753" lon="-8.36479">
        <ele>128.29</ele>
      </trkpt>
      <trkpt lat="38.86748" lon="-8.36495">
        <ele>126.4</ele>
      </trkpt>
      <trkpt lat="38.86742" lon="-8.36511">
        <ele>124.86</ele>
      </trkpt>
      <trkpt lat="38.86735" lon="-8.36526">
        <ele>124.06</ele>
      </trkpt>
      <trkpt lat="38.86728" lon="-8.36541">
        <ele>123.9</ele>
      </trkpt>
      <trkpt lat="38.8672" lon="-8.36556">
        <ele>123.89</ele>
      </trkpt>
      <trkpt lat="38.86701" lon="-8.36583">
        <ele>120.51</ele>
      </trkpt>
      <trkpt lat="38.8668" lon="-8.36609">
        <ele>119.56</ele>
      </trkpt>
      <trkpt lat="38.8667" lon="-8.36623">
        <ele>119.5</ele>
      </trkpt>
      <trkpt lat="38.86648" lon="-8.3665">
        <ele>118.46</ele>
      </trkpt>
      <trkpt lat="38.86637" lon="-8.36663">
        <ele>117.95</ele>
      </trkpt>
      <trkpt lat="38.86627" lon="-8.36676">
        <ele>117.28</ele>
      </trkpt>
      <trkpt lat="38.86617" lon="-8.36689">
        <ele>115.94</ele>
      </trkpt>
      <trkpt lat="38.86608" lon="-8.36701">
        <ele>114.64</ele>
      </trkpt>
      <trkpt lat="38.86598" lon="-8.36713">
        <ele>114.14</ele>
      </trkpt>
      <trkpt lat="38.86589" lon="-8.36726">
        <ele>113.52</ele>
      </trkpt>
      <trkpt lat="38.8658" lon="-8.36738">
        <ele>112.81</ele>
      </trkpt>
      <trkpt lat="38.86562" lon="-8.36764">
        <ele>110.99</ele>
      </trkpt>
      <trkpt lat="38.86538" lon="-8.36799">
        <ele>110.48</ele>
      </trkpt>
      <trkpt lat="38.86532" lon="-8.36809">
        <ele>110.97</ele>
      </trkpt>
      <trkpt lat="38.8652" lon="-8.36827">
        <ele>112.48</ele>
      </trkpt>
      <trkpt lat="38.86517" lon="-8.36834">
        <ele>113.21</ele>
      </trkpt>
      <trkpt lat="38.86517" lon="-8.36844">
        <ele>113.93</ele>
      </trkpt>
      <trkpt lat="38.8652" lon="-8.36853">
        <ele>114.26</ele>
      </trkpt>
      <trkpt lat="38.86525" lon="-8.36862">
        <ele>114.3</ele>
      </trkpt>
      <trkpt lat="38.86532" lon="-8.36871">
        <ele>113.86</ele>
      </trkpt>
      <trkpt lat="38.86539" lon="-8.36881">
        <ele>114.06</ele>
      </trkpt>
      <trkpt lat="38.86572" lon="-8.3693">
        <ele>109.48</ele>
      </trkpt>
      <trkpt lat="38.86586" lon="-8.36958">
        <ele>106.17</ele>
      </trkpt>
      <trkpt lat="38.86605" lon="-8.36985">
        <ele>106.5</ele>
      </trkpt>
      <trkpt lat="38.8664" lon="-8.37041">
        <ele>112.89</ele>
      </trkpt>
      <trkpt lat="38.86677" lon="-8.371">
        <ele>113.78</ele>
      </trkpt>
      <trkpt lat="38.86685" lon="-8.37114">
        <ele>114.41</ele>
      </trkpt>
      <trkpt lat="38.86722" lon="-8.37173">
        <ele>117.47</ele>
      </trkpt>
      <trkpt lat="38.86738" lon="-8.37189">
        <ele>117.58</ele>
      </trkpt>
      <trkpt lat="38.86747" lon="-8.37195">
        <ele>117.25</ele>
      </trkpt>
      <trkpt lat="38.86798" lon="-8.37229">
        <ele>111.64</ele>
      </trkpt>
      <trkpt lat="38.86835" lon="-8.37257">
        <ele>112.24</ele>
      </trkpt>
      <trkpt lat="38.8689" lon="-8.3728">
        <ele>105.62</ele>
      </trkpt>
      <trkpt lat="38.86931" lon="-8.37297">
        <ele>104.97</ele>
      </trkpt>
      <trkpt lat="38.86943" lon="-8.37306">
        <ele>103.26</ele>
      </trkpt>
      <trkpt lat="38.86955" lon="-8.37316">
        <ele>104.19</ele>
      </trkpt>
      <trkpt lat="38.86978" lon="-8.37335">
        <ele>107.61</ele>
      </trkpt>
      <trkpt lat="38.8699" lon="-8.37343">
        <ele>106.4</ele>
      </trkpt>
      <trkpt lat="38.87003" lon="-8.37348">
        <ele>104.68</ele>
      </trkpt>
      <trkpt lat="38.87026" lon="-8.37358">
        <ele>102.25</ele>
      </trkpt>
      <trkpt lat="38.87045" lon="-8.37373">
        <ele>102.87</ele>
      </trkpt>
      <trkpt lat="38.87054" lon="-8.37383">
        <ele>102.44</ele>
      </trkpt>
      <trkpt lat="38.87061" lon="-8.37395">
        <ele>102.37</ele>
      </trkpt>
      <trkpt lat="38.87067" lon="-8.37407">
        <ele>102.58</ele>
      </trkpt>
      <trkpt lat="38.87085" lon="-8.37448">
        <ele>102.17</ele>
      </trkpt>
      <trkpt lat="38.87091" lon="-8.37463">
        <ele>102.71</ele>
      </trkpt>
      <trkpt lat="38.87095" lon="-8.37478">
        <ele>103.22</ele>
      </trkpt>
      <trkpt lat="38.87095" lon="-8.37493">
        <ele>103.53</ele>
      </trkpt>
      <trkpt lat="38.87092" lon="-8.37525">
        <ele>104.15</ele>
      </trkpt>
      <trkpt lat="38.87088" lon="-8.37557">
        <ele>103.76</ele>
      </trkpt>
      <trkpt lat="38.87075" lon="-8.37622">
        <ele>108.28</ele>
      </trkpt>
      <trkpt lat="38.87071" lon="-8.37637">
        <ele>109.46</ele>
      </trkpt>
      <trkpt lat="38.87064" lon="-8.37667">
        <ele>110.21</ele>
      </trkpt>
      <trkpt lat="38.8706" lon="-8.37694">
        <ele>109.48</ele>
      </trkpt>
      <trkpt lat="38.8707" lon="-8.37719">
        <ele>110.56</ele>
      </trkpt>
      <trkpt lat="38.87086" lon="-8.3774">
        <ele>111.3</ele>
      </trkpt>
      <trkpt lat="38.87096" lon="-8.37748">
        <ele>110.65</ele>
      </trkpt>
      <trkpt lat="38.87107" lon="-8.37757">
        <ele>109.5</ele>
      </trkpt>
      <trkpt lat="38.87128" lon="-8.37778">
        <ele>107.04</ele>
      </trkpt>
      <trkpt lat="38.87138" lon="-8.37789">
        <ele>108.63</ele>
      </trkpt>
      <trkpt lat="38.87147" lon="-8.37802">
        <ele>110.56</ele>
      </trkpt>
      <trkpt lat="38.87173" lon="-8.3784">
        <ele>106.76</ele>
      </trkpt>
      <trkpt lat="38.87189" lon="-8.37867">
        <ele>106.95</ele>
      </trkpt>
      <trkpt lat="38.87209" lon="-8.37888">
        <ele>106.57</ele>
      </trkpt>
      <trkpt lat="38.87256" lon="-8.37923">
        <ele>107.37</ele>
      </trkpt>
      <trkpt lat="38.87293" lon="-8.3795">
        <ele>107.94</ele>
      </trkpt>
      <trkpt lat="38.87314" lon="-8.37973">
        <ele>112.25</ele>
      </trkpt>
      <trkpt lat="38.87348" lon="-8.38021">
        <ele>113.23</ele>
      </trkpt>
      <trkpt lat="38.87356" lon="-8.38035">
        <ele>110.84</ele>
      </trkpt>
      <trkpt lat="38.87378" lon="-8.38079">
        <ele>109.94</ele>
      </trkpt>
      <trkpt lat="38.87384" lon="-8.38094">
        <ele>109.75</ele>
      </trkpt>
      <trkpt lat="38.87389" lon="-8.38109">
        <ele>109.08</ele>
      </trkpt>
      <trkpt lat="38.87396" lon="-8.38139">
        <ele>109.25</ele>
      </trkpt>
      <trkpt lat="38.87402" lon="-8.38166">
        <ele>108.5</ele>
      </trkpt>
      <trkpt lat="38.87406" lon="-8.38179">
        <ele>108.89</ele>
      </trkpt>
      <trkpt lat="38.8741" lon="-8.38191">
        <ele>109.43</ele>
      </trkpt>
      <trkpt lat="38.87416" lon="-8.38203">
        <ele>109.97</ele>
      </trkpt>
      <trkpt lat="38.87428" lon="-8.38221">
        <ele>110.02</ele>
      </trkpt>
      <trkpt lat="38.87433" lon="-8.38226">
        <ele>110.11</ele>
      </trkpt>
      <trkpt lat="38.87441" lon="-8.38234">
        <ele>110.11</ele>
      </trkpt>
      <trkpt lat="38.8746" lon="-8.38251">
        <ele>110.56</ele>
      </trkpt>
      <trkpt lat="38.87464" lon="-8.38256">
        <ele>110.62</ele>
      </trkpt>
      <trkpt lat="38.87483" lon="-8.38282">
        <ele>110.28</ele>
      </trkpt>
      <trkpt lat="38.87501" lon="-8.38307">
        <ele>109.97</ele>
      </trkpt>
      <trkpt lat="38.87506" lon="-8.38318">
        <ele>109.54</ele>
      </trkpt>
      <trkpt lat="38.87523" lon="-8.38371">
        <ele>107.59</ele>
      </trkpt>
      <trkpt lat="38.87541" lon="-8.38443">
        <ele>108.0</ele>
      </trkpt>
      <trkpt lat="38.87543" lon="-8.38457">
        <ele>107.4</ele>
      </trkpt>
      <trkpt lat="38.87549" lon="-8.38524">
        <ele>104.87</ele>
      </trkpt>
      <trkpt lat="38.87549" lon="-8.38536">
        <ele>104.47</ele>
      </trkpt>
      <trkpt lat="38.87551" lon="-8.38574">
        <ele>102.83</ele>
      </trkpt>
      <trkpt lat="38.87554" lon="-8.38597">
        <ele>102.71</ele>
      </trkpt>
      <trkpt lat="38.87556" lon="-8.38608">
        <ele>102.98</ele>
      </trkpt>
      <trkpt lat="38.87559" lon="-8.38619">
        <ele>104.67</ele>
      </trkpt>
      <trkpt lat="38.87566" lon="-8.38637">
        <ele>106.88</ele>
      </trkpt>
      <trkpt lat="38.87574" lon="-8.3865">
        <ele>106.6</ele>
      </trkpt>
      <trkpt lat="38.87579" lon="-8.38654">
        <ele>106.17</ele>
      </trkpt>
      <trkpt lat="38.87584" lon="-8.38658">
        <ele>105.63</ele>
      </trkpt>
      <trkpt lat="38.87604" lon="-8.38664">
        <ele>105.79</ele>
      </trkpt>
      <trkpt lat="38.87642" lon="-8.38678">
        <ele>105.88</ele>
      </trkpt>
      <trkpt lat="38.87657" lon="-8.3868">
        <ele>106.3</ele>
      </trkpt>
      <trkpt lat="38.87671" lon="-8.38677">
        <ele>106.53</ele>
      </trkpt>
      <trkpt lat="38.87686" lon="-8.38671">
        <ele>106.85</ele>
      </trkpt>
      <trkpt lat="38.87699" lon="-8.38661">
        <ele>106.89</ele>
      </trkpt>
      <trkpt lat="38.87711" lon="-8.38649">
        <ele>106.54</ele>
      </trkpt>
      <trkpt lat="38.87721" lon="-8.38638">
        <ele>105.8</ele>
      </trkpt>
      <trkpt lat="38.87738" lon="-8.38622">
        <ele>102.86</ele>
      </trkpt>
      <trkpt lat="38.87741" lon="-8.3862">
        <ele>102.63</ele>
      </trkpt>
      <trkpt lat="38.87748" lon="-8.38611">
        <ele>101.92</ele>
      </trkpt>
      <trkpt lat="38.87761" lon="-8.3859">
        <ele>101.08</ele>
      </trkpt>
      <trkpt lat="38.87783" lon="-8.38544">
        <ele>99.64</ele>
      </trkpt>
      <trkpt lat="38.87795" lon="-8.38494">
        <ele>96.62</ele>
      </trkpt>
      <trkpt lat="38.87811" lon="-8.38414">
        <ele>95.49</ele>
      </trkpt>
      <trkpt lat="38.87814" lon="-8.38401">
        <ele>95.35</ele>
      </trkpt>
      <trkpt lat="38.87828" lon="-8.38325">
        <ele>96.23</ele>
      </trkpt>
      <trkpt lat="38.87831" lon="-8.38311">
        <ele>96.66</ele>
      </trkpt>
      <trkpt lat="38.87835" lon="-8.38297">
        <ele>96.71</ele>
      </trkpt>
      <trkpt lat="38.87851" lon="-8.38224">
        <ele>94.61</ele>
      </trkpt>
      <trkpt lat="38.8787" lon="-8.38151">
        <ele>94.4</ele>
      </trkpt>
      <trkpt lat="38.87896" lon="-8.38101">
        <ele>92.33</ele>
      </trkpt>
      <trkpt lat="38.87904" lon="-8.38089">
        <ele>91.27</ele>
      </trkpt>
      <trkpt lat="38.87914" lon="-8.38077">
        <ele>89.81</ele>
      </trkpt>
      <trkpt lat="38.87923" lon="-8.38068">
        <ele>88.59</ele>
      </trkpt>
      <trkpt lat="38.87932" lon="-8.38061">
        <ele>87.98</ele>
      </trkpt>
      <trkpt lat="38.87972" lon="-8.38033">
        <ele>88.53</ele>
      </trkpt>
      <trkpt lat="38.87981" lon="-8.38026">
        <ele>88.88</ele>
      </trkpt>
      <trkpt lat="38.88008" lon="-8.38007">
        <ele>90.18</ele>
      </trkpt>
      <trkpt lat="38.88039" lon="-8.3799">
        <ele>89.09</ele>
      </trkpt>
      <trkpt lat="38.88066" lon="-8.37972">
        <ele>88.61</ele>
      </trkpt>
      <trkpt lat="38.88098" lon="-8.37953">
        <ele>87.76</ele>
      </trkpt>
      <trkpt lat="38.88137" lon="-8.3793">
        <ele>84.92</ele>
      </trkpt>
      <trkpt lat="38.88163" lon="-8.37915">
        <ele>82.0</ele>
      </trkpt>
      <trkpt lat="38.88192" lon="-8.379">
        <ele>83.17</ele>
      </trkpt>
      <trkpt lat="38.8821" lon="-8.37892">
        <ele>85.29</ele>
      </trkpt>
      <trkpt lat="38.88233" lon="-8.37884">
        <ele>86.64</ele>
      </trkpt>
      <trkpt lat="38.88276" lon="-8.37871">
        <ele>86.69</ele>
      </trkpt>
      <trkpt lat="38.88338" lon="-8.37854">
        <ele>86.61</ele>
      </trkpt>
      <trkpt lat="38.88379" lon="-8.37831">
        <ele>83.42</ele>
      </trkpt>
      <trkpt lat="38.88404" lon="-8.3781">
        <ele>82.95</ele>
      </trkpt>
      <trkpt lat="38.8841" lon="-8.37801">
        <ele>82.14</ele>
      </trkpt>
      <trkpt lat="38.88415" lon="-8.37791">
        <ele>80.88</ele>
      </trkpt>
      <trkpt lat="38.88416" lon="-8.3778">
        <ele>79.32</ele>
      </trkpt>
      <trkpt lat="38.88417" lon="-8.37767">
        <ele>79.01</ele>
      </trkpt>
      <trkpt lat="38.88418" lon="-8.37725">
        <ele>78.14</ele>
      </trkpt>
      <trkpt lat="38.88418" lon="-8.3771">
        <ele>78.03</ele>
      </trkpt>
      <trkpt lat="38.88418" lon="-8.37635">
        <ele>76.95</ele>
      </trkpt>
      <trkpt lat="38.88418" lon="-8.3762">
        <ele>76.95</ele>
      </trkpt>
      <trkpt lat="38.8842" lon="-8.37568">
        <ele>77.92</ele>
      </trkpt>
      <trkpt lat="38.88423" lon="-8.37556">
        <ele>78.89</ele>
      </trkpt>
      <trkpt lat="38.88426" lon="-8.37544">
        <ele>81.14</ele>
      </trkpt>
      <trkpt lat="38.88437" lon="-8.37524">
        <ele>84.5</ele>
      </trkpt>
      <trkpt lat="38.88451" lon="-8.37506">
        <ele>84.48</ele>
      </trkpt>
      <trkpt lat="38.8846" lon="-8.37499">
        <ele>83.88</ele>
      </trkpt>
      <trkpt lat="38.88468" lon="-8.37492">
        <ele>83.3</ele>
      </trkpt>
      <trkpt lat="38.88488" lon="-8.37482">
        <ele>83.74</ele>
      </trkpt>
      <trkpt lat="38.88511" lon="-8.37478">
        <ele>85.21</ele>
      </trkpt>
      <trkpt lat="38.88523" lon="-8.37477">
        <ele>86.03</ele>
      </trkpt>
      <trkpt lat="38.88535" lon="-8.37476">
        <ele>86.23</ele>
      </trkpt>
      <trkpt lat="38.8856" lon="-8.37474">
        <ele>85.51</ele>
      </trkpt>
      <trkpt lat="38.88586" lon="-8.37467">
        <ele>84.26</ele>
      </trkpt>
      <trkpt lat="38.88635" lon="-8.37442">
        <ele>84.67</ele>
      </trkpt>
      <trkpt lat="38.88646" lon="-8.37433">
        <ele>85.1</ele>
      </trkpt>
      <trkpt lat="38.88666" lon="-8.37412">
        <ele>86.12</ele>
      </trkpt>
      <trkpt lat="38.88713" lon="-8.3736">
        <ele>92.49</ele>
      </trkpt>
      <trkpt lat="38.88722" lon="-8.3735">
        <ele>92.36</ele>
      </trkpt>
      <trkpt lat="38.88769" lon="-8.37299">
        <ele>93.67</ele>
      </trkpt>
      <trkpt lat="38.88778" lon="-8.37289">
        <ele>96.22</ele>
      </trkpt>
      <trkpt lat="38.88788" lon="-8.37279">
        <ele>98.05</ele>
      </trkpt>
      <trkpt lat="38.88796" lon="-8.3727">
        <ele>99.24</ele>
      </trkpt>
      <trkpt lat="38.88814" lon="-8.37252">
        <ele>102.79</ele>
      </trkpt>
      <trkpt lat="38.88832" lon="-8.37233">
        <ele>104.24</ele>
      </trkpt>
      <trkpt lat="38.88851" lon="-8.37212">
        <ele>103.8</ele>
      </trkpt>
      <trkpt lat="38.88872" lon="-8.37191">
        <ele>104.06</ele>
      </trkpt>
      <trkpt lat="38.88882" lon="-8.37181">
        <ele>105.18</ele>
      </trkpt>
      <trkpt lat="38.88893" lon="-8.37169">
        <ele>105.56</ele>
      </trkpt>
      <trkpt lat="38.88924" lon="-8.37135">
        <ele>105.18</ele>
      </trkpt>
      <trkpt lat="38.88944" lon="-8.37113">
        <ele>107.99</ele>
      </trkpt>
      <trkpt lat="38.88963" lon="-8.37092">
        <ele>112.47</ele>
      </trkpt>
      <trkpt lat="38.88992" lon="-8.37063">
        <ele>117.54</ele>
      </trkpt>
      <trkpt lat="38.89086" lon="-8.36979">
        <ele>120.85</ele>
      </trkpt>
      <trkpt lat="38.89095" lon="-8.3697">
        <ele>119.93</ele>
      </trkpt>
      <trkpt lat="38.89116" lon="-8.36946">
        <ele>115.01</ele>
      </trkpt>
      <trkpt lat="38.8916" lon="-8.36895">
        <ele>110.83</ele>
      </trkpt>
      <trkpt lat="38.89171" lon="-8.36882">
        <ele>112.73</ele>
      </trkpt>
      <trkpt lat="38.89194" lon="-8.36855">
        <ele>114.43</ele>
      </trkpt>
      <trkpt lat="38.89229" lon="-8.36815">
        <ele>112.46</ele>
      </trkpt>
      <trkpt lat="38.89241" lon="-8.36802">
        <ele>109.29</ele>
      </trkpt>
      <trkpt lat="38.89265" lon="-8.36777">
        <ele>106.09</ele>
      </trkpt>
      <trkpt lat="38.89288" lon="-8.36751">
        <ele>104.13</ele>
      </trkpt>
      <trkpt lat="38.89311" lon="-8.36724">
        <ele>98.93</ele>
      </trkpt>
      <trkpt lat="38.89334" lon="-8.36697">
        <ele>99.26</ele>
      </trkpt>
      <trkpt lat="38.89346" lon="-8.36685">
        <ele>99.38</ele>
      </trkpt>
      <trkpt lat="38.89381" lon="-8.36647">
        <ele>98.95</ele>
      </trkpt>
      <trkpt lat="38.89402" lon="-8.36623">
        <ele>97.25</ele>
      </trkpt>
      <trkpt lat="38.89424" lon="-8.366">
        <ele>96.57</ele>
      </trkpt>
      <trkpt lat="38.89446" lon="-8.36577">
        <ele>97.09</ele>
      </trkpt>
      <trkpt lat="38.89466" lon="-8.36559">
        <ele>97.19</ele>
      </trkpt>
      <trkpt lat="38.89486" lon="-8.36542">
        <ele>96.02</ele>
      </trkpt>
      <trkpt lat="38.89518" lon="-8.36522">
        <ele>91.85</ele>
      </trkpt>
      <trkpt lat="38.89541" lon="-8.36513">
        <ele>90.89</ele>
      </trkpt>
      <trkpt lat="38.89564" lon="-8.36504">
        <ele>90.98</ele>
      </trkpt>
      <trkpt lat="38.89576" lon="-8.36499">
        <ele>90.25</ele>
      </trkpt>
      <trkpt lat="38.89588" lon="-8.36496">
        <ele>90.14</ele>
      </trkpt>
      <trkpt lat="38.89612" lon="-8.3649">
        <ele>90.69</ele>
      </trkpt>
      <trkpt lat="38.89624" lon="-8.36489">
        <ele>91.26</ele>
      </trkpt>
      <trkpt lat="38.89683" lon="-8.36476">
        <ele>87.86</ele>
      </trkpt>
      <trkpt lat="38.89695" lon="-8.36473">
        <ele>86.97</ele>
      </trkpt>
      <trkpt lat="38.89757" lon="-8.36461">
        <ele>88.64</ele>
      </trkpt>
      <trkpt lat="38.89784" lon="-8.36458">
        <ele>88.7</ele>
      </trkpt>
      <trkpt lat="38.89825" lon="-8.36451">
        <ele>90.83</ele>
      </trkpt>
      <trkpt lat="38.89852" lon="-8.36445">
        <ele>87.26</ele>
      </trkpt>
      <trkpt lat="38.89865" lon="-8.36443">
        <ele>85.05</ele>
      </trkpt>
      <trkpt lat="38.89893" lon="-8.36439">
        <ele>85.58</ele>
      </trkpt>
      <trkpt lat="38.89946" lon="-8.3643">
        <ele>90.72</ele>
      </trkpt>
      <trkpt lat="38.89959" lon="-8.36425">
        <ele>91.95</ele>
      </trkpt>
      <trkpt lat="38.89983" lon="-8.36412">
        <ele>92.42</ele>
      </trkpt>
      <trkpt lat="38.89995" lon="-8.36403">
        <ele>92.92</ele>
      </trkpt>
      <trkpt lat="38.90023" lon="-8.36373">
        <ele>89.39</ele>
      </trkpt>
      <trkpt lat="38.90039" lon="-8.36342">
        <ele>87.34</ele>
      </trkpt>
      <trkpt lat="38.90045" lon="-8.36327">
        <ele>88.16</ele>
      </trkpt>
      <trkpt lat="38.90059" lon="-8.36276">
        <ele>89.3</ele>
      </trkpt>
      <trkpt lat="38.90063" lon="-8.36258">
        <ele>90.06</ele>
      </trkpt>
      <trkpt lat="38.90074" lon="-8.36222">
        <ele>91.67</ele>
      </trkpt>
      <trkpt lat="38.90088" lon="-8.36168">
        <ele>93.5</ele>
      </trkpt>
      <trkpt lat="38.90113" lon="-8.361">
        <ele>98.64</ele>
      </trkpt>
      <trkpt lat="38.9013" lon="-8.36078">
        <ele>101.16</ele>
      </trkpt>
      <trkpt lat="38.90141" lon="-8.36067">
        <ele>101.82</ele>
      </trkpt>
      <trkpt lat="38.90152" lon="-8.36057">
        <ele>101.03</ele>
      </trkpt>
      <trkpt lat="38.90166" lon="-8.36047">
        <ele>100.04</ele>
      </trkpt>
      <trkpt lat="38.9018" lon="-8.36041">
        <ele>100.71</ele>
      </trkpt>
      <trkpt lat="38.90193" lon="-8.36036">
        <ele>101.23</ele>
      </trkpt>
      <trkpt lat="38.90207" lon="-8.36032">
        <ele>104.56</ele>
      </trkpt>
      <trkpt lat="38.90218" lon="-8.3603">
        <ele>107.66</ele>
      </trkpt>
      <trkpt lat="38.90236" lon="-8.36028">
        <ele>107.52</ele>
      </trkpt>
      <trkpt lat="38.9025" lon="-8.3603">
        <ele>106.24</ele>
      </trkpt>
      <trkpt lat="38.90262" lon="-8.36032">
        <ele>104.73</ele>
      </trkpt>
      <trkpt lat="38.90277" lon="-8.36036">
        <ele>103.0</ele>
      </trkpt>
      <trkpt lat="38.90291" lon="-8.36041">
        <ele>101.57</ele>
      </trkpt>
      <trkpt lat="38.90351" lon="-8.3606">
        <ele>101.1</ele>
      </trkpt>
      <trkpt lat="38.90366" lon="-8.36066">
        <ele>101.13</ele>
      </trkpt>
      <trkpt lat="38.90428" lon="-8.36087">
        <ele>98.55</ele>
      </trkpt>
      <trkpt lat="38.90444" lon="-8.36092">
        <ele>96.68</ele>
      </trkpt>
      <trkpt lat="38.90459" lon="-8.36097">
        <ele>94.88</ele>
      </trkpt>
      <trkpt lat="38.90491" lon="-8.36107">
        <ele>96.81</ele>
      </trkpt>
      <trkpt lat="38.90522" lon="-8.36118">
        <ele>92.3</ele>
      </trkpt>
      <trkpt lat="38.90557" lon="-8.3613">
        <ele>84.04</ele>
      </trkpt>
      <trkpt lat="38.90586" lon="-8.36141">
        <ele>84.92</ele>
      </trkpt>
      <trkpt lat="38.90618" lon="-8.36151">
        <ele>85.4</ele>
      </trkpt>
      <trkpt lat="38.90651" lon="-8.36157">
        <ele>86.3</ele>
      </trkpt>
      <trkpt lat="38.90703" lon="-8.36159">
        <ele>85.3</ele>
      </trkpt>
      <trkpt lat="38.90716" lon="-8.36155">
        <ele>84.29</ele>
      </trkpt>
      <trkpt lat="38.90733" lon="-8.36149">
        <ele>84.33</ele>
      </trkpt>
      <trkpt lat="38.90755" lon="-8.36137">
        <ele>83.44</ele>
      </trkpt>
      <trkpt lat="38.90775" lon="-8.36125">
        <ele>80.4</ele>
      </trkpt>
      <trkpt lat="38.90783" lon="-8.3612">
        <ele>79.58</ele>
      </trkpt>
      <trkpt lat="38.90799" lon="-8.36112">
        <ele>79.04</ele>
      </trkpt>
      <trkpt lat="38.90818" lon="-8.361">
        <ele>78.03</ele>
      </trkpt>
      <trkpt lat="38.90828" lon="-8.36094">
        <ele>77.84</ele>
      </trkpt>
      <trkpt lat="38.90835" lon="-8.3609">
        <ele>77.71</ele>
      </trkpt>
      <trkpt lat="38.90845" lon="-8.36085">
        <ele>77.15</ele>
      </trkpt>
      <trkpt lat="38.90856" lon="-8.36078">
        <ele>76.11</ele>
      </trkpt>
      <trkpt lat="38.90872" lon="-8.36069">
        <ele>74.82</ele>
      </trkpt>
      <trkpt lat="38.90891" lon="-8.36057">
        <ele>74.0</ele>
      </trkpt>
      <trkpt lat="38.90902" lon="-8.36049">
        <ele>72.11</ele>
      </trkpt>
      <trkpt lat="38.9091" lon="-8.36043">
        <ele>70.67</ele>
      </trkpt>
      <trkpt lat="38.9093" lon="-8.36026">
        <ele>66.88</ele>
      </trkpt>
      <trkpt lat="38.90939" lon="-8.36016">
        <ele>65.2</ele>
      </trkpt>
      <trkpt lat="38.90948" lon="-8.36003">
        <ele>63.17</ele>
      </trkpt>
      <trkpt lat="38.90963" lon="-8.35975">
        <ele>62.63</ele>
      </trkpt>
      <trkpt lat="38.90969" lon="-8.3596">
        <ele>62.88</ele>
      </trkpt>
      <trkpt lat="38.90977" lon="-8.35929">
        <ele>63.13</ele>
      </trkpt>
      <trkpt lat="38.90991" lon="-8.35873">
        <ele>66.52</ele>
      </trkpt>
      <trkpt lat="38.91012" lon="-8.35806">
        <ele>73.7</ele>
      </trkpt>
      <trkpt lat="38.91029" lon="-8.35747">
        <ele>77.2</ele>
      </trkpt>
      <trkpt lat="38.91034" lon="-8.35732">
        <ele>78.24</ele>
      </trkpt>
      <trkpt lat="38.91039" lon="-8.35719">
        <ele>79.23</ele>
      </trkpt>
      <trkpt lat="38.91054" lon="-8.35691">
        <ele>80.2</ele>
      </trkpt>
      <trkpt lat="38.91063" lon="-8.3568">
        <ele>82.11</ele>
      </trkpt>
      <trkpt lat="38.9107" lon="-8.35671">
        <ele>83.77</ele>
      </trkpt>
      <trkpt lat="38.91079" lon="-8.3566">
        <ele>85.38</ele>
      </trkpt>
      <trkpt lat="38.91092" lon="-8.3565">
        <ele>86.62</ele>
      </trkpt>
      <trkpt lat="38.91115" lon="-8.35638">
        <ele>87.34</ele>
      </trkpt>
      <trkpt lat="38.91138" lon="-8.35631">
        <ele>84.92</ele>
      </trkpt>
      <trkpt lat="38.91176" lon="-8.35628">
        <ele>75.34</ele>
      </trkpt>
      <trkpt lat="38.91189" lon="-8.3563">
        <ele>72.61</ele>
      </trkpt>
      <trkpt lat="38.91254" lon="-8.35639">
        <ele>76.02</ele>
      </trkpt>
      <trkpt lat="38.91309" lon="-8.35645">
        <ele>76.93</ele>
      </trkpt>
      <trkpt lat="38.91337" lon="-8.35648">
        <ele>77.83</ele>
      </trkpt>
      <trkpt lat="38.91368" lon="-8.35652">
        <ele>75.22</ele>
      </trkpt>
      <trkpt lat="38.91395" lon="-8.35653">
        <ele>72.5</ele>
      </trkpt>
      <trkpt lat="38.91419" lon="-8.3565">
        <ele>72.06</ele>
      </trkpt>
      <trkpt lat="38.91447" lon="-8.35644">
        <ele>68.11</ele>
      </trkpt>
      <trkpt lat="38.9147" lon="-8.35636">
        <ele>66.97</ele>
      </trkpt>
      <trkpt lat="38.91497" lon="-8.35627">
        <ele>67.97</ele>
      </trkpt>
      <trkpt lat="38.91521" lon="-8.35618">
        <ele>66.36</ele>
      </trkpt>
      <trkpt lat="38.91545" lon="-8.35609">
        <ele>64.63</ele>
      </trkpt>
      <trkpt lat="38.91568" lon="-8.356">
        <ele>61.79</ele>
      </trkpt>
      <trkpt lat="38.91592" lon="-8.35591">
        <ele>60.62</ele>
      </trkpt>
      <trkpt lat="38.91604" lon="-8.35587">
        <ele>61.08</ele>
      </trkpt>
      <trkpt lat="38.91628" lon="-8.35578">
        <ele>60.49</ele>
      </trkpt>
      <trkpt lat="38.9165" lon="-8.3557">
        <ele>59.79</ele>
      </trkpt>
      <trkpt lat="38.91676" lon="-8.35559">
        <ele>59.99</ele>
      </trkpt>
      <trkpt lat="38.91688" lon="-8.35554">
        <ele>57.74</ele>
      </trkpt>
      <trkpt lat="38.91701" lon="-8.35549">
        <ele>55.89</ele>
      </trkpt>
      <trkpt lat="38.91722" lon="-8.3554">
        <ele>52.23</ele>
      </trkpt>
      <trkpt lat="38.91748" lon="-8.3553">
        <ele>48.69</ele>
      </trkpt>
      <trkpt lat="38.91769" lon="-8.35522">
        <ele>47.1</ele>
      </trkpt>
      <trkpt lat="38.9178" lon="-8.35517">
        <ele>46.39</ele>
      </trkpt>
      <trkpt lat="38.91794" lon="-8.35512">
        <ele>45.97</ele>
      </trkpt>
      <trkpt lat="38.91816" lon="-8.35503">
        <ele>46.45</ele>
      </trkpt>
      <trkpt lat="38.91852" lon="-8.3549">
        <ele>46.02</ele>
      </trkpt>
      <trkpt lat="38.91876" lon="-8.35481">
        <ele>41.96</ele>
      </trkpt>
      <trkpt lat="38.91888" lon="-8.35476">
        <ele>39.99</ele>
      </trkpt>
      <trkpt lat="38.91922" lon="-8.35462">
        <ele>39.56</ele>
      </trkpt>
      <trkpt lat="38.91955" lon="-8.35449">
        <ele>37.82</ele>
      </trkpt>
      <trkpt lat="38.91996" lon="-8.35433">
        <ele>36.35</ele>
      </trkpt>
      <trkpt lat="38.92029" lon="-8.35419">
        <ele>37.95</ele>
      </trkpt>
      <trkpt lat="38.92089" lon="-8.35397">
        <ele>38.35</ele>
      </trkpt>
      <trkpt lat="38.921" lon="-8.35393">
        <ele>39.11</ele>
      </trkpt>
      <trkpt lat="38.92158" lon="-8.35371">
        <ele>45.15</ele>
      </trkpt>
      <trkpt lat="38.92166" lon="-8.35368">
        <ele>45.9</ele>
      </trkpt>
      <trkpt lat="38.92172" lon="-8.35365">
        <ele>46.06</ele>
      </trkpt>
      <trkpt lat="38.92177" lon="-8.35353">
        <ele>45.82</ele>
      </trkpt>
      <trkpt lat="38.92175" lon="-8.35333">
        <ele>44.9</ele>
      </trkpt>
      <trkpt lat="38.92172" lon="-8.35319">
        <ele>44.58</ele>
      </trkpt>
      <trkpt lat="38.92161" lon="-8.35276">
        <ele>44.61</ele>
      </trkpt>
      <trkpt lat="38.92154" lon="-8.35239">
        <ele>44.97</ele>
      </trkpt>
      <trkpt lat="38.92147" lon="-8.35209">
        <ele>45.35</ele>
      </trkpt>
      <trkpt lat="38.92136" lon="-8.35155">
        <ele>45.8</ele>
      </trkpt>
      <trkpt lat="38.92123" lon="-8.35092">
        <ele>47.98</ele>
      </trkpt>
      <trkpt lat="38.92112" lon="-8.35028">
        <ele>49.1</ele>
      </trkpt>
      <trkpt lat="38.92116" lon="-8.34981">
        <ele>49.35</ele>
      </trkpt>
      <trkpt lat="38.92118" lon="-8.34964">
        <ele>49.2</ele>
      </trkpt>
      <trkpt lat="38.9212" lon="-8.34948">
        <ele>48.77</ele>
      </trkpt>
      <trkpt lat="38.92131" lon="-8.34882">
        <ele>51.39</ele>
      </trkpt>
      <trkpt lat="38.92136" lon="-8.34851">
        <ele>52.25</ele>
      </trkpt>
      <trkpt lat="38.92148" lon="-8.34774">
        <ele>52.82</ele>
      </trkpt>
      <trkpt lat="38.9216" lon="-8.3471">
        <ele>55.63</ele>
      </trkpt>
      <trkpt lat="38.92163" lon="-8.34693">
        <ele>55.88</ele>
      </trkpt>
      <trkpt lat="38.92175" lon="-8.34626">
        <ele>57.25</ele>
      </trkpt>
      <trkpt lat="38.92182" lon="-8.34577">
        <ele>59.33</ele>
      </trkpt>
      <trkpt lat="38.92182" lon="-8.34561">
        <ele>59.91</ele>
      </trkpt>
      <trkpt lat="38.9218" lon="-8.34545">
        <ele>60.14</ele>
      </trkpt>
      <trkpt lat="38.92176" lon="-8.34529">
        <ele>59.99</ele>
      </trkpt>
      <trkpt lat="38.92166" lon="-8.34499">
        <ele>60.03</ele>
      </trkpt>
      <trkpt lat="38.92159" lon="-8.34485">
        <ele>60.24</ele>
      </trkpt>
      <trkpt lat="38.9215" lon="-8.34472">
        <ele>59.83</ele>
      </trkpt>
      <trkpt lat="38.92132" lon="-8.3445">
        <ele>62.4</ele>
      </trkpt>
      <trkpt lat="38.92123" lon="-8.34439">
        <ele>62.37</ele>
      </trkpt>
      <trkpt lat="38.92114" lon="-8.34429">
        <ele>61.37</ele>
      </trkpt>
      <trkpt lat="38.9208" lon="-8.34388">
        <ele>60.82</ele>
      </trkpt>
      <trkpt lat="38.92056" lon="-8.34341">
        <ele>58.76</ele>
      </trkpt>
      <trkpt lat="38.92033" lon="-8.34276">
        <ele>57.36</ele>
      </trkpt>
      <trkpt lat="38.92029" lon="-8.34262">
        <ele>54.96</ele>
      </trkpt>
      <trkpt lat="38.9201" lon="-8.34197">
        <ele>53.72</ele>
      </trkpt>
      <trkpt lat="38.92007" lon="-8.34185">
        <ele>55.43</ele>
      </trkpt>
      <trkpt lat="38.91999" lon="-8.34164">
        <ele>58.33</ele>
      </trkpt>
      <trkpt lat="38.91993" lon="-8.34144">
        <ele>60.43</ele>
      </trkpt>
      <trkpt lat="38.91987" lon="-8.34123">
        <ele>62.32</ele>
      </trkpt>
      <trkpt lat="38.91985" lon="-8.34082">
        <ele>63.4</ele>
      </trkpt>
      <trkpt lat="38.9198" lon="-8.3404">
        <ele>63.52</ele>
      </trkpt>
      <trkpt lat="38.91971" lon="-8.34009">
        <ele>62.97</ele>
      </trkpt>
      <trkpt lat="38.91966" lon="-8.34">
        <ele>63.0</ele>
      </trkpt>
      <trkpt lat="38.91962" lon="-8.33992">
        <ele>62.82</ele>
      </trkpt>
      <trkpt lat="38.91957" lon="-8.33976">
        <ele>62.61</ele>
      </trkpt>
      <trkpt lat="38.91961" lon="-8.33959">
        <ele>62.21</ele>
      </trkpt>
      <trkpt lat="38.91966" lon="-8.33952">
        <ele>62.06</ele>
      </trkpt>
      <trkpt lat="38.91972" lon="-8.33945">
        <ele>62.0</ele>
      </trkpt>
      <trkpt lat="38.91986" lon="-8.3393">
        <ele>60.98</ele>
      </trkpt>
      <trkpt lat="38.91994" lon="-8.33921">
        <ele>60.37</ele>
      </trkpt>
      <trkpt lat="38.92048" lon="-8.33863">
        <ele>61.07</ele>
      </trkpt>
      <trkpt lat="38.92049" lon="-8.33861">
        <ele>60.95</ele>
      </trkpt>
      <trkpt lat="38.92052" lon="-8.33848">
        <ele>61.46</ele>
      </trkpt>
      <trkpt lat="38.92057" lon="-8.33827">
        <ele>62.63</ele>
      </trkpt>
      <trkpt lat="38.92069" lon="-8.33785">
        <ele>65.57</ele>
      </trkpt>
      <trkpt lat="38.92073" lon="-8.3377">
        <ele>67.35</ele>
      </trkpt>
      <trkpt lat="38.92095" lon="-8.33695">
        <ele>71.17</ele>
      </trkpt>
      <trkpt lat="38.921" lon="-8.3368">
        <ele>70.38</ele>
      </trkpt>
      <trkpt lat="38.92119" lon="-8.33623">
        <ele>68.69</ele>
      </trkpt>
      <trkpt lat="38.92139" lon="-8.33571">
        <ele>67.12</ele>
      </trkpt>
      <trkpt lat="38.92148" lon="-8.33546">
        <ele>66.08</ele>
      </trkpt>
      <trkpt lat="38.9215" lon="-8.3352">
        <ele>64.92</ele>
      </trkpt>
      <trkpt lat="38.92144" lon="-8.33455">
        <ele>62.1</ele>
      </trkpt>
      <trkpt lat="38.9214" lon="-8.33428">
        <ele>61.22</ele>
      </trkpt>
      <trkpt lat="38.92133" lon="-8.33398">
        <ele>60.43</ele>
      </trkpt>
      <trkpt lat="38.92128" lon="-8.33367">
        <ele>59.34</ele>
      </trkpt>
      <trkpt lat="38.92122" lon="-8.33336">
        <ele>58.78</ele>
      </trkpt>
      <trkpt lat="38.92119" lon="-8.33322">
        <ele>59.21</ele>
      </trkpt>
      <trkpt lat="38.92112" lon="-8.33284">
        <ele>59.83</ele>
      </trkpt>
      <trkpt lat="38.92117" lon="-8.33263">
        <ele>61.16</ele>
      </trkpt>
      <trkpt lat="38.92123" lon="-8.33244">
        <ele>62.03</ele>
      </trkpt>
      <trkpt lat="38.92125" lon="-8.3322">
        <ele>62.08</ele>
      </trkpt>
      <trkpt lat="38.92128" lon="-8.33194">
        <ele>62.8</ele>
      </trkpt>
      <trkpt lat="38.92135" lon="-8.33168">
        <ele>63.23</ele>
      </trkpt>
      <trkpt lat="38.92159" lon="-8.33104">
        <ele>65.62</ele>
      </trkpt>
      <trkpt lat="38.92163" lon="-8.33092">
        <ele>66.34</ele>
      </trkpt>
      <trkpt lat="38.92166" lon="-8.33069">
        <ele>65.36</ele>
      </trkpt>
      <trkpt lat="38.92165" lon="-8.33058">
        <ele>64.07</ele>
      </trkpt>
      <trkpt lat="38.92164" lon="-8.33034">
        <ele>63.71</ele>
      </trkpt>
      <trkpt lat="38.92165" lon="-8.33011">
        <ele>62.68</ele>
      </trkpt>
      <trkpt lat="38.92166" lon="-8.33001">
        <ele>62.05</ele>
      </trkpt>
      <trkpt lat="38.92167" lon="-8.32984">
        <ele>62.07</ele>
      </trkpt>
      <trkpt lat="38.92163" lon="-8.32967">
        <ele>61.98</ele>
      </trkpt>
      <trkpt lat="38.92154" lon="-8.32952">
        <ele>62.09</ele>
      </trkpt>
      <trkpt lat="38.9215" lon="-8.32943">
        <ele>62.38</ele>
      </trkpt>
      <trkpt lat="38.92142" lon="-8.32915">
        <ele>64.57</ele>
      </trkpt>
      <trkpt lat="38.92134" lon="-8.32901">
        <ele>65.05</ele>
      </trkpt>
      <trkpt lat="38.92128" lon="-8.32894">
        <ele>65.56</ele>
      </trkpt>
      <trkpt lat="38.92092" lon="-8.32862">
        <ele>67.31</ele>
      </trkpt>
      <trkpt lat="38.92072" lon="-8.32839">
        <ele>67.68</ele>
      </trkpt>
      <trkpt lat="38.92067" lon="-8.3283">
        <ele>67.44</ele>
      </trkpt>
      <trkpt lat="38.92062" lon="-8.3282">
        <ele>67.09</ele>
      </trkpt>
      <trkpt lat="38.92058" lon="-8.3281">
        <ele>66.47</ele>
      </trkpt>
      <trkpt lat="38.92056" lon="-8.32798">
        <ele>65.53</ele>
      </trkpt>
      <trkpt lat="38.92051" lon="-8.32761">
        <ele>63.98</ele>
      </trkpt>
      <trkpt lat="38.92045" lon="-8.32738">
        <ele>63.96</ele>
      </trkpt>
      <trkpt lat="38.92041" lon="-8.32729">
        <ele>63.89</ele>
      </trkpt>
      <trkpt lat="38.92032" lon="-8.32716">
        <ele>63.78</ele>
      </trkpt>
      <trkpt lat="38.92008" lon="-8.32698">
        <ele>67.16</ele>
      </trkpt>
      <trkpt lat="38.91968" lon="-8.32667">
        <ele>68.61</ele>
      </trkpt>
      <trkpt lat="38.91925" lon="-8.32641">
        <ele>70.43</ele>
      </trkpt>
      <trkpt lat="38.91908" lon="-8.32631">
        <ele>68.32</ele>
      </trkpt>
      <trkpt lat="38.91893" lon="-8.32616">
        <ele>64.39</ele>
      </trkpt>
      <trkpt lat="38.91873" lon="-8.32586">
        <ele>58.0</ele>
      </trkpt>
      <trkpt lat="38.91865" lon="-8.32577">
        <ele>56.43</ele>
      </trkpt>
      <trkpt lat="38.91852" lon="-8.32559">
        <ele>54.51</ele>
      </trkpt>
      <trkpt lat="38.91848" lon="-8.32549">
        <ele>54.18</ele>
      </trkpt>
      <trkpt lat="38.91844" lon="-8.32538">
        <ele>54.01</ele>
      </trkpt>
      <trkpt lat="38.91837" lon="-8.32515">
        <ele>53.06</ele>
      </trkpt>
      <trkpt lat="38.91834" lon="-8.32503">
        <ele>52.22</ele>
      </trkpt>
      <trkpt lat="38.91827" lon="-8.32479">
        <ele>49.92</ele>
      </trkpt>
      <trkpt lat="38.91823" lon="-8.32466">
        <ele>48.44</ele>
      </trkpt>
      <trkpt lat="38.91816" lon="-8.32437">
        <ele>45.86</ele>
      </trkpt>
      <trkpt lat="38.91814" lon="-8.32422">
        <ele>45.1</ele>
      </trkpt>
      <trkpt lat="38.91808" lon="-8.32392">
        <ele>45.15</ele>
      </trkpt>
      <trkpt lat="38.918" lon="-8.32363">
        <ele>44.8</ele>
      </trkpt>
      <trkpt lat="38.91791" lon="-8.32336">
        <ele>45.34</ele>
      </trkpt>
      <trkpt lat="38.91781" lon="-8.32314">
        <ele>45.04</ele>
      </trkpt>
      <trkpt lat="38.91752" lon="-8.32245">
        <ele>47.41</ele>
      </trkpt>
      <trkpt lat="38.91744" lon="-8.32216">
        <ele>47.53</ele>
      </trkpt>
      <trkpt lat="38.91742" lon="-8.32201">
        <ele>47.68</ele>
      </trkpt>
      <trkpt lat="38.9173" lon="-8.32117">
        <ele>47.99</ele>
      </trkpt>
      <trkpt lat="38.91727" lon="-8.321">
        <ele>47.54</ele>
      </trkpt>
      <trkpt lat="38.91712" lon="-8.32019">
        <ele>48.58</ele>
      </trkpt>
      <trkpt lat="38.91706" lon="-8.31985">
        <ele>48.29</ele>
      </trkpt>
      <trkpt lat="38.91696" lon="-8.31916">
        <ele>48.19</ele>
      </trkpt>
      <trkpt lat="38.91692" lon="-8.31866">
        <ele>48.85</ele>
      </trkpt>
      <trkpt lat="38.91691" lon="-8.31793">
        <ele>48.47</ele>
      </trkpt>
      <trkpt lat="38.91692" lon="-8.31731">
        <ele>47.71</ele>
      </trkpt>
      <trkpt lat="38.91694" lon="-8.31721">
        <ele>48.04</ele>
      </trkpt>
      <trkpt lat="38.91703" lon="-8.31692">
        <ele>49.4</ele>
      </trkpt>
      <trkpt lat="38.91705" lon="-8.31682">
        <ele>49.83</ele>
      </trkpt>
      <trkpt lat="38.91708" lon="-8.31651">
        <ele>50.76</ele>
      </trkpt>
      <trkpt lat="38.91707" lon="-8.31613">
        <ele>51.84</ele>
      </trkpt>
      <trkpt lat="38.91705" lon="-8.31601">
        <ele>52.04</ele>
      </trkpt>
      <trkpt lat="38.91698" lon="-8.31576">
        <ele>51.55</ele>
      </trkpt>
      <trkpt lat="38.91679" lon="-8.31518">
        <ele>51.76</ele>
      </trkpt>
      <trkpt lat="38.91659" lon="-8.31464">
        <ele>51.56</ele>
      </trkpt>
      <trkpt lat="38.91653" lon="-8.31452">
        <ele>50.79</ele>
      </trkpt>
      <trkpt lat="38.91638" lon="-8.31418">
        <ele>50.88</ele>
      </trkpt>
      <trkpt lat="38.91621" lon="-8.31365">
        <ele>50.46</ele>
      </trkpt>
      <trkpt lat="38.91592" lon="-8.313">
        <ele>49.44</ele>
      </trkpt>
      <trkpt lat="38.9158" lon="-8.31276">
        <ele>49.05</ele>
      </trkpt>
      <trkpt lat="38.91573" lon="-8.3125">
        <ele>48.0</ele>
      </trkpt>
      <trkpt lat="38.91572" lon="-8.31223">
        <ele>47.6</ele>
      </trkpt>
      <trkpt lat="38.91573" lon="-8.31209">
        <ele>47.63</ele>
      </trkpt>
      <trkpt lat="38.9158" lon="-8.31145">
        <ele>47.01</ele>
      </trkpt>
      <trkpt lat="38.91582" lon="-8.31121">
        <ele>46.87</ele>
      </trkpt>
      <trkpt lat="38.91587" lon="-8.31098">
        <ele>47.6</ele>
      </trkpt>
      <trkpt lat="38.91599" lon="-8.31029">
        <ele>49.84</ele>
      </trkpt>
      <trkpt lat="38.91602" lon="-8.31018">
        <ele>50.12</ele>
      </trkpt>
      <trkpt lat="38.9161" lon="-8.30957">
        <ele>51.41</ele>
      </trkpt>
      <trkpt lat="38.9162" lon="-8.30887">
        <ele>52.1</ele>
      </trkpt>
      <trkpt lat="38.91621" lon="-8.30877">
        <ele>51.26</ele>
      </trkpt>
      <trkpt lat="38.91622" lon="-8.30857">
        <ele>49.49</ele>
      </trkpt>
      <trkpt lat="38.91623" lon="-8.3083">
        <ele>48.03</ele>
      </trkpt>
      <trkpt lat="38.91623" lon="-8.30821">
        <ele>48.49</ele>
      </trkpt>
      <trkpt lat="38.91621" lon="-8.30789">
        <ele>48.86</ele>
      </trkpt>
      <trkpt lat="38.9162" lon="-8.30782">
        <ele>48.69</ele>
      </trkpt>
      <trkpt lat="38.9162" lon="-8.30755">
        <ele>50.58</ele>
      </trkpt>
      <trkpt lat="38.91618" lon="-8.30698">
        <ele>48.97</ele>
      </trkpt>
      <trkpt lat="38.91617" lon="-8.3069">
        <ele>48.6</ele>
      </trkpt>
      <trkpt lat="38.9162" lon="-8.30658">
        <ele>48.53</ele>
      </trkpt>
      <trkpt lat="38.91625" lon="-8.30638">
        <ele>49.0</ele>
      </trkpt>
      <trkpt lat="38.9163" lon="-8.30626">
        <ele>49.89</ele>
      </trkpt>
      <trkpt lat="38.91638" lon="-8.30619">
        <ele>51.54</ele>
      </trkpt>
      <trkpt lat="38.91642" lon="-8.30617">
        <ele>52.6</ele>
      </trkpt>
      <trkpt lat="38.91647" lon="-8.30617">
        <ele>53.89</ele>
      </trkpt>
      <trkpt lat="38.91658" lon="-8.30616">
        <ele>56.76</ele>
      </trkpt>
      <trkpt lat="38.91664" lon="-8.30614">
        <ele>58.32</ele>
      </trkpt>
      <trkpt lat="38.91691" lon="-8.30603">
        <ele>59.69</ele>
      </trkpt>
      <trkpt lat="38.91696" lon="-8.306">
        <ele>59.24</ele>
      </trkpt>
      <trkpt lat="38.91702" lon="-8.30592">
        <ele>57.33</ele>
      </trkpt>
      <trkpt lat="38.91712" lon="-8.30578">
        <ele>53.9</ele>
      </trkpt>
      <trkpt lat="38.91731" lon="-8.30556">
        <ele>49.42</ele>
      </trkpt>
      <trkpt lat="38.91748" lon="-8.30539">
        <ele>50.23</ele>
      </trkpt>
      <trkpt lat="38.9177" lon="-8.30522">
        <ele>51.53</ele>
      </trkpt>
      <trkpt lat="38.91791" lon="-8.30507">
        <ele>53.84</ele>
      </trkpt>
      <trkpt lat="38.918" lon="-8.30503">
        <ele>55.82</ele>
      </trkpt>
      <trkpt lat="38.91815" lon="-8.30496">
        <ele>57.44</ele>
      </trkpt>
      <trkpt lat="38.9182" lon="-8.30492">
        <ele>57.66</ele>
      </trkpt>
      <trkpt lat="38.9183" lon="-8.30486">
        <ele>57.94</ele>
      </trkpt>
      <trkpt lat="38.91841" lon="-8.30483">
        <ele>58.78</ele>
      </trkpt>
      <trkpt lat="38.91848" lon="-8.30483">
        <ele>59.5</ele>
      </trkpt>
      <trkpt lat="38.91855" lon="-8.30483">
        <ele>60.21</ele>
      </trkpt>
      <trkpt lat="38.91871" lon="-8.30487">
        <ele>60.74</ele>
      </trkpt>
      <trkpt lat="38.9188" lon="-8.3049">
        <ele>60.57</ele>
      </trkpt>
      <trkpt lat="38.91907" lon="-8.30496">
        <ele>62.42</ele>
      </trkpt>
      <trkpt lat="38.91933" lon="-8.30499">
        <ele>62.87</ele>
      </trkpt>
      <trkpt lat="38.91962" lon="-8.305">
        <ele>63.26</ele>
      </trkpt>
      <trkpt lat="38.91968" lon="-8.30501">
        <ele>63.85</ele>
      </trkpt>
      <trkpt lat="38.91986" lon="-8.30507">
        <ele>63.4</ele>
      </trkpt>
      <trkpt lat="38.92009" lon="-8.30517">
        <ele>62.76</ele>
      </trkpt>
      <trkpt lat="38.9202" lon="-8.30521">
        <ele>62.9</ele>
      </trkpt>
      <trkpt lat="38.92049" lon="-8.30532">
        <ele>72.84</ele>
      </trkpt>
      <trkpt lat="38.92053" lon="-8.30535">
        <ele>75.21</ele>
      </trkpt>
      <trkpt lat="38.92063" lon="-8.30538">
        <ele>75.8</ele>
      </trkpt>
      <trkpt lat="38.92082" lon="-8.30542">
        <ele>74.31</ele>
      </trkpt>
      <trkpt lat="38.92119" lon="-8.30548">
        <ele>68.48</ele>
      </trkpt>
      <trkpt lat="38.92175" lon="-8.30554">
        <ele>64.94</ele>
      </trkpt>
      <trkpt lat="38.92192" lon="-8.30557">
        <ele>66.94</ele>
      </trkpt>
      <trkpt lat="38.9222" lon="-8.3056">
        <ele>67.01</ele>
      </trkpt>
      <trkpt lat="38.92269" lon="-8.30577">
        <ele>70.28</ele>
      </trkpt>
      <trkpt lat="38.92278" lon="-8.30582">
        <ele>70.75</ele>
      </trkpt>
      <trkpt lat="38.92303" lon="-8.30595">
        <ele>72.53</ele>
      </trkpt>
      <trkpt lat="38.92311" lon="-8.30598">
        <ele>73.05</ele>
      </trkpt>
      <trkpt lat="38.92327" lon="-8.30603">
        <ele>73.38</ele>
      </trkpt>
      <trkpt lat="38.92345" lon="-8.30603">
        <ele>73.91</ele>
      </trkpt>
      <trkpt lat="38.92355" lon="-8.30603">
        <ele>74.59</ele>
      </trkpt>
      <trkpt lat="38.92365" lon="-8.30601">
        <ele>74.76</ele>
      </trkpt>
      <trkpt lat="38.92385" lon="-8.30593">
        <ele>73.02</ele>
      </trkpt>
      <trkpt lat="38.92415" lon="-8.30579">
        <ele>74.7</ele>
      </trkpt>
      <trkpt lat="38.92433" lon="-8.30569">
        <ele>72.15</ele>
      </trkpt>
      <trkpt lat="38.9245" lon="-8.30561">
        <ele>70.36</ele>
      </trkpt>
      <trkpt lat="38.9246" lon="-8.30559">
        <ele>69.47</ele>
      </trkpt>
      <trkpt lat="38.92467" lon="-8.3056">
        <ele>68.92</ele>
      </trkpt>
      <trkpt lat="38.92485" lon="-8.30566">
        <ele>70.51</ele>
      </trkpt>
      <trkpt lat="38.92493" lon="-8.30573">
        <ele>72.13</ele>
      </trkpt>
      <trkpt lat="38.92498" lon="-8.30581">
        <ele>73.53</ele>
      </trkpt>
      <trkpt lat="38.92506" lon="-8.306">
        <ele>74.99</ele>
      </trkpt>
      <trkpt lat="38.92514" lon="-8.3062">
        <ele>77.8</ele>
      </trkpt>
      <trkpt lat="38.92519" lon="-8.30629">
        <ele>80.0</ele>
      </trkpt>
      <trkpt lat="38.92532" lon="-8.30644">
        <ele>83.5</ele>
      </trkpt>
      <trkpt lat="38.9254" lon="-8.30651">
        <ele>83.92</ele>
      </trkpt>
      <trkpt lat="38.92559" lon="-8.30664">
        <ele>83.78</ele>
      </trkpt>
      <trkpt lat="38.92569" lon="-8.3067">
        <ele>83.29</ele>
      </trkpt>
      <trkpt lat="38.92579" lon="-8.30677">
        <ele>81.64</ele>
      </trkpt>
      <trkpt lat="38.92588" lon="-8.30685">
        <ele>79.59</ele>
      </trkpt>
      <trkpt lat="38.92596" lon="-8.30694">
        <ele>78.07</ele>
      </trkpt>
      <trkpt lat="38.92618" lon="-8.30726">
        <ele>80.83</ele>
      </trkpt>
      <trkpt lat="38.92638" lon="-8.30757">
        <ele>85.9</ele>
      </trkpt>
      <trkpt lat="38.92644" lon="-8.30766">
        <ele>87.13</ele>
      </trkpt>
      <trkpt lat="38.9265" lon="-8.30776">
        <ele>88.75</ele>
      </trkpt>
      <trkpt lat="38.92657" lon="-8.30785">
        <ele>90.82</ele>
      </trkpt>
      <trkpt lat="38.92663" lon="-8.30793">
        <ele>92.62</ele>
      </trkpt>
      <trkpt lat="38.92671" lon="-8.308">
        <ele>94.92</ele>
      </trkpt>
      <trkpt lat="38.92678" lon="-8.30806">
        <ele>96.88</ele>
      </trkpt>
      <trkpt lat="38.92694" lon="-8.30816">
        <ele>101.63</ele>
      </trkpt>
      <trkpt lat="38.92703" lon="-8.3082">
        <ele>103.41</ele>
      </trkpt>
      <trkpt lat="38.92712" lon="-8.30822">
        <ele>104.85</ele>
      </trkpt>
      <trkpt lat="38.92733" lon="-8.30825">
        <ele>104.44</ele>
      </trkpt>
      <trkpt lat="38.92744" lon="-8.30827">
        <ele>102.24</ele>
      </trkpt>
      <trkpt lat="38.9277" lon="-8.30829">
        <ele>99.23</ele>
      </trkpt>
      <trkpt lat="38.92783" lon="-8.3083">
        <ele>97.52</ele>
      </trkpt>
      <trkpt lat="38.92797" lon="-8.30831">
        <ele>94.82</ele>
      </trkpt>
      <trkpt lat="38.92809" lon="-8.30834">
        <ele>93.52</ele>
      </trkpt>
      <trkpt lat="38.92821" lon="-8.30839">
        <ele>95.31</ele>
      </trkpt>
      <trkpt lat="38.92832" lon="-8.30846">
        <ele>96.83</ele>
      </trkpt>
      <trkpt lat="38.92887" lon="-8.30876">
        <ele>101.6</ele>
      </trkpt>
      <trkpt lat="38.92932" lon="-8.30898">
        <ele>101.54</ele>
      </trkpt>
      <trkpt lat="38.92961" lon="-8.30926">
        <ele>98.25</ele>
      </trkpt>
      <trkpt lat="38.9297" lon="-8.30936">
        <ele>98.42</ele>
      </trkpt>
      <trkpt lat="38.93019" lon="-8.30989">
        <ele>103.58</ele>
      </trkpt>
      <trkpt lat="38.93041" lon="-8.31007">
        <ele>106.64</ele>
      </trkpt>
      <trkpt lat="38.93052" lon="-8.31014">
        <ele>108.36</ele>
      </trkpt>
      <trkpt lat="38.93075" lon="-8.31024">
        <ele>106.61</ele>
      </trkpt>
      <trkpt lat="38.93097" lon="-8.31029">
        <ele>103.97</ele>
      </trkpt>
      <trkpt lat="38.93108" lon="-8.31031">
        <ele>102.32</ele>
      </trkpt>
      <trkpt lat="38.9313" lon="-8.31029">
        <ele>104.62</ele>
      </trkpt>
      <trkpt lat="38.93151" lon="-8.3102">
        <ele>107.06</ele>
      </trkpt>
      <trkpt lat="38.93162" lon="-8.31013">
        <ele>107.61</ele>
      </trkpt>
      <trkpt lat="38.93173" lon="-8.31006">
        <ele>107.92</ele>
      </trkpt>
      <trkpt lat="38.93204" lon="-8.3098">
        <ele>113.94</ele>
      </trkpt>
      <trkpt lat="38.93234" lon="-8.30958">
        <ele>107.42</ele>
      </trkpt>
      <trkpt lat="38.93244" lon="-8.30953">
        <ele>105.83</ele>
      </trkpt>
      <trkpt lat="38.93253" lon="-8.30949">
        <ele>106.05</ele>
      </trkpt>
      <trkpt lat="38.9328" lon="-8.30942">
        <ele>108.62</ele>
      </trkpt>
      <trkpt lat="38.93315" lon="-8.30936">
        <ele>108.4</ele>
      </trkpt>
      <trkpt lat="38.93335" lon="-8.30933">
        <ele>103.24</ele>
      </trkpt>
      <trkpt lat="38.9339" lon="-8.30923">
        <ele>98.86</ele>
      </trkpt>
      <trkpt lat="38.93402" lon="-8.3092">
        <ele>100.36</ele>
      </trkpt>
      <trkpt lat="38.93427" lon="-8.30917">
        <ele>101.69</ele>
      </trkpt>
      <trkpt lat="38.93453" lon="-8.30918">
        <ele>100.47</ele>
      </trkpt>
      <trkpt lat="38.9348" lon="-8.30924">
        <ele>101.83</ele>
      </trkpt>
      <trkpt lat="38.93508" lon="-8.3093">
        <ele>104.26</ele>
      </trkpt>
      <trkpt lat="38.93522" lon="-8.30933">
        <ele>104.23</ele>
      </trkpt>
      <trkpt lat="38.93562" lon="-8.30942">
        <ele>107.07</ele>
      </trkpt>
      <trkpt lat="38.93615" lon="-8.30953">
        <ele>110.93</ele>
      </trkpt>
      <trkpt lat="38.93678" lon="-8.30974">
        <ele>110.06</ele>
      </trkpt>
      <trkpt lat="38.93711" lon="-8.30993">
        <ele>105.65</ele>
      </trkpt>
      <trkpt lat="38.93764" lon="-8.31032">
        <ele>108.83</ele>
      </trkpt>
      <trkpt lat="38.93806" lon="-8.31064">
        <ele>104.11</ele>
      </trkpt>
      <trkpt lat="38.93816" lon="-8.31074">
        <ele>103.26</ele>
      </trkpt>
      <trkpt lat="38.93849" lon="-8.31111">
        <ele>100.14</ele>
      </trkpt>
      <trkpt lat="38.93857" lon="-8.31118">
        <ele>100.74</ele>
      </trkpt>
      <trkpt lat="38.93875" lon="-8.31128">
        <ele>103.39</ele>
      </trkpt>
      <trkpt lat="38.93882" lon="-8.31131">
        <ele>104.44</ele>
      </trkpt>
      <trkpt lat="38.93892" lon="-8.31134">
        <ele>105.07</ele>
      </trkpt>
      <trkpt lat="38.93913" lon="-8.31138">
        <ele>103.24</ele>
      </trkpt>
      <trkpt lat="38.93924" lon="-8.3114">
        <ele>102.76</ele>
      </trkpt>
      <trkpt lat="38.93936" lon="-8.31141">
        <ele>102.41</ele>
      </trkpt>
      <trkpt lat="38.93986" lon="-8.31146">
        <ele>108.85</ele>
      </trkpt>
      <trkpt lat="38.94049" lon="-8.31154">
        <ele>109.08</ele>
      </trkpt>
      <trkpt lat="38.94074" lon="-8.31156">
        <ele>106.88</ele>
      </trkpt>
      <trkpt lat="38.94111" lon="-8.31159">
        <ele>110.26</ele>
      </trkpt>
      <trkpt lat="38.94145" lon="-8.31162">
        <ele>111.97</ele>
      </trkpt>
      <trkpt lat="38.94167" lon="-8.31166">
        <ele>109.89</ele>
      </trkpt>
      <trkpt lat="38.94213" lon="-8.31181">
        <ele>107.53</ele>
      </trkpt>
      <trkpt lat="38.94268" lon="-8.31201">
        <ele>104.34</ele>
      </trkpt>
      <trkpt lat="38.94313" lon="-8.31215">
        <ele>109.06</ele>
      </trkpt>
      <trkpt lat="38.94371" lon="-8.31218">
        <ele>102.94</ele>
      </trkpt>
      <trkpt lat="38.94382" lon="-8.31219">
        <ele>101.46</ele>
      </trkpt>
      <trkpt lat="38.94403" lon="-8.31226">
        <ele>99.35</ele>
      </trkpt>
      <trkpt lat="38.94413" lon="-8.3123">
        <ele>98.65</ele>
      </trkpt>
      <trkpt lat="38.94425" lon="-8.31238">
        <ele>98.16</ele>
      </trkpt>
      <trkpt lat="38.94445" lon="-8.31253">
        <ele>98.95</ele>
      </trkpt>
      <trkpt lat="38.94453" lon="-8.31259">
        <ele>102.36</ele>
      </trkpt>
      <trkpt lat="38.94464" lon="-8.31265">
        <ele>104.58</ele>
      </trkpt>
      <trkpt lat="38.94488" lon="-8.31274">
        <ele>103.35</ele>
      </trkpt>
      <trkpt lat="38.94499" lon="-8.31275">
        <ele>103.02</ele>
      </trkpt>
      <trkpt lat="38.9451" lon="-8.31274">
        <ele>103.05</ele>
      </trkpt>
      <trkpt lat="38.9452" lon="-8.31272">
        <ele>103.15</ele>
      </trkpt>
      <trkpt lat="38.94542" lon="-8.31266">
        <ele>102.11</ele>
      </trkpt>
      <trkpt lat="38.94564" lon="-8.31261">
        <ele>100.54</ele>
      </trkpt>
      <trkpt lat="38.94598" lon="-8.31252">
        <ele>99.53</ele>
      </trkpt>
      <trkpt lat="38.94607" lon="-8.3125">
        <ele>99.85</ele>
      </trkpt>
      <trkpt lat="38.94663" lon="-8.31233">
        <ele>99.17</ele>
      </trkpt>
      <trkpt lat="38.94675" lon="-8.3123">
        <ele>97.58</ele>
      </trkpt>
      <trkpt lat="38.94723" lon="-8.31226">
        <ele>97.86</ele>
      </trkpt>
      <trkpt lat="38.94764" lon="-8.31234">
        <ele>94.5</ele>
      </trkpt>
      <trkpt lat="38.94795" lon="-8.31232">
        <ele>95.73</ele>
      </trkpt>
      <trkpt lat="38.94804" lon="-8.31233">
        <ele>97.32</ele>
      </trkpt>
      <trkpt lat="38.94815" lon="-8.31235">
        <ele>98.06</ele>
      </trkpt>
      <trkpt lat="38.94834" lon="-8.31242">
        <ele>98.57</ele>
      </trkpt>
      <trkpt lat="38.94886" lon="-8.31276">
        <ele>99.04</ele>
      </trkpt>
      <trkpt lat="38.94939" lon="-8.31306">
        <ele>92.24</ele>
      </trkpt>
      <trkpt lat="38.94962" lon="-8.31314">
        <ele>91.98</ele>
      </trkpt>
      <trkpt lat="38.95002" lon="-8.31325">
        <ele>90.07</ele>
      </trkpt>
      <trkpt lat="38.95021" lon="-8.31331">
        <ele>91.39</ele>
      </trkpt>
      <trkpt lat="38.95028" lon="-8.31334">
        <ele>91.99</ele>
      </trkpt>
      <trkpt lat="38.95041" lon="-8.31342">
        <ele>92.34</ele>
      </trkpt>
      <trkpt lat="38.95049" lon="-8.31348">
        <ele>92.19</ele>
      </trkpt>
      <trkpt lat="38.95075" lon="-8.3137">
        <ele>93.32</ele>
      </trkpt>
      <trkpt lat="38.95118" lon="-8.31406">
        <ele>90.66</ele>
      </trkpt>
      <trkpt lat="38.95175" lon="-8.31451">
        <ele>89.35</ele>
      </trkpt>
      <trkpt lat="38.95186" lon="-8.31459">
        <ele>89.48</ele>
      </trkpt>
      <trkpt lat="38.95234" lon="-8.31496">
        <ele>90.05</ele>
      </trkpt>
      <trkpt lat="38.95294" lon="-8.31539">
        <ele>88.76</ele>
      </trkpt>
      <trkpt lat="38.95305" lon="-8.31548">
        <ele>84.99</ele>
      </trkpt>
      <trkpt lat="38.9535" lon="-8.31584">
        <ele>81.82</ele>
      </trkpt>
      <trkpt lat="38.9536" lon="-8.31593">
        <ele>83.53</ele>
      </trkpt>
      <trkpt lat="38.95371" lon="-8.31601">
        <ele>85.24</ele>
      </trkpt>
      <trkpt lat="38.95392" lon="-8.3162">
        <ele>86.6</ele>
      </trkpt>
      <trkpt lat="38.95401" lon="-8.31631">
        <ele>86.16</ele>
      </trkpt>
      <trkpt lat="38.9541" lon="-8.31642">
        <ele>85.89</ele>
      </trkpt>
      <trkpt lat="38.95427" lon="-8.31664">
        <ele>84.35</ele>
      </trkpt>
      <trkpt lat="38.95446" lon="-8.31682">
        <ele>82.99</ele>
      </trkpt>
      <trkpt lat="38.95467" lon="-8.31696">
        <ele>82.06</ele>
      </trkpt>
      <trkpt lat="38.95497" lon="-8.31715">
        <ele>82.88</ele>
      </trkpt>
      <trkpt lat="38.95507" lon="-8.31723">
        <ele>83.38</ele>
      </trkpt>
      <trkpt lat="38.95525" lon="-8.31743">
        <ele>82.41</ele>
      </trkpt>
      <trkpt lat="38.95543" lon="-8.31764">
        <ele>82.04</ele>
      </trkpt>
      <trkpt lat="38.95554" lon="-8.31775">
        <ele>80.53</ele>
      </trkpt>
      <trkpt lat="38.95575" lon="-8.31794">
        <ele>79.24</ele>
      </trkpt>
      <trkpt lat="38.95627" lon="-8.31844">
        <ele>76.04</ele>
      </trkpt>
      <trkpt lat="38.95664" lon="-8.3189">
        <ele>75.06</ele>
      </trkpt>
      <trkpt lat="38.95682" lon="-8.31914">
        <ele>75.36</ele>
      </trkpt>
      <trkpt lat="38.95727" lon="-8.31963">
        <ele>79.07</ele>
      </trkpt>
      <trkpt lat="38.95764" lon="-8.31997">
        <ele>78.84</ele>
      </trkpt>
      <trkpt lat="38.95774" lon="-8.32002">
        <ele>80.21</ele>
      </trkpt>
      <trkpt lat="38.95784" lon="-8.32002">
        <ele>81.11</ele>
      </trkpt>
      <trkpt lat="38.95793" lon="-8.31999">
        <ele>81.66</ele>
      </trkpt>
      <trkpt lat="38.95812" lon="-8.31989">
        <ele>83.22</ele>
      </trkpt>
      <trkpt lat="38.9582" lon="-8.31985">
        <ele>83.04</ele>
      </trkpt>
      <trkpt lat="38.95831" lon="-8.31979">
        <ele>82.25</ele>
      </trkpt>
      <trkpt lat="38.95842" lon="-8.31969">
        <ele>81.2</ele>
      </trkpt>
      <trkpt lat="38.95855" lon="-8.31953">
        <ele>82.75</ele>
      </trkpt>
      <trkpt lat="38.95885" lon="-8.3191">
        <ele>81.79</ele>
      </trkpt>
      <trkpt lat="38.95933" lon="-8.31848">
        <ele>80.62</ele>
      </trkpt>
      <trkpt lat="38.95974" lon="-8.31797">
        <ele>79.6</ele>
      </trkpt>
      <trkpt lat="38.95984" lon="-8.31784">
        <ele>79.66</ele>
      </trkpt>
      <trkpt lat="38.96014" lon="-8.31745">
        <ele>79.45</ele>
      </trkpt>
      <trkpt lat="38.96052" lon="-8.31694">
        <ele>80.96</ele>
      </trkpt>
      <trkpt lat="38.96061" lon="-8.31682">
        <ele>79.35</ele>
      </trkpt>
      <trkpt lat="38.9609" lon="-8.31645">
        <ele>75.74</ele>
      </trkpt>
      <trkpt lat="38.96136" lon="-8.31585">
        <ele>77.82</ele>
      </trkpt>
      <trkpt lat="38.96164" lon="-8.31548">
        <ele>80.01</ele>
      </trkpt>
      <trkpt lat="38.96211" lon="-8.31488">
        <ele>79.86</ele>
      </trkpt>
      <trkpt lat="38.96256" lon="-8.31428">
        <ele>78.27</ele>
      </trkpt>
      <trkpt lat="38.96292" lon="-8.3138">
        <ele>80.42</ele>
      </trkpt>
      <trkpt lat="38.96339" lon="-8.3132">
        <ele>83.38</ele>
      </trkpt>
      <trkpt lat="38.96348" lon="-8.31308">
        <ele>83.43</ele>
      </trkpt>
      <trkpt lat="38.96388" lon="-8.31256">
        <ele>80.22</ele>
      </trkpt>
      <trkpt lat="38.96398" lon="-8.31243">
        <ele>80.26</ele>
      </trkpt>
      <trkpt lat="38.96408" lon="-8.31229">
        <ele>79.95</ele>
      </trkpt>
      <trkpt lat="38.9645" lon="-8.31176">
        <ele>82.0</ele>
      </trkpt>
      <trkpt lat="38.96471" lon="-8.31151">
        <ele>81.61</ele>
      </trkpt>
      <trkpt lat="38.96501" lon="-8.31112">
        <ele>82.17</ele>
      </trkpt>
      <trkpt lat="38.9654" lon="-8.31058">
        <ele>84.57</ele>
      </trkpt>
      <trkpt lat="38.9655" lon="-8.31045">
        <ele>85.41</ele>
      </trkpt>
      <trkpt lat="38.96591" lon="-8.30991">
        <ele>86.91</ele>
      </trkpt>
      <trkpt lat="38.96631" lon="-8.30939">
        <ele>85.73</ele>
      </trkpt>
      <trkpt lat="38.96651" lon="-8.30913">
        <ele>84.81</ele>
      </trkpt>
      <trkpt lat="38.9669" lon="-8.30862">
        <ele>85.69</ele>
      </trkpt>
      <trkpt lat="38.96719" lon="-8.30823">
        <ele>87.13</ele>
      </trkpt>
      <trkpt lat="38.96739" lon="-8.30797">
        <ele>85.36</ele>
      </trkpt>
      <trkpt lat="38.96778" lon="-8.30745">
        <ele>87.01</ele>
      </trkpt>
      <trkpt lat="38.96818" lon="-8.30693">
        <ele>85.89</ele>
      </trkpt>
      <trkpt lat="38.96828" lon="-8.3068">
        <ele>86.94</ele>
      </trkpt>
      <trkpt lat="38.96867" lon="-8.3063">
        <ele>86.9</ele>
      </trkpt>
      <trkpt lat="38.96885" lon="-8.30605">
        <ele>86.05</ele>
      </trkpt>
      <trkpt lat="38.96922" lon="-8.30556">
        <ele>88.56</ele>
      </trkpt>
      <trkpt lat="38.96941" lon="-8.30531">
        <ele>90.63</ele>
      </trkpt>
      <trkpt lat="38.96979" lon="-8.30481">
        <ele>91.17</ele>
      </trkpt>
      <trkpt lat="38.96989" lon="-8.30469">
        <ele>91.67</ele>
      </trkpt>
      <trkpt lat="38.97018" lon="-8.30431">
        <ele>95.26</ele>
      </trkpt>
      <trkpt lat="38.97028" lon="-8.30418">
        <ele>96.97</ele>
      </trkpt>
      <trkpt lat="38.97055" lon="-8.30381">
        <ele>101.06</ele>
      </trkpt>
      <trkpt lat="38.97094" lon="-8.30333">
        <ele>100.85</ele>
      </trkpt>
      <trkpt lat="38.97147" lon="-8.30282">
        <ele>99.34</ele>
      </trkpt>
      <trkpt lat="38.97202" lon="-8.30232">
        <ele>101.61</ele>
      </trkpt>
      <trkpt lat="38.97236" lon="-8.30202">
        <ele>101.4</ele>
      </trkpt>
      <trkpt lat="38.97282" lon="-8.30165">
        <ele>100.35</ele>
      </trkpt>
      <trkpt lat="38.97316" lon="-8.30135">
        <ele>98.38</ele>
      </trkpt>
      <trkpt lat="38.97338" lon="-8.30115">
        <ele>100.38</ele>
      </trkpt>
      <trkpt lat="38.97395" lon="-8.30068">
        <ele>95.42</ele>
      </trkpt>
      <trkpt lat="38.97417" lon="-8.30049">
        <ele>97.58</ele>
      </trkpt>
      <trkpt lat="38.97472" lon="-8.3">
        <ele>92.98</ele>
      </trkpt>
      <trkpt lat="38.97517" lon="-8.29962">
        <ele>97.88</ele>
      </trkpt>
      <trkpt lat="38.97528" lon="-8.29952">
        <ele>99.71</ele>
      </trkpt>
      <trkpt lat="38.97562" lon="-8.29923">
        <ele>92.22</ele>
      </trkpt>
      <trkpt lat="38.97595" lon="-8.29894">
        <ele>87.45</ele>
      </trkpt>
      <trkpt lat="38.97617" lon="-8.29875">
        <ele>87.85</ele>
      </trkpt>
      <trkpt lat="38.97639" lon="-8.29855">
        <ele>90.77</ele>
      </trkpt>
      <trkpt lat="38.97661" lon="-8.29836">
        <ele>87.06</ele>
      </trkpt>
      <trkpt lat="38.97673" lon="-8.29827">
        <ele>85.62</ele>
      </trkpt>
      <trkpt lat="38.97695" lon="-8.29808">
        <ele>82.42</ele>
      </trkpt>
      <trkpt lat="38.97728" lon="-8.29779">
        <ele>86.31</ele>
      </trkpt>
      <trkpt lat="38.97751" lon="-8.29759">
        <ele>81.92</ele>
      </trkpt>
      <trkpt lat="38.97773" lon="-8.2974">
        <ele>80.23</ele>
      </trkpt>
      <trkpt lat="38.97794" lon="-8.29721">
        <ele>78.81</ele>
      </trkpt>
      <trkpt lat="38.97804" lon="-8.29713">
        <ele>78.66</ele>
      </trkpt>
      <trkpt lat="38.97814" lon="-8.29704">
        <ele>78.7</ele>
      </trkpt>
      <trkpt lat="38.97832" lon="-8.29688">
        <ele>78.25</ele>
      </trkpt>
      <trkpt lat="38.9784" lon="-8.29682">
        <ele>77.25</ele>
      </trkpt>
      <trkpt lat="38.97847" lon="-8.29676">
        <ele>76.2</ele>
      </trkpt>
      <trkpt lat="38.9786" lon="-8.29664">
        <ele>74.01</ele>
      </trkpt>
      <trkpt lat="38.97866" lon="-8.29659">
        <ele>73.47</ele>
      </trkpt>
      <trkpt lat="38.97872" lon="-8.29654">
        <ele>73.41</ele>
      </trkpt>
      <trkpt lat="38.97883" lon="-8.29644">
        <ele>74.15</ele>
      </trkpt>
      <trkpt lat="38.97894" lon="-8.29635">
        <ele>75.32</ele>
      </trkpt>
      <trkpt lat="38.97898" lon="-8.29632">
        <ele>75.58</ele>
      </trkpt>
      <trkpt lat="38.97901" lon="-8.2963">
        <ele>75.76</ele>
      </trkpt>
      <trkpt lat="38.97904" lon="-8.29628">
        <ele>75.94</ele>
      </trkpt>
      <trkpt lat="38.97905" lon="-8.29627">
        <ele>76.01</ele>
      </trkpt>
      <trkpt lat="38.97904" lon="-8.29626">
        <ele>76.01</ele>
      </trkpt>
      <trkpt lat="38.97914" lon="-8.29618">
        <ele>76.66</ele>
      </trkpt>
      <trkpt lat="38.97934" lon="-8.29601">
        <ele>75.02</ele>
      </trkpt>
      <trkpt lat="38.97962" lon="-8.29575">
        <ele>72.81</ele>
      </trkpt>
      <trkpt lat="38.98009" lon="-8.29534">
        <ele>72.8</ele>
      </trkpt>
      <trkpt lat="38.98061" lon="-8.29489">
        <ele>62.68</ele>
      </trkpt>
      <trkpt lat="38.981" lon="-8.29454">
        <ele>67.28</ele>
      </trkpt>
      <trkpt lat="38.98153" lon="-8.29408">
        <ele>67.23</ele>
      </trkpt>
      <trkpt lat="38.98166" lon="-8.29398">
        <ele>66.31</ele>
      </trkpt>
      <trkpt lat="38.98177" lon="-8.29387">
        <ele>63.97</ele>
      </trkpt>
      <trkpt lat="38.98189" lon="-8.29378">
        <ele>62.74</ele>
      </trkpt>
      <trkpt lat="38.9821" lon="-8.2936">
        <ele>62.56</ele>
      </trkpt>
      <trkpt lat="38.98231" lon="-8.29342">
        <ele>63.85</ele>
      </trkpt>
      <trkpt lat="38.98241" lon="-8.29334">
        <ele>65.01</ele>
      </trkpt>
      <trkpt lat="38.98251" lon="-8.29325">
        <ele>65.02</ele>
      </trkpt>
      <trkpt lat="38.98283" lon="-8.29298">
        <ele>62.32</ele>
      </trkpt>
      <trkpt lat="38.98314" lon="-8.2927">
        <ele>61.39</ele>
      </trkpt>
      <trkpt lat="38.98324" lon="-8.29261">
        <ele>62.07</ele>
      </trkpt>
      <trkpt lat="38.98378" lon="-8.29214">
        <ele>60.21</ele>
      </trkpt>
      <trkpt lat="38.98389" lon="-8.29205">
        <ele>59.37</ele>
      </trkpt>
      <trkpt lat="38.98423" lon="-8.29176">
        <ele>58.82</ele>
      </trkpt>
      <trkpt lat="38.98456" lon="-8.29147">
        <ele>59.29</ele>
      </trkpt>
      <trkpt lat="38.98485" lon="-8.29121">
        <ele>59.59</ele>
      </trkpt>
      <trkpt lat="38.98513" lon="-8.291">
        <ele>56.78</ele>
      </trkpt>
      <trkpt lat="38.98522" lon="-8.29094">
        <ele>56.11</ele>
      </trkpt>
      <trkpt lat="38.98531" lon="-8.29089">
        <ele>55.61</ele>
      </trkpt>
      <trkpt lat="38.98541" lon="-8.29084">
        <ele>55.05</ele>
      </trkpt>
      <trkpt lat="38.9857" lon="-8.29071">
        <ele>53.48</ele>
      </trkpt>
      <trkpt lat="38.98602" lon="-8.29059">
        <ele>52.92</ele>
      </trkpt>
      <trkpt lat="38.98613" lon="-8.29055">
        <ele>52.95</ele>
      </trkpt>
      <trkpt lat="38.98672" lon="-8.29034">
        <ele>52.34</ele>
      </trkpt>
      <trkpt lat="38.98683" lon="-8.29029">
        <ele>53.15</ele>
      </trkpt>
      <trkpt lat="38.98728" lon="-8.29013">
        <ele>49.33</ele>
      </trkpt>
      <trkpt lat="38.98762" lon="-8.29001">
        <ele>45.74</ele>
      </trkpt>
      <trkpt lat="38.98795" lon="-8.2899">
        <ele>42.92</ele>
      </trkpt>
      <trkpt lat="38.98806" lon="-8.28986">
        <ele>42.48</ele>
      </trkpt>
      <trkpt lat="38.98824" lon="-8.28981">
        <ele>41.74</ele>
      </trkpt>
      <trkpt lat="38.98831" lon="-8.28979">
        <ele>41.51</ele>
      </trkpt>
      <trkpt lat="38.98836" lon="-8.28977">
        <ele>41.65</ele>
      </trkpt>
      <trkpt lat="38.98839" lon="-8.28975">
        <ele>41.83</ele>
      </trkpt>
      <trkpt lat="38.98842" lon="-8.28973">
        <ele>42.0</ele>
      </trkpt>
      <trkpt lat="38.98846" lon="-8.28968">
        <ele>42.44</ele>
      </trkpt>
      <trkpt lat="38.9885" lon="-8.28961">
        <ele>43.04</ele>
      </trkpt>
      <trkpt lat="38.9885" lon="-8.2896">
        <ele>43.06</ele>
      </trkpt>
      <trkpt lat="38.98851" lon="-8.28948">
        <ele>43.46</ele>
      </trkpt>
      <trkpt lat="38.9885" lon="-8.28936">
        <ele>43.46</ele>
      </trkpt>
      <trkpt lat="38.98848" lon="-8.28921">
        <ele>43.46</ele>
      </trkpt>
      <trkpt lat="38.98845" lon="-8.28905">
        <ele>43.91</ele>
      </trkpt>
      <trkpt lat="38.98846" lon="-8.28901">
        <ele>44.07</ele>
      </trkpt>
      <trkpt lat="38.98846" lon="-8.28895">
        <ele>44.3</ele>
      </trkpt>
      <trkpt lat="38.98856" lon="-8.2889">
        <ele>44.17</ele>
      </trkpt>
      <trkpt lat="38.98863" lon="-8.28888">
        <ele>44.1</ele>
      </trkpt>
      <trkpt lat="38.98889" lon="-8.28878">
        <ele>44.6</ele>
      </trkpt>
      <trkpt lat="38.9893" lon="-8.28861">
        <ele>43.45</ele>
      </trkpt>
      <trkpt lat="38.9894" lon="-8.28855">
        <ele>44.96</ele>
      </trkpt>
      <trkpt lat="38.98997" lon="-8.28825">
        <ele>41.7</ele>
      </trkpt>
      <trkpt lat="38.99009" lon="-8.28819">
        <ele>41.35</ele>
      </trkpt>
      <trkpt lat="38.9904" lon="-8.28802">
        <ele>41.38</ele>
      </trkpt>
      <trkpt lat="38.99058" lon="-8.28793">
        <ele>41.5</ele>
      </trkpt>
      <trkpt lat="38.99073" lon="-8.28785">
        <ele>41.1</ele>
      </trkpt>
      <trkpt lat="38.99077" lon="-8.28783">
        <ele>41.04</ele>
      </trkpt>
      <trkpt lat="38.9908" lon="-8.2878">
        <ele>41.01</ele>
      </trkpt>
      <trkpt lat="38.99081" lon="-8.28778">
        <ele>41.0</ele>
      </trkpt>
      <trkpt lat="38.99085" lon="-8.2877">
        <ele>41.3</ele>
      </trkpt>
      <trkpt lat="38.9909" lon="-8.28745">
        <ele>42.2</ele>
      </trkpt>
      <trkpt lat="38.99096" lon="-8.28704">
        <ele>41.29</ele>
      </trkpt>
      <trkpt lat="38.99099" lon="-8.28688">
        <ele>41.26</ele>
      </trkpt>
      <trkpt lat="38.99106" lon="-8.28627">
        <ele>43.71</ele>
      </trkpt>
      <trkpt lat="38.9911" lon="-8.28545">
        <ele>42.62</ele>
      </trkpt>
      <trkpt lat="38.9911" lon="-8.285">
        <ele>40.96</ele>
      </trkpt>
      <trkpt lat="38.99114" lon="-8.28487">
        <ele>41.84</ele>
      </trkpt>
      <trkpt lat="38.99124" lon="-8.28486">
        <ele>43.13</ele>
      </trkpt>
      <trkpt lat="38.99124" lon="-8.28486">
        <ele>43.13</ele>
      </trkpt>
      <trkpt lat="38.99132" lon="-8.2849">
        <ele>44.1</ele>
      </trkpt>
      <trkpt lat="38.99149" lon="-8.28499">
        <ele>44.65</ele>
      </trkpt>
      <trkpt lat="38.99182" lon="-8.28515">
        <ele>46.59</ele>
      </trkpt>
      <trkpt lat="38.99236" lon="-8.28539">
        <ele>43.2</ele>
      </trkpt>
      <trkpt lat="38.99294" lon="-8.28563">
        <ele>39.57</ele>
      </trkpt>
      <trkpt lat="38.99338" lon="-8.28584">
        <ele>36.33</ele>
      </trkpt>
      <trkpt lat="38.9938" lon="-8.28609">
        <ele>36.0</ele>
      </trkpt>
      <trkpt lat="38.99392" lon="-8.2862">
        <ele>35.18</ele>
      </trkpt>
      <trkpt lat="38.99414" lon="-8.28643">
        <ele>31.11</ele>
      </trkpt>
      <trkpt lat="38.99425" lon="-8.28654">
        <ele>30.89</ele>
      </trkpt>
      <trkpt lat="38.99447" lon="-8.28677">
        <ele>31.22</ele>
      </trkpt>
      <trkpt lat="38.99486" lon="-8.28718">
        <ele>33.99</ele>
      </trkpt>
      <trkpt lat="38.99497" lon="-8.28725">
        <ele>34.71</ele>
      </trkpt>
      <trkpt lat="38.99508" lon="-8.28729">
        <ele>33.96</ele>
      </trkpt>
      <trkpt lat="38.99519" lon="-8.28731">
        <ele>32.85</ele>
      </trkpt>
      <trkpt lat="38.99544" lon="-8.28729">
        <ele>31.27</ele>
      </trkpt>
      <trkpt lat="38.99598" lon="-8.28719">
        <ele>28.75</ele>
      </trkpt>
      <trkpt lat="38.9966" lon="-8.28706">
        <ele>30.26</ele>
      </trkpt>
      <trkpt lat="38.99671" lon="-8.28704">
        <ele>31.39</ele>
      </trkpt>
      <trkpt lat="38.99709" lon="-8.28696">
        <ele>35.06</ele>
      </trkpt>
      <trkpt lat="38.9972" lon="-8.28696">
        <ele>35.06</ele>
      </trkpt>
      <trkpt lat="38.99723" lon="-8.28699">
        <ele>35.05</ele>
      </trkpt>
      <trkpt lat="38.9973" lon="-8.28719">
        <ele>34.52</ele>
      </trkpt>
      <trkpt lat="38.99731" lon="-8.28726">
        <ele>34.51</ele>
      </trkpt>
      <trkpt lat="38.99734" lon="-8.28754">
        <ele>34.46</ele>
      </trkpt>
      <trkpt lat="38.99738" lon="-8.28813">
        <ele>34.43</ele>
      </trkpt>
      <trkpt lat="38.99741" lon="-8.28842">
        <ele>35.04</ele>
      </trkpt>
      <trkpt lat="38.99743" lon="-8.28888">
        <ele>35.76</ele>
      </trkpt>
      <trkpt lat="38.99743" lon="-8.28894">
        <ele>35.76</ele>
      </trkpt>
      <trkpt lat="38.99747" lon="-8.28946">
        <ele>35.37</ele>
      </trkpt>
      <trkpt lat="38.99751" lon="-8.29019">
        <ele>35.96</ele>
      </trkpt>
      <trkpt lat="38.99745" lon="-8.29058">
        <ele>35.37</ele>
      </trkpt>
      <trkpt lat="38.99744" lon="-8.29065">
        <ele>35.01</ele>
      </trkpt>
      <trkpt lat="38.99743" lon="-8.29071">
        <ele>34.69</ele>
      </trkpt>
      <trkpt lat="38.99742" lon="-8.29086">
        <ele>34.16</ele>
      </trkpt>
      <trkpt lat="38.99742" lon="-8.29094">
        <ele>34.25</ele>
      </trkpt>
      <trkpt lat="38.99743" lon="-8.29101">
        <ele>34.4</ele>
      </trkpt>
      <trkpt lat="38.99749" lon="-8.29119">
        <ele>34.37</ele>
      </trkpt>
      <trkpt lat="38.99746" lon="-8.29138">
        <ele>32.92</ele>
      </trkpt>
      <trkpt lat="38.99743" lon="-8.29161">
        <ele>30.56</ele>
      </trkpt>
      <trkpt lat="38.99743" lon="-8.29192">
        <ele>28.64</ele>
      </trkpt>
      <trkpt lat="38.99754" lon="-8.2923">
        <ele>27.78</ele>
      </trkpt>
      <trkpt lat="38.99764" lon="-8.29271">
        <ele>29.37</ele>
      </trkpt>
      <trkpt lat="38.99772" lon="-8.2931">
        <ele>28.78</ele>
      </trkpt>
      <trkpt lat="38.99781" lon="-8.29338">
        <ele>28.93</ele>
      </trkpt>
      <trkpt lat="38.99791" lon="-8.29378">
        <ele>28.61</ele>
      </trkpt>
      <trkpt lat="38.99792" lon="-8.29406">
        <ele>30.22</ele>
      </trkpt>
      <trkpt lat="38.99794" lon="-8.2941">
        <ele>30.39</ele>
      </trkpt>
      <trkpt lat="38.99797" lon="-8.29444">
        <ele>30.92</ele>
      </trkpt>
      <trkpt lat="38.99802" lon="-8.29476">
        <ele>29.14</ele>
      </trkpt>
      <trkpt lat="38.99803" lon="-8.29479">
        <ele>28.96</ele>
      </trkpt>
      <trkpt lat="38.99811" lon="-8.29509">
        <ele>28.46</ele>
      </trkpt>
      <trkpt lat="38.99819" lon="-8.29541">
        <ele>29.25</ele>
      </trkpt>
      <trkpt lat="38.99825" lon="-8.29591">
        <ele>30.92</ele>
      </trkpt>
      <trkpt lat="38.99835" lon="-8.29637">
        <ele>30.12</ele>
      </trkpt>
      <trkpt lat="38.99843" lon="-8.2967">
        <ele>31.77</ele>
      </trkpt>
      <trkpt lat="38.99854" lon="-8.2967">
        <ele>32.52</ele>
      </trkpt>
      <trkpt lat="38.99858" lon="-8.29667">
        <ele>32.78</ele>
      </trkpt>
      <trkpt lat="38.99876" lon="-8.29653">
        <ele>33.0</ele>
      </trkpt>
      <trkpt lat="38.99879" lon="-8.29651">
        <ele>33.0</ele>
      </trkpt>
      <trkpt lat="38.99892" lon="-8.29631">
        <ele>32.58</ele>
      </trkpt>
      <trkpt lat="38.99892" lon="-8.2963">
        <ele>32.51</ele>
      </trkpt>
      <trkpt lat="38.99894" lon="-8.29627">
        <ele>32.41</ele>
      </trkpt>
      <trkpt lat="38.99914" lon="-8.2961">
        <ele>32.74</ele>
      </trkpt>
      <trkpt lat="38.99918" lon="-8.29603">
        <ele>32.41</ele>
      </trkpt>
      <trkpt lat="38.9994" lon="-8.29592">
        <ele>32.52</ele>
      </trkpt>
      <trkpt lat="38.99941" lon="-8.29591">
        <ele>32.58</ele>
      </trkpt>
      <trkpt lat="38.99971" lon="-8.29559">
        <ele>36.43</ele>
      </trkpt>
      <trkpt lat="39.00001" lon="-8.29538">
        <ele>35.0</ele>
      </trkpt>
      <trkpt lat="39.00021" lon="-8.29517">
        <ele>36.05</ele>
      </trkpt>
      <trkpt lat="39.00043" lon="-8.29496">
        <ele>38.7</ele>
      </trkpt>
      <trkpt lat="39.00031" lon="-8.29469">
        <ele>39.01</ele>
      </trkpt>
      <trkpt lat="39.00038" lon="-8.29418">
        <ele>39.02</ele>
      </trkpt>
      <trkpt lat="39.00046" lon="-8.29388">
        <ele>41.08</ele>
      </trkpt>
      <trkpt lat="39.0005" lon="-8.2935">
        <ele>43.04</ele>
      </trkpt>
      <trkpt lat="39.00056" lon="-8.29316">
        <ele>43.63</ele>
      </trkpt>
      <trkpt lat="39.00056" lon="-8.29302">
        <ele>44.12</ele>
      </trkpt>
      <trkpt lat="39.00112" lon="-8.29292">
        <ele>43.71</ele>
      </trkpt>
      <trkpt lat="39.00116" lon="-8.29198">
        <ele>43.17</ele>
      </trkpt>
      <trkpt lat="39.00171" lon="-8.29195">
        <ele>45.17</ele>
      </trkpt>
      <trkpt lat="39.00235" lon="-8.29197">
        <ele>44.55</ele>
      </trkpt>
      <trkpt lat="39.00297" lon="-8.292">
        <ele>45.31</ele>
      </trkpt>
      <trkpt lat="39.00388" lon="-8.29194">
        <ele>45.94</ele>
      </trkpt>
      <trkpt lat="39.00476" lon="-8.2921">
        <ele>49.96</ele>
      </trkpt>
      <trkpt lat="39.00585" lon="-8.29212">
        <ele>64.04</ele>
      </trkpt>
      <trkpt lat="39.00681" lon="-8.29209">
        <ele>72.87</ele>
      </trkpt>
      <trkpt lat="39.00784" lon="-8.29208">
        <ele>65.98</ele>
      </trkpt>
      <trkpt lat="39.00848" lon="-8.29217">
        <ele>68.42</ele>
      </trkpt>
      <trkpt lat="39.00914" lon="-8.29241">
        <ele>69.45</ele>
      </trkpt>
      <trkpt lat="39.01007" lon="-8.29283">
        <ele>77.68</ele>
      </trkpt>
      <trkpt lat="39.01105" lon="-8.29347">
        <ele>77.46</ele>
      </trkpt>
      <trkpt lat="39.01192" lon="-8.2939">
        <ele>72.73</ele>
      </trkpt>
      <trkpt lat="39.0129" lon="-8.29443">
        <ele>73.23</ele>
      </trkpt>
      <trkpt lat="39.01437" lon="-8.2952">
        <ele>75.64</ele>
      </trkpt>
      <trkpt lat="39.01577" lon="-8.29598">
        <ele>85.19</ele>
      </trkpt>
      <trkpt lat="39.01671" lon="-8.29639">
        <ele>86.67</ele>
      </trkpt>
      <trkpt lat="39.01782" lon="-8.29705">
        <ele>83.76</ele>
      </trkpt>
      <trkpt lat="39.01923" lon="-8.29773">
        <ele>89.85</ele>
      </trkpt>
      <trkpt lat="39.02083" lon="-8.29864">
        <ele>91.98</ele>
      </trkpt>
      <trkpt lat="39.02144" lon="-8.29899">
        <ele>88.64</ele>
      </trkpt>
      <trkpt lat="39.0221" lon="-8.29939">
        <ele>93.88</ele>
      </trkpt>
      <trkpt lat="39.0226" lon="-8.29971">
        <ele>96.4</ele>
      </trkpt>
      <trkpt lat="39.02347" lon="-8.30021">
        <ele>99.1</ele>
      </trkpt>
      <trkpt lat="39.02401" lon="-8.30054">
        <ele>98.08</ele>
      </trkpt>
      <trkpt lat="39.02457" lon="-8.30083">
        <ele>101.9</ele>
      </trkpt>
      <trkpt lat="39.02517" lon="-8.30116">
        <ele>106.76</ele>
      </trkpt>
      <trkpt lat="39.02561" lon="-8.30131">
        <ele>109.69</ele>
      </trkpt>
      <trkpt lat="39.02621" lon="-8.30134">
        <ele>101.82</ele>
      </trkpt>
      <trkpt lat="39.02688" lon="-8.30099">
        <ele>102.63</ele>
      </trkpt>
      <trkpt lat="39.02758" lon="-8.30071">
        <ele>103.19</ele>
      </trkpt>
      <trkpt lat="39.02845" lon="-8.30039">
        <ele>105.15</ele>
      </trkpt>
      <trkpt lat="39.02921" lon="-8.30006">
        <ele>108.38</ele>
      </trkpt>
      <trkpt lat="39.02992" lon="-8.30015">
        <ele>112.22</ele>
      </trkpt>
      <trkpt lat="39.03087" lon="-8.30055">
        <ele>110.99</ele>
      </trkpt>
      <trkpt lat="39.03174" lon="-8.3009">
        <ele>112.22</ele>
      </trkpt>
      <trkpt lat="39.0334" lon="-8.30167">
        <ele>116.72</ele>
      </trkpt>
      <trkpt lat="39.03516" lon="-8.30245">
        <ele>113.13</ele>
      </trkpt>
      <trkpt lat="39.03697" lon="-8.30328">
        <ele>115.17</ele>
      </trkpt>
      <trkpt lat="39.03778" lon="-8.30377">
        <ele>110.43</ele>
      </trkpt>
      <trkpt lat="39.03825" lon="-8.30422">
        <ele>112.2</ele>
      </trkpt>
      <trkpt lat="39.03869" lon="-8.30493">
        <ele>109.36</ele>
      </trkpt>
      <trkpt lat="39.03908" lon="-8.30553">
        <ele>112.13</ele>
      </trkpt>
      <trkpt lat="39.0396" lon="-8.30626">
        <ele>119.44</ele>
      </trkpt>
      <trkpt lat="39.03996" lon="-8.30685">
        <ele>123.45</ele>
      </trkpt>
      <trkpt lat="39.04024" lon="-8.3072">
        <ele>126.3</ele>
      </trkpt>
      <trkpt lat="39.04112" lon="-8.30789">
        <ele>128.39</ele>
      </trkpt>
      <trkpt lat="39.04193" lon="-8.30845">
        <ele>126.82</ele>
      </trkpt>
      <trkpt lat="39.04262" lon="-8.30908">
        <ele>125.23</ele>
      </trkpt>
      <trkpt lat="39.04333" lon="-8.30977">
        <ele>122.65</ele>
      </trkpt>
      <trkpt lat="39.04418" lon="-8.31063">
        <ele>127.37</ele>
      </trkpt>
      <trkpt lat="39.04546" lon="-8.312">
        <ele>133.98</ele>
      </trkpt>
      <trkpt lat="39.04579" lon="-8.31247">
        <ele>133.84</ele>
      </trkpt>
      <trkpt lat="39.04657" lon="-8.31318">
        <ele>146.96</ele>
      </trkpt>
      <trkpt lat="39.04711" lon="-8.3136">
        <ele>147.85</ele>
      </trkpt>
      <trkpt lat="39.04763" lon="-8.31391">
        <ele>153.34</ele>
      </trkpt>
      <trkpt lat="39.04806" lon="-8.31416">
        <ele>152.07</ele>
      </trkpt>
      <trkpt lat="39.04834" lon="-8.31457">
        <ele>151.59</ele>
      </trkpt>
      <trkpt lat="39.04858" lon="-8.31498">
        <ele>151.06</ele>
      </trkpt>
      <trkpt lat="39.04873" lon="-8.31528">
        <ele>154.28</ele>
      </trkpt>
      <trkpt lat="39.04892" lon="-8.31585">
        <ele>151.38</ele>
      </trkpt>
      <trkpt lat="39.04906" lon="-8.31611">
        <ele>152.0</ele>
      </trkpt>
      <trkpt lat="39.04914" lon="-8.31626">
        <ele>151.03</ele>
      </trkpt>
      <trkpt lat="39.04939" lon="-8.31676">
        <ele>149.8</ele>
      </trkpt>
      <trkpt lat="39.04948" lon="-8.31693">
        <ele>148.53</ele>
      </trkpt>
      <trkpt lat="39.04981" lon="-8.31761">
        <ele>150.34</ele>
      </trkpt>
      <trkpt lat="39.05012" lon="-8.31825">
        <ele>149.66</ele>
      </trkpt>
      <trkpt lat="39.05041" lon="-8.31884">
        <ele>148.6</ele>
      </trkpt>
      <trkpt lat="39.05049" lon="-8.31898">
        <ele>148.87</ele>
      </trkpt>
      <trkpt lat="39.05084" lon="-8.31962">
        <ele>149.45</ele>
      </trkpt>
      <trkpt lat="39.05121" lon="-8.32025">
        <ele>149.24</ele>
      </trkpt>
      <trkpt lat="39.05129" lon="-8.32037">
        <ele>149.41</ele>
      </trkpt>
      <trkpt lat="39.05167" lon="-8.32078">
        <ele>151.44</ele>
      </trkpt>
      <trkpt lat="39.05178" lon="-8.32086">
        <ele>152.64</ele>
      </trkpt>
      <trkpt lat="39.05202" lon="-8.32096">
        <ele>154.09</ele>
      </trkpt>
      <trkpt lat="39.05237" lon="-8.32107">
        <ele>156.01</ele>
      </trkpt>
      <trkpt lat="39.0526" lon="-8.32113">
        <ele>153.82</ele>
      </trkpt>
      <trkpt lat="39.05321" lon="-8.32114">
        <ele>149.53</ele>
      </trkpt>
      <trkpt lat="39.05377" lon="-8.32105">
        <ele>148.7</ele>
      </trkpt>
      <trkpt lat="39.05446" lon="-8.32092">
        <ele>149.59</ele>
      </trkpt>
      <trkpt lat="39.05463" lon="-8.3209">
        <ele>148.4</ele>
      </trkpt>
      <trkpt lat="39.0553" lon="-8.32077">
        <ele>143.6</ele>
      </trkpt>
      <trkpt lat="39.05564" lon="-8.32071">
        <ele>144.24</ele>
      </trkpt>
      <trkpt lat="39.05597" lon="-8.32065">
        <ele>146.51</ele>
      </trkpt>
      <trkpt lat="39.05648" lon="-8.32056">
        <ele>145.77</ele>
      </trkpt>
      <trkpt lat="39.0568" lon="-8.32051">
        <ele>146.93</ele>
      </trkpt>
      <trkpt lat="39.05696" lon="-8.32048">
        <ele>146.87</ele>
      </trkpt>
      <trkpt lat="39.05712" lon="-8.32045">
        <ele>147.44</ele>
      </trkpt>
      <trkpt lat="39.0577" lon="-8.32035">
        <ele>145.2</ele>
      </trkpt>
      <trkpt lat="39.05788" lon="-8.32032">
        <ele>147.42</ele>
      </trkpt>
      <trkpt lat="39.05835" lon="-8.32022">
        <ele>151.52</ele>
      </trkpt>
      <trkpt lat="39.05895" lon="-8.32011">
        <ele>145.34</ele>
      </trkpt>
      <trkpt lat="39.05959" lon="-8.32">
        <ele>145.05</ele>
      </trkpt>
      <trkpt lat="39.06018" lon="-8.31994">
        <ele>147.25</ele>
      </trkpt>
      <trkpt lat="39.06047" lon="-8.31998">
        <ele>147.84</ele>
      </trkpt>
      <trkpt lat="39.06075" lon="-8.32006">
        <ele>146.46</ele>
      </trkpt>
      <trkpt lat="39.0613" lon="-8.32036">
        <ele>142.29</ele>
      </trkpt>
      <trkpt lat="39.06187" lon="-8.32073">
        <ele>146.31</ele>
      </trkpt>
      <trkpt lat="39.06215" lon="-8.32092">
        <ele>141.68</ele>
      </trkpt>
      <trkpt lat="39.06256" lon="-8.3212">
        <ele>146.52</ele>
      </trkpt>
      <trkpt lat="39.0631" lon="-8.32156">
        <ele>144.32</ele>
      </trkpt>
      <trkpt lat="39.06337" lon="-8.32175">
        <ele>145.87</ele>
      </trkpt>
      <trkpt lat="39.06393" lon="-8.32212">
        <ele>136.85</ele>
      </trkpt>
      <trkpt lat="39.06422" lon="-8.32231">
        <ele>133.12</ele>
      </trkpt>
      <trkpt lat="39.06436" lon="-8.32242">
        <ele>133.99</ele>
      </trkpt>
      <trkpt lat="39.06465" lon="-8.32263">
        <ele>131.1</ele>
      </trkpt>
      <trkpt lat="39.06492" lon="-8.32282">
        <ele>130.1</ele>
      </trkpt>
      <trkpt lat="39.06515" lon="-8.32297">
        <ele>129.09</ele>
      </trkpt>
      <trkpt lat="39.06531" lon="-8.32308">
        <ele>128.41</ele>
      </trkpt>
      <trkpt lat="39.06537" lon="-8.32312">
        <ele>128.74</ele>
      </trkpt>
      <trkpt lat="39.06548" lon="-8.32323">
        <ele>127.68</ele>
      </trkpt>
      <trkpt lat="39.06555" lon="-8.32328">
        <ele>126.05</ele>
      </trkpt>
      <trkpt lat="39.06571" lon="-8.32344">
        <ele>125.3</ele>
      </trkpt>
      <trkpt lat="39.06596" lon="-8.3238">
        <ele>122.42</ele>
      </trkpt>
      <trkpt lat="39.06603" lon="-8.32394">
        <ele>121.69</ele>
      </trkpt>
      <trkpt lat="39.06613" lon="-8.32423">
        <ele>121.45</ele>
      </trkpt>
      <trkpt lat="39.0664" lon="-8.32496">
        <ele>122.37</ele>
      </trkpt>
      <trkpt lat="39.0665" lon="-8.32525">
        <ele>122.98</ele>
      </trkpt>
      <trkpt lat="39.06673" lon="-8.32596">
        <ele>125.16</ele>
      </trkpt>
      <trkpt lat="39.06678" lon="-8.32611">
        <ele>126.0</ele>
      </trkpt>
      <trkpt lat="39.06703" lon="-8.32681">
        <ele>123.78</ele>
      </trkpt>
      <trkpt lat="39.06708" lon="-8.32694">
        <ele>123.03</ele>
      </trkpt>
      <trkpt lat="39.06738" lon="-8.32759">
        <ele>122.62</ele>
      </trkpt>
      <trkpt lat="39.06752" lon="-8.32788">
        <ele>120.66</ele>
      </trkpt>
      <trkpt lat="39.0678" lon="-8.32847">
        <ele>118.05</ele>
      </trkpt>
      <trkpt lat="39.06794" lon="-8.32878">
        <ele>118.32</ele>
      </trkpt>
      <trkpt lat="39.06814" lon="-8.32922">
        <ele>117.45</ele>
      </trkpt>
      <trkpt lat="39.06826" lon="-8.32949">
        <ele>115.29</ele>
      </trkpt>
      <trkpt lat="39.06832" lon="-8.32961">
        <ele>113.96</ele>
      </trkpt>
      <trkpt lat="39.0684" lon="-8.32988">
        <ele>112.94</ele>
      </trkpt>
      <trkpt lat="39.06843" lon="-8.33002">
        <ele>112.85</ele>
      </trkpt>
      <trkpt lat="39.06849" lon="-8.33054">
        <ele>106.5</ele>
      </trkpt>
      <trkpt lat="39.0685" lon="-8.33066">
        <ele>104.9</ele>
      </trkpt>
      <trkpt lat="39.06852" lon="-8.3309">
        <ele>102.61</ele>
      </trkpt>
      <trkpt lat="39.06855" lon="-8.33113">
        <ele>102.85</ele>
      </trkpt>
      <trkpt lat="39.06856" lon="-8.33122">
        <ele>102.76</ele>
      </trkpt>
      <trkpt lat="39.06857" lon="-8.33131">
        <ele>102.65</ele>
      </trkpt>
      <trkpt lat="39.06859" lon="-8.33145">
        <ele>102.26</ele>
      </trkpt>
      <trkpt lat="39.06859" lon="-8.33148">
        <ele>102.04</ele>
      </trkpt>
      <trkpt lat="39.06859" lon="-8.33151">
        <ele>101.82</ele>
      </trkpt>
      <trkpt lat="39.0686" lon="-8.3316">
        <ele>101.32</ele>
      </trkpt>
      <trkpt lat="39.0686" lon="-8.33167">
        <ele>100.82</ele>
      </trkpt>
      <trkpt lat="39.06861" lon="-8.33187">
        <ele>99.52</ele>
      </trkpt>
      <trkpt lat="39.06862" lon="-8.33197">
        <ele>99.22</ele>
      </trkpt>
      <trkpt lat="39.0687" lon="-8.33255">
        <ele>100.69</ele>
      </trkpt>
      <trkpt lat="39.06873" lon="-8.33269">
        <ele>100.4</ele>
      </trkpt>
      <trkpt lat="39.06886" lon="-8.33312">
        <ele>97.48</ele>
      </trkpt>
      <trkpt lat="39.06891" lon="-8.33326">
        <ele>95.17</ele>
      </trkpt>
      <trkpt lat="39.06897" lon="-8.33339">
        <ele>92.86</ele>
      </trkpt>
      <trkpt lat="39.06904" lon="-8.33351">
        <ele>90.09</ele>
      </trkpt>
      <trkpt lat="39.06912" lon="-8.33361">
        <ele>87.86</ele>
      </trkpt>
      <trkpt lat="39.06926" lon="-8.33379">
        <ele>87.41</ele>
      </trkpt>
      <trkpt lat="39.06934" lon="-8.33386">
        <ele>87.81</ele>
      </trkpt>
      <trkpt lat="39.06941" lon="-8.33393">
        <ele>88.15</ele>
      </trkpt>
      <trkpt lat="39.06948" lon="-8.33399">
        <ele>88.68</ele>
      </trkpt>
      <trkpt lat="39.06956" lon="-8.33404">
        <ele>88.86</ele>
      </trkpt>
      <trkpt lat="39.06964" lon="-8.33409">
        <ele>88.52</ele>
      </trkpt>
      <trkpt lat="39.06972" lon="-8.33414">
        <ele>87.67</ele>
      </trkpt>
      <trkpt lat="39.06979" lon="-8.33417">
        <ele>87.44</ele>
      </trkpt>
      <trkpt lat="39.06987" lon="-8.33419">
        <ele>87.63</ele>
      </trkpt>
      <trkpt lat="39.06996" lon="-8.33421">
        <ele>87.71</ele>
      </trkpt>
      <trkpt lat="39.07013" lon="-8.33422">
        <ele>85.12</ele>
      </trkpt>
      <trkpt lat="39.07031" lon="-8.33418">
        <ele>82.69</ele>
      </trkpt>
      <trkpt lat="39.07056" lon="-8.33411">
        <ele>82.77</ele>
      </trkpt>
      <trkpt lat="39.07073" lon="-8.33404">
        <ele>81.71</ele>
      </trkpt>
      <trkpt lat="39.07081" lon="-8.334">
        <ele>80.92</ele>
      </trkpt>
      <trkpt lat="39.0709" lon="-8.33395">
        <ele>79.58</ele>
      </trkpt>
      <trkpt lat="39.07108" lon="-8.33384">
        <ele>76.56</ele>
      </trkpt>
      <trkpt lat="39.07127" lon="-8.33373">
        <ele>74.86</ele>
      </trkpt>
      <trkpt lat="39.07145" lon="-8.33364">
        <ele>73.54</ele>
      </trkpt>
      <trkpt lat="39.07163" lon="-8.33354">
        <ele>72.23</ele>
      </trkpt>
      <trkpt lat="39.07179" lon="-8.33347">
        <ele>72.46</ele>
      </trkpt>
      <trkpt lat="39.07198" lon="-8.33347">
        <ele>73.29</ele>
      </trkpt>
      <trkpt lat="39.07207" lon="-8.33349">
        <ele>73.71</ele>
      </trkpt>
      <trkpt lat="39.07215" lon="-8.33353">
        <ele>73.96</ele>
      </trkpt>
      <trkpt lat="39.07236" lon="-8.33366">
        <ele>75.49</ele>
      </trkpt>
      <trkpt lat="39.07274" lon="-8.33394">
        <ele>79.91</ele>
      </trkpt>
      <trkpt lat="39.07312" lon="-8.3341">
        <ele>82.91</ele>
      </trkpt>
      <trkpt lat="39.0732" lon="-8.3341">
        <ele>83.14</ele>
      </trkpt>
      <trkpt lat="39.07326" lon="-8.33409">
        <ele>83.28</ele>
      </trkpt>
      <trkpt lat="39.07344" lon="-8.334">
        <ele>83.64</ele>
      </trkpt>
      <trkpt lat="39.07368" lon="-8.33388">
        <ele>85.66</ele>
      </trkpt>
      <trkpt lat="39.07379" lon="-8.33384">
        <ele>86.35</ele>
      </trkpt>
      <trkpt lat="39.07388" lon="-8.33382">
        <ele>86.93</ele>
      </trkpt>
      <trkpt lat="39.07407" lon="-8.3338">
        <ele>86.49</ele>
      </trkpt>
      <trkpt lat="39.07423" lon="-8.3338">
        <ele>86.36</ele>
      </trkpt>
      <trkpt lat="39.07433" lon="-8.33382">
        <ele>86.5</ele>
      </trkpt>
      <trkpt lat="39.0744" lon="-8.33385">
        <ele>86.72</ele>
      </trkpt>
      <trkpt lat="39.07447" lon="-8.33389">
        <ele>87.01</ele>
      </trkpt>
      <trkpt lat="39.07462" lon="-8.33397">
        <ele>87.32</ele>
      </trkpt>
      <trkpt lat="39.07468" lon="-8.334">
        <ele>87.18</ele>
      </trkpt>
      <trkpt lat="39.07477" lon="-8.33405">
        <ele>87.12</ele>
      </trkpt>
      <trkpt lat="39.07501" lon="-8.33418">
        <ele>86.3</ele>
      </trkpt>
      <trkpt lat="39.07525" lon="-8.3343">
        <ele>87.61</ele>
      </trkpt>
      <trkpt lat="39.07538" lon="-8.33436">
        <ele>89.29</ele>
      </trkpt>
      <trkpt lat="39.07562" lon="-8.3344">
        <ele>93.61</ele>
      </trkpt>
      <trkpt lat="39.07602" lon="-8.33449">
        <ele>98.17</ele>
      </trkpt>
      <trkpt lat="39.0761" lon="-8.33451">
        <ele>98.7</ele>
      </trkpt>
      <trkpt lat="39.07627" lon="-8.33455">
        <ele>99.98</ele>
      </trkpt>
      <trkpt lat="39.07645" lon="-8.33458">
        <ele>100.88</ele>
      </trkpt>
      <trkpt lat="39.07661" lon="-8.33462">
        <ele>101.13</ele>
      </trkpt>
      <trkpt lat="39.0767" lon="-8.33465">
        <ele>101.74</ele>
      </trkpt>
      <trkpt lat="39.07682" lon="-8.33468">
        <ele>102.11</ele>
      </trkpt>
      <trkpt lat="39.07703" lon="-8.33473">
        <ele>103.41</ele>
      </trkpt>
      <trkpt lat="39.07724" lon="-8.33477">
        <ele>107.09</ele>
      </trkpt>
      <trkpt lat="39.07745" lon="-8.33482">
        <ele>107.11</ele>
      </trkpt>
      <trkpt lat="39.07756" lon="-8.33485">
        <ele>107.33</ele>
      </trkpt>
      <trkpt lat="39.07775" lon="-8.3349">
        <ele>106.06</ele>
      </trkpt>
      <trkpt lat="39.07798" lon="-8.33495">
        <ele>107.62</ele>
      </trkpt>
      <trkpt lat="39.07818" lon="-8.33499">
        <ele>112.06</ele>
      </trkpt>
      <trkpt lat="39.07839" lon="-8.33505">
        <ele>117.3</ele>
      </trkpt>
      <trkpt lat="39.07861" lon="-8.33513">
        <ele>120.39</ele>
      </trkpt>
      <trkpt lat="39.07869" lon="-8.33516">
        <ele>121.25</ele>
      </trkpt>
      <trkpt lat="39.07879" lon="-8.33521">
        <ele>122.23</ele>
      </trkpt>
      <trkpt lat="39.07908" lon="-8.33537">
        <ele>124.87</ele>
      </trkpt>
      <trkpt lat="39.07923" lon="-8.33547">
        <ele>125.59</ele>
      </trkpt>
      <trkpt lat="39.07933" lon="-8.33555">
        <ele>126.0</ele>
      </trkpt>
      <trkpt lat="39.07941" lon="-8.33563">
        <ele>125.93</ele>
      </trkpt>
      <trkpt lat="39.07949" lon="-8.33571">
        <ele>126.12</ele>
      </trkpt>
      <trkpt lat="39.07955" lon="-8.33578">
        <ele>126.95</ele>
      </trkpt>
      <trkpt lat="39.07963" lon="-8.33586">
        <ele>128.34</ele>
      </trkpt>
      <trkpt lat="39.07971" lon="-8.33596">
        <ele>129.78</ele>
      </trkpt>
      <trkpt lat="39.07981" lon="-8.33607">
        <ele>130.85</ele>
      </trkpt>
      <trkpt lat="39.07998" lon="-8.33627">
        <ele>131.64</ele>
      </trkpt>
      <trkpt lat="39.08014" lon="-8.33646">
        <ele>130.98</ele>
      </trkpt>
      <trkpt lat="39.0806" lon="-8.33698">
        <ele>126.15</ele>
      </trkpt>
      <trkpt lat="39.08108" lon="-8.33746">
        <ele>121.01</ele>
      </trkpt>
      <trkpt lat="39.08121" lon="-8.33756">
        <ele>121.45</ele>
      </trkpt>
      <trkpt lat="39.08179" lon="-8.33787">
        <ele>129.55</ele>
      </trkpt>
      <trkpt lat="39.08239" lon="-8.3381">
        <ele>123.61</ele>
      </trkpt>
      <trkpt lat="39.08273" lon="-8.33822">
        <ele>126.19</ele>
      </trkpt>
      <trkpt lat="39.08299" lon="-8.33832">
        <ele>127.35</ele>
      </trkpt>
      <trkpt lat="39.08359" lon="-8.33853">
        <ele>123.28</ele>
      </trkpt>
      <trkpt lat="39.08371" lon="-8.33857">
        <ele>122.21</ele>
      </trkpt>
      <trkpt lat="39.0843" lon="-8.33877">
        <ele>122.66</ele>
      </trkpt>
      <trkpt lat="39.08492" lon="-8.33898">
        <ele>127.56</ele>
      </trkpt>
      <trkpt lat="39.08504" lon="-8.33903">
        <ele>128.59</ele>
      </trkpt>
      <trkpt lat="39.08541" lon="-8.33916">
        <ele>131.07</ele>
      </trkpt>
      <trkpt lat="39.08576" lon="-8.33927">
        <ele>134.18</ele>
      </trkpt>
      <trkpt lat="39.08616" lon="-8.33936">
        <ele>137.02</ele>
      </trkpt>
      <trkpt lat="39.0864" lon="-8.33942">
        <ele>136.11</ele>
      </trkpt>
      <trkpt lat="39.08665" lon="-8.33948">
        <ele>136.02</ele>
      </trkpt>
      <trkpt lat="39.0869" lon="-8.33953">
        <ele>141.88</ele>
      </trkpt>
      <trkpt lat="39.08713" lon="-8.33958">
        <ele>143.65</ele>
      </trkpt>
      <trkpt lat="39.08749" lon="-8.33965">
        <ele>145.19</ele>
      </trkpt>
      <trkpt lat="39.08762" lon="-8.33966">
        <ele>145.62</ele>
      </trkpt>
      <trkpt lat="39.08776" lon="-8.33967">
        <ele>145.96</ele>
      </trkpt>
      <trkpt lat="39.08802" lon="-8.33962">
        <ele>147.42</ele>
      </trkpt>
      <trkpt lat="39.08825" lon="-8.33954">
        <ele>145.48</ele>
      </trkpt>
      <trkpt lat="39.08839" lon="-8.33945">
        <ele>144.03</ele>
      </trkpt>
      <trkpt lat="39.08862" lon="-8.33929">
        <ele>145.07</ele>
      </trkpt>
      <trkpt lat="39.08898" lon="-8.33903">
        <ele>143.49</ele>
      </trkpt>
      <trkpt lat="39.08911" lon="-8.33894">
        <ele>143.69</ele>
      </trkpt>
      <trkpt lat="39.08944" lon="-8.33869">
        <ele>146.11</ele>
      </trkpt>
      <trkpt lat="39.08982" lon="-8.3384">
        <ele>146.75</ele>
      </trkpt>
      <trkpt lat="39.08991" lon="-8.33833">
        <ele>146.99</ele>
      </trkpt>
      <trkpt lat="39.0903" lon="-8.33807">
        <ele>148.08</ele>
      </trkpt>
      <trkpt lat="39.09064" lon="-8.33785">
        <ele>147.57</ele>
      </trkpt>
      <trkpt lat="39.0908" lon="-8.33777">
        <ele>146.24</ele>
      </trkpt>
      <trkpt lat="39.09119" lon="-8.33766">
        <ele>146.28</ele>
      </trkpt>
      <trkpt lat="39.09136" lon="-8.33764">
        <ele>148.18</ele>
      </trkpt>
      <trkpt lat="39.0918" lon="-8.33769">
        <ele>152.89</ele>
      </trkpt>
      <trkpt lat="39.0924" lon="-8.33782">
        <ele>149.23</ele>
      </trkpt>
      <trkpt lat="39.09285" lon="-8.33793">
        <ele>149.35</ele>
      </trkpt>
      <trkpt lat="39.0933" lon="-8.33805">
        <ele>152.17</ele>
      </trkpt>
      <trkpt lat="39.09387" lon="-8.33818">
        <ele>155.87</ele>
      </trkpt>
      <trkpt lat="39.09452" lon="-8.33834">
        <ele>154.54</ele>
      </trkpt>
      <trkpt lat="39.09464" lon="-8.33837">
        <ele>155.41</ele>
      </trkpt>
      <trkpt lat="39.09488" lon="-8.33843">
        <ele>153.53</ele>
      </trkpt>
      <trkpt lat="39.09512" lon="-8.33851">
        <ele>152.39</ele>
      </trkpt>
      <trkpt lat="39.09536" lon="-8.3386">
        <ele>153.35</ele>
      </trkpt>
      <trkpt lat="39.09546" lon="-8.33865">
        <ele>153.33</ele>
      </trkpt>
      <trkpt lat="39.09567" lon="-8.3388">
        <ele>152.65</ele>
      </trkpt>
      <trkpt lat="39.09614" lon="-8.33922">
        <ele>155.77</ele>
      </trkpt>
      <trkpt lat="39.09624" lon="-8.33929">
        <ele>156.21</ele>
      </trkpt>
      <trkpt lat="39.09634" lon="-8.33936">
        <ele>155.74</ele>
      </trkpt>
      <trkpt lat="39.09681" lon="-8.33958">
        <ele>155.78</ele>
      </trkpt>
      <trkpt lat="39.09742" lon="-8.33985">
        <ele>158.62</ele>
      </trkpt>
      <trkpt lat="39.09764" lon="-8.33994">
        <ele>157.43</ele>
      </trkpt>
      <trkpt lat="39.09792" lon="-8.34006">
        <ele>154.74</ele>
      </trkpt>
      <trkpt lat="39.09852" lon="-8.34031">
        <ele>152.34</ele>
      </trkpt>
      <trkpt lat="39.09863" lon="-8.34036">
        <ele>152.84</ele>
      </trkpt>
      <trkpt lat="39.09898" lon="-8.3405">
        <ele>150.79</ele>
      </trkpt>
      <trkpt lat="39.09909" lon="-8.34056">
        <ele>151.44</ele>
      </trkpt>
      <trkpt lat="39.09919" lon="-8.34064">
        <ele>151.86</ele>
      </trkpt>
      <trkpt lat="39.09919" lon="-8.34064">
        <ele>151.86</ele>
      </trkpt>
      <trkpt lat="39.09927" lon="-8.34074">
        <ele>152.45</ele>
      </trkpt>
      <trkpt lat="39.0994" lon="-8.34097">
        <ele>154.44</ele>
      </trkpt>
      <trkpt lat="39.09957" lon="-8.3415">
        <ele>156.43</ele>
      </trkpt>
      <trkpt lat="39.09977" lon="-8.34215">
        <ele>160.56</ele>
      </trkpt>
      <trkpt lat="39.09982" lon="-8.34227">
        <ele>160.88</ele>
      </trkpt>
      <trkpt lat="39.09991" lon="-8.34251">
        <ele>161.04</ele>
      </trkpt>
      <trkpt lat="39.09999" lon="-8.34274">
        <ele>161.92</ele>
      </trkpt>
      <trkpt lat="39.10008" lon="-8.34296">
        <ele>163.15</ele>
      </trkpt>
      <trkpt lat="39.10012" lon="-8.34305">
        <ele>163.73</ele>
      </trkpt>
      <trkpt lat="39.10022" lon="-8.34323">
        <ele>165.43</ele>
      </trkpt>
      <trkpt lat="39.10023" lon="-8.34345">
        <ele>165.87</ele>
      </trkpt>
      <trkpt lat="39.10011" lon="-8.34346">
        <ele>165.62</ele>
      </trkpt>
      <trkpt lat="39.09999" lon="-8.3435">
        <ele>165.74</ele>
      </trkpt>
      <trkpt lat="39.09975" lon="-8.34362">
        <ele>164.39</ele>
      </trkpt>
      <trkpt lat="39.09938" lon="-8.34388">
        <ele>165.74</ele>
      </trkpt>
      <trkpt lat="39.09926" lon="-8.34399">
        <ele>165.7</ele>
      </trkpt>
      <trkpt lat="39.09915" lon="-8.3441">
        <ele>165.7</ele>
      </trkpt>
      <trkpt lat="39.09894" lon="-8.34439">
        <ele>164.02</ele>
      </trkpt>
      <trkpt lat="39.09868" lon="-8.34492">
        <ele>159.18</ele>
      </trkpt>
      <trkpt lat="39.09848" lon="-8.34567">
        <ele>156.06</ele>
      </trkpt>
      <trkpt lat="39.09833" lon="-8.34619">
        <ele>157.55</ele>
      </trkpt>
      <trkpt lat="39.09828" lon="-8.34636">
        <ele>158.43</ele>
      </trkpt>
      <trkpt lat="39.09821" lon="-8.34652">
        <ele>158.58</ele>
      </trkpt>
      <trkpt lat="39.09807" lon="-8.34683">
        <ele>159.25</ele>
      </trkpt>
      <trkpt lat="39.09787" lon="-8.34732">
        <ele>161.82</ele>
      </trkpt>
      <trkpt lat="39.09765" lon="-8.34774">
        <ele>164.79</ele>
      </trkpt>
      <trkpt lat="39.09757" lon="-8.34784">
        <ele>165.22</ele>
      </trkpt>
      <trkpt lat="39.09748" lon="-8.34792">
        <ele>165.4</ele>
      </trkpt>
      <trkpt lat="39.09718" lon="-8.34815">
        <ele>164.44</ele>
      </trkpt>
      <trkpt lat="39.09708" lon="-8.34824">
        <ele>164.84</ele>
      </trkpt>
      <trkpt lat="39.09698" lon="-8.34835">
        <ele>165.06</ele>
      </trkpt>
      <trkpt lat="39.09688" lon="-8.34848">
        <ele>165.64</ele>
      </trkpt>
      <trkpt lat="39.09678" lon="-8.34861">
        <ele>166.0</ele>
      </trkpt>
      <trkpt lat="39.09654" lon="-8.34898">
        <ele>167.03</ele>
      </trkpt>
      <trkpt lat="39.09646" lon="-8.34914">
        <ele>166.56</ele>
      </trkpt>
      <trkpt lat="39.09643" lon="-8.34921">
        <ele>166.27</ele>
      </trkpt>
      <trkpt lat="39.09639" lon="-8.34937">
        <ele>166.01</ele>
      </trkpt>
      <trkpt lat="39.09637" lon="-8.34947">
        <ele>165.8</ele>
      </trkpt>
      <trkpt lat="39.09636" lon="-8.34971">
        <ele>165.69</ele>
      </trkpt>
      <trkpt lat="39.09635" lon="-8.34985">
        <ele>165.64</ele>
      </trkpt>
      <trkpt lat="39.09634" lon="-8.35001">
        <ele>165.63</ele>
      </trkpt>
      <trkpt lat="39.09624" lon="-8.35028">
        <ele>165.54</ele>
      </trkpt>
      <trkpt lat="39.09591" lon="-8.35073">
        <ele>166.55</ele>
      </trkpt>
      <trkpt lat="39.09584" lon="-8.35085">
        <ele>166.08</ele>
      </trkpt>
      <trkpt lat="39.09577" lon="-8.35098">
        <ele>165.95</ele>
      </trkpt>
      <trkpt lat="39.09572" lon="-8.35113">
        <ele>165.84</ele>
      </trkpt>
      <trkpt lat="39.09569" lon="-8.35129">
        <ele>166.1</ele>
      </trkpt>
      <trkpt lat="39.09564" lon="-8.35164">
        <ele>165.64</ele>
      </trkpt>
      <trkpt lat="39.09551" lon="-8.35218">
        <ele>163.68</ele>
      </trkpt>
      <trkpt lat="39.09524" lon="-8.35285">
        <ele>158.89</ele>
      </trkpt>
      <trkpt lat="39.09508" lon="-8.35316">
        <ele>158.79</ele>
      </trkpt>
      <trkpt lat="39.09493" lon="-8.35347">
        <ele>158.0</ele>
      </trkpt>
      <trkpt lat="39.09479" lon="-8.35376">
        <ele>157.06</ele>
      </trkpt>
      <trkpt lat="39.09472" lon="-8.35391">
        <ele>155.92</ele>
      </trkpt>
      <trkpt lat="39.09458" lon="-8.35419">
        <ele>154.14</ele>
      </trkpt>
      <trkpt lat="39.09433" lon="-8.35474">
        <ele>155.96</ele>
      </trkpt>
      <trkpt lat="39.09427" lon="-8.35487">
        <ele>155.8</ele>
      </trkpt>
      <trkpt lat="39.09412" lon="-8.35528">
        <ele>155.83</ele>
      </trkpt>
      <trkpt lat="39.09408" lon="-8.35543">
        <ele>156.03</ele>
      </trkpt>
      <trkpt lat="39.094" lon="-8.35584">
        <ele>156.6</ele>
      </trkpt>
      <trkpt lat="39.09399" lon="-8.35595">
        <ele>156.64</ele>
      </trkpt>
      <trkpt lat="39.09403" lon="-8.35648">
        <ele>156.84</ele>
      </trkpt>
      <trkpt lat="39.09404" lon="-8.35661">
        <ele>156.64</ele>
      </trkpt>
      <trkpt lat="39.09404" lon="-8.35675">
        <ele>156.38</ele>
      </trkpt>
      <trkpt lat="39.094" lon="-8.35705">
        <ele>155.62</ele>
      </trkpt>
      <trkpt lat="39.09397" lon="-8.3572">
        <ele>155.08</ele>
      </trkpt>
      <trkpt lat="39.09392" lon="-8.35735">
        <ele>153.62</ele>
      </trkpt>
      <trkpt lat="39.09386" lon="-8.35749">
        <ele>152.2</ele>
      </trkpt>
      <trkpt lat="39.0938" lon="-8.35763">
        <ele>151.7</ele>
      </trkpt>
      <trkpt lat="39.09363" lon="-8.35827">
        <ele>151.0</ele>
      </trkpt>
      <trkpt lat="39.0936" lon="-8.35895">
        <ele>148.75</ele>
      </trkpt>
      <trkpt lat="39.09364" lon="-8.35943">
        <ele>148.1</ele>
      </trkpt>
      <trkpt lat="39.09364" lon="-8.35959">
        <ele>147.16</ele>
      </trkpt>
      <trkpt lat="39.09363" lon="-8.35974">
        <ele>146.14</ele>
      </trkpt>
      <trkpt lat="39.09355" lon="-8.36004">
        <ele>145.14</ele>
      </trkpt>
      <trkpt lat="39.09338" lon="-8.36047">
        <ele>144.65</ele>
      </trkpt>
      <trkpt lat="39.09322" lon="-8.36091">
        <ele>143.48</ele>
      </trkpt>
      <trkpt lat="39.09317" lon="-8.36106">
        <ele>142.93</ele>
      </trkpt>
      <trkpt lat="39.09301" lon="-8.36145">
        <ele>143.35</ele>
      </trkpt>
      <trkpt lat="39.09289" lon="-8.36168">
        <ele>144.02</ele>
      </trkpt>
      <trkpt lat="39.0925" lon="-8.36221">
        <ele>146.09</ele>
      </trkpt>
      <trkpt lat="39.092" lon="-8.36266">
        <ele>148.37</ele>
      </trkpt>
      <trkpt lat="39.09171" lon="-8.36295">
        <ele>148.0</ele>
      </trkpt>
      <trkpt lat="39.09163" lon="-8.36306">
        <ele>147.99</ele>
      </trkpt>
      <trkpt lat="39.09152" lon="-8.3633">
        <ele>147.58</ele>
      </trkpt>
      <trkpt lat="39.09148" lon="-8.36343">
        <ele>147.67</ele>
      </trkpt>
      <trkpt lat="39.09146" lon="-8.36355">
        <ele>147.74</ele>
      </trkpt>
      <trkpt lat="39.09143" lon="-8.36379">
        <ele>146.75</ele>
      </trkpt>
      <trkpt lat="39.09144" lon="-8.36412">
        <ele>144.67</ele>
      </trkpt>
      <trkpt lat="39.09149" lon="-8.36437">
        <ele>144.53</ele>
      </trkpt>
      <trkpt lat="39.0916" lon="-8.36488">
        <ele>144.74</ele>
      </trkpt>
      <trkpt lat="39.0916" lon="-8.36503">
        <ele>145.5</ele>
      </trkpt>
      <trkpt lat="39.09156" lon="-8.36565">
        <ele>145.01</ele>
      </trkpt>
      <trkpt lat="39.09159" lon="-8.36594">
        <ele>143.72</ele>
      </trkpt>
      <trkpt lat="39.09162" lon="-8.36609">
        <ele>143.11</ele>
      </trkpt>
      <trkpt lat="39.09183" lon="-8.36674">
        <ele>145.11</ele>
      </trkpt>
      <trkpt lat="39.09187" lon="-8.36687">
        <ele>145.2</ele>
      </trkpt>
      <trkpt lat="39.09207" lon="-8.36757">
        <ele>145.14</ele>
      </trkpt>
      <trkpt lat="39.09221" lon="-8.36807">
        <ele>143.23</ele>
      </trkpt>
      <trkpt lat="39.09238" lon="-8.36868">
        <ele>146.5</ele>
      </trkpt>
      <trkpt lat="39.09241" lon="-8.36885">
        <ele>147.72</ele>
      </trkpt>
      <trkpt lat="39.09244" lon="-8.36951">
        <ele>149.52</ele>
      </trkpt>
      <trkpt lat="39.09242" lon="-8.37033">
        <ele>150.09</ele>
      </trkpt>
      <trkpt lat="39.09242" lon="-8.37049">
        <ele>150.83</ele>
      </trkpt>
      <trkpt lat="39.09237" lon="-8.37133">
        <ele>153.24</ele>
      </trkpt>
      <trkpt lat="39.09235" lon="-8.37146">
        <ele>153.81</ele>
      </trkpt>
      <trkpt lat="39.09224" lon="-8.37215">
        <ele>154.35</ele>
      </trkpt>
      <trkpt lat="39.0922" lon="-8.37251">
        <ele>154.91</ele>
      </trkpt>
      <trkpt lat="39.09217" lon="-8.37268">
        <ele>155.8</ele>
      </trkpt>
      <trkpt lat="39.09212" lon="-8.37308">
        <ele>157.25</ele>
      </trkpt>
      <trkpt lat="39.09205" lon="-8.37361">
        <ele>157.14</ele>
      </trkpt>
      <trkpt lat="39.09197" lon="-8.37414">
        <ele>155.37</ele>
      </trkpt>
      <trkpt lat="39.09195" lon="-8.37431">
        <ele>155.06</ele>
      </trkpt>
      <trkpt lat="39.09194" lon="-8.37481">
        <ele>154.04</ele>
      </trkpt>
      <trkpt lat="39.09195" lon="-8.37497">
        <ele>154.06</ele>
      </trkpt>
      <trkpt lat="39.09199" lon="-8.37546">
        <ele>154.71</ele>
      </trkpt>
      <trkpt lat="39.09204" lon="-8.3761">
        <ele>151.45</ele>
      </trkpt>
      <trkpt lat="39.09215" lon="-8.37689">
        <ele>153.28</ele>
      </trkpt>
      <trkpt lat="39.09235" lon="-8.37761">
        <ele>156.66</ele>
      </trkpt>
      <trkpt lat="39.09237" lon="-8.37774">
        <ele>156.67</ele>
      </trkpt>
      <trkpt lat="39.09254" lon="-8.3782">
        <ele>158.36</ele>
      </trkpt>
      <trkpt lat="39.09283" lon="-8.37853">
        <ele>159.43</ele>
      </trkpt>
      <trkpt lat="39.09321" lon="-8.37893">
        <ele>162.9</ele>
      </trkpt>
      <trkpt lat="39.09354" lon="-8.37929">
        <ele>160.62</ele>
      </trkpt>
      <trkpt lat="39.09369" lon="-8.37993">
        <ele>157.97</ele>
      </trkpt>
      <trkpt lat="39.09382" lon="-8.38053">
        <ele>156.26</ele>
      </trkpt>
      <trkpt lat="39.09396" lon="-8.38097">
        <ele>158.96</ele>
      </trkpt>
      <trkpt lat="39.09439" lon="-8.38149">
        <ele>158.88</ele>
      </trkpt>
      <trkpt lat="39.09504" lon="-8.38189">
        <ele>157.89</ele>
      </trkpt>
      <trkpt lat="39.09567" lon="-8.38231">
        <ele>157.31</ele>
      </trkpt>
      <trkpt lat="39.09588" lon="-8.38319">
        <ele>157.0</ele>
      </trkpt>
      <trkpt lat="39.09612" lon="-8.38444">
        <ele>157.11</ele>
      </trkpt>
      <trkpt lat="39.09632" lon="-8.38509">
        <ele>160.6</ele>
      </trkpt>
      <trkpt lat="39.09636" lon="-8.38613">
        <ele>154.72</ele>
      </trkpt>
      <trkpt lat="39.09623" lon="-8.38769">
        <ele>149.66</ele>
      </trkpt>
      <trkpt lat="39.096" lon="-8.39034">
        <ele>148.89</ele>
      </trkpt>
      <trkpt lat="39.09596" lon="-8.39263">
        <ele>151.67</ele>
      </trkpt>
      <trkpt lat="39.09595" lon="-8.39541">
        <ele>153.22</ele>
      </trkpt>
      <trkpt lat="39.09637" lon="-8.39716">
        <ele>154.53</ele>
      </trkpt>
      <trkpt lat="39.09644" lon="-8.39928">
        <ele>156.0</ele>
      </trkpt>
      <trkpt lat="39.09695" lon="-8.40146">
        <ele>156.71</ele>
      </trkpt>
      <trkpt lat="39.0969" lon="-8.40275">
        <ele>154.9</ele>
      </trkpt>
      <trkpt lat="39.09699" lon="-8.40401">
        <ele>154.24</ele>
      </trkpt>
      <trkpt lat="39.09689" lon="-8.40555">
        <ele>150.8</ele>
      </trkpt>
      <trkpt lat="39.09646" lon="-8.40628">
        <ele>146.22</ele>
      </trkpt>
      <trkpt lat="39.09604" lon="-8.40702">
        <ele>148.88</ele>
      </trkpt>
      <trkpt lat="39.09589" lon="-8.40773">
        <ele>153.9</ele>
      </trkpt>
      <trkpt lat="39.0959" lon="-8.40854">
        <ele>156.53</ele>
      </trkpt>
      <trkpt lat="39.09637" lon="-8.40985">
        <ele>158.97</ele>
      </trkpt>
      <trkpt lat="39.09641" lon="-8.40994">
        <ele>159.08</ele>
      </trkpt>
      <trkpt lat="39.09657" lon="-8.41037">
        <ele>159.06</ele>
      </trkpt>
      <trkpt lat="39.09683" lon="-8.411">
        <ele>155.68</ele>
      </trkpt>
      <trkpt lat="39.09694" lon="-8.41116">
        <ele>153.67</ele>
      </trkpt>
      <trkpt lat="39.09711" lon="-8.41135">
        <ele>156.96</ele>
      </trkpt>
      <trkpt lat="39.09755" lon="-8.41168">
        <ele>163.69</ele>
      </trkpt>
      <trkpt lat="39.09803" lon="-8.41194">
        <ele>161.14</ele>
      </trkpt>
      <trkpt lat="39.09851" lon="-8.41216">
        <ele>159.54</ele>
      </trkpt>
      <trkpt lat="39.09861" lon="-8.41224">
        <ele>159.86</ele>
      </trkpt>
      <trkpt lat="39.09876" lon="-8.4124">
        <ele>159.94</ele>
      </trkpt>
      <trkpt lat="39.09884" lon="-8.41249">
        <ele>160.48</ele>
      </trkpt>
      <trkpt lat="39.09892" lon="-8.41261">
        <ele>160.69</ele>
      </trkpt>
      <trkpt lat="39.09898" lon="-8.41271">
        <ele>160.74</ele>
      </trkpt>
      <trkpt lat="39.09909" lon="-8.41292">
        <ele>161.31</ele>
      </trkpt>
      <trkpt lat="39.09938" lon="-8.41338">
        <ele>159.13</ele>
      </trkpt>
      <trkpt lat="39.09966" lon="-8.41388">
        <ele>155.06</ele>
      </trkpt>
      <trkpt lat="39.09971" lon="-8.41402">
        <ele>154.51</ele>
      </trkpt>
      <trkpt lat="39.09984" lon="-8.41448">
        <ele>155.27</ele>
      </trkpt>
      <trkpt lat="39.10002" lon="-8.415">
        <ele>156.14</ele>
      </trkpt>
      <trkpt lat="39.10026" lon="-8.4156">
        <ele>155.7</ele>
      </trkpt>
      <trkpt lat="39.1003" lon="-8.41573">
        <ele>155.28</ele>
      </trkpt>
      <trkpt lat="39.10042" lon="-8.41618">
        <ele>157.4</ele>
      </trkpt>
      <trkpt lat="39.10062" lon="-8.41681">
        <ele>160.23</ele>
      </trkpt>
      <trkpt lat="39.10072" lon="-8.41716">
        <ele>159.36</ele>
      </trkpt>
      <trkpt lat="39.10077" lon="-8.41726">
        <ele>158.76</ele>
      </trkpt>
      <trkpt lat="39.10083" lon="-8.41734">
        <ele>158.16</ele>
      </trkpt>
      <trkpt lat="39.10092" lon="-8.4174">
        <ele>158.54</ele>
      </trkpt>
      <trkpt lat="39.10108" lon="-8.41748">
        <ele>159.74</ele>
      </trkpt>
      <trkpt lat="39.10128" lon="-8.41761">
        <ele>159.45</ele>
      </trkpt>
      <trkpt lat="39.10136" lon="-8.41769">
        <ele>159.24</ele>
      </trkpt>
      <trkpt lat="39.10181" lon="-8.4182">
        <ele>157.48</ele>
      </trkpt>
      <trkpt lat="39.10196" lon="-8.4184">
        <ele>157.31</ele>
      </trkpt>
      <trkpt lat="39.10203" lon="-8.4185">
        <ele>157.66</ele>
      </trkpt>
      <trkpt lat="39.10218" lon="-8.41863">
        <ele>157.04</ele>
      </trkpt>
      <trkpt lat="39.10235" lon="-8.41871">
        <ele>155.5</ele>
      </trkpt>
      <trkpt lat="39.10241" lon="-8.41875">
        <ele>154.65</ele>
      </trkpt>
      <trkpt lat="39.10245" lon="-8.41887">
        <ele>152.79</ele>
      </trkpt>
      <trkpt lat="39.10245" lon="-8.41887">
        <ele>152.79</ele>
      </trkpt>
      <trkpt lat="39.10243" lon="-8.41894">
        <ele>152.57</ele>
      </trkpt>
      <trkpt lat="39.10236" lon="-8.41915">
        <ele>152.57</ele>
      </trkpt>
      <trkpt lat="39.10222" lon="-8.4197">
        <ele>153.06</ele>
      </trkpt>
      <trkpt lat="39.10209" lon="-8.42022">
        <ele>148.04</ele>
      </trkpt>
      <trkpt lat="39.10191" lon="-8.42093">
        <ele>145.65</ele>
      </trkpt>
      <trkpt lat="39.10184" lon="-8.4212">
        <ele>145.12</ele>
      </trkpt>
      <trkpt lat="39.1017" lon="-8.42178">
        <ele>146.24</ele>
      </trkpt>
      <trkpt lat="39.10164" lon="-8.42205">
        <ele>147.76</ele>
      </trkpt>
      <trkpt lat="39.1016" lon="-8.42219">
        <ele>148.77</ele>
      </trkpt>
      <trkpt lat="39.10145" lon="-8.42276">
        <ele>149.99</ele>
      </trkpt>
      <trkpt lat="39.10136" lon="-8.42316">
        <ele>151.13</ele>
      </trkpt>
      <trkpt lat="39.1013" lon="-8.4236">
        <ele>150.73</ele>
      </trkpt>
      <trkpt lat="39.10125" lon="-8.42422">
        <ele>147.52</ele>
      </trkpt>
      <trkpt lat="39.10111" lon="-8.42491">
        <ele>142.99</ele>
      </trkpt>
      <trkpt lat="39.10093" lon="-8.42572">
        <ele>145.19</ele>
      </trkpt>
      <trkpt lat="39.10084" lon="-8.42621">
        <ele>147.17</ele>
      </trkpt>
      <trkpt lat="39.10075" lon="-8.42667">
        <ele>149.51</ele>
      </trkpt>
      <trkpt lat="39.10058" lon="-8.42748">
        <ele>146.62</ele>
      </trkpt>
      <trkpt lat="39.10048" lon="-8.42799">
        <ele>147.43</ele>
      </trkpt>
      <trkpt lat="39.1003" lon="-8.4288">
        <ele>149.84</ele>
      </trkpt>
      <trkpt lat="39.10011" lon="-8.42954">
        <ele>150.53</ele>
      </trkpt>
      <trkpt lat="39.1" lon="-8.43014">
        <ele>150.0</ele>
      </trkpt>
      <trkpt lat="39.09997" lon="-8.4303">
        <ele>149.86</ele>
      </trkpt>
      <trkpt lat="39.09994" lon="-8.43047">
        <ele>150.26</ele>
      </trkpt>
      <trkpt lat="39.09985" lon="-8.43102">
        <ele>150.05</ele>
      </trkpt>
      <trkpt lat="39.0997" lon="-8.43182">
        <ele>146.49</ele>
      </trkpt>
      <trkpt lat="39.09963" lon="-8.43223">
        <ele>144.99</ele>
      </trkpt>
      <trkpt lat="39.09947" lon="-8.43302">
        <ele>143.58</ele>
      </trkpt>
      <trkpt lat="39.09942" lon="-8.43319">
        <ele>142.96</ele>
      </trkpt>
      <trkpt lat="39.09929" lon="-8.43346">
        <ele>144.22</ele>
      </trkpt>
      <trkpt lat="39.09912" lon="-8.43365">
        <ele>144.69</ele>
      </trkpt>
      <trkpt lat="39.09903" lon="-8.43373">
        <ele>144.08</ele>
      </trkpt>
      <trkpt lat="39.09862" lon="-8.4341">
        <ele>144.78</ele>
      </trkpt>
      <trkpt lat="39.09851" lon="-8.4342">
        <ele>143.44</ele>
      </trkpt>
      <trkpt lat="39.09799" lon="-8.43472">
        <ele>141.95</ele>
      </trkpt>
      <trkpt lat="39.09778" lon="-8.43494">
        <ele>142.64</ele>
      </trkpt>
      <trkpt lat="39.09737" lon="-8.4354">
        <ele>144.32</ele>
      </trkpt>
      <trkpt lat="39.09728" lon="-8.43554">
        <ele>143.34</ele>
      </trkpt>
      <trkpt lat="39.09719" lon="-8.43568">
        <ele>143.08</ele>
      </trkpt>
      <trkpt lat="39.097" lon="-8.43611">
        <ele>143.99</ele>
      </trkpt>
      <trkpt lat="39.09693" lon="-8.43625">
        <ele>143.45</ele>
      </trkpt>
      <trkpt lat="39.09674" lon="-8.43667">
        <ele>142.8</ele>
      </trkpt>
      <trkpt lat="39.09669" lon="-8.43681">
        <ele>142.77</ele>
      </trkpt>
      <trkpt lat="39.09666" lon="-8.43697">
        <ele>143.28</ele>
      </trkpt>
      <trkpt lat="39.09665" lon="-8.4373">
        <ele>144.92</ele>
      </trkpt>
      <trkpt lat="39.09669" lon="-8.43802">
        <ele>143.21</ele>
      </trkpt>
      <trkpt lat="39.0967" lon="-8.4382">
        <ele>142.66</ele>
      </trkpt>
      <trkpt lat="39.09669" lon="-8.43855">
        <ele>141.45</ele>
      </trkpt>
      <trkpt lat="39.09664" lon="-8.43889">
        <ele>142.8</ele>
      </trkpt>
      <trkpt lat="39.09652" lon="-8.4394">
        <ele>140.08</ele>
      </trkpt>
      <trkpt lat="39.09635" lon="-8.44006">
        <ele>141.58</ele>
      </trkpt>
      <trkpt lat="39.09631" lon="-8.44023">
        <ele>142.21</ele>
      </trkpt>
      <trkpt lat="39.09624" lon="-8.44094">
        <ele>140.15</ele>
      </trkpt>
      <trkpt lat="39.09625" lon="-8.44147">
        <ele>137.42</ele>
      </trkpt>
      <trkpt lat="39.09625" lon="-8.44182">
        <ele>135.17</ele>
      </trkpt>
      <trkpt lat="39.09625" lon="-8.442">
        <ele>134.0</ele>
      </trkpt>
      <trkpt lat="39.09623" lon="-8.44217">
        <ele>132.37</ele>
      </trkpt>
      <trkpt lat="39.09619" lon="-8.44233">
        <ele>131.46</ele>
      </trkpt>
      <trkpt lat="39.09613" lon="-8.44248">
        <ele>131.07</ele>
      </trkpt>
      <trkpt lat="39.09598" lon="-8.44276">
        <ele>131.47</ele>
      </trkpt>
      <trkpt lat="39.0959" lon="-8.44289">
        <ele>131.76</ele>
      </trkpt>
      <trkpt lat="39.09581" lon="-8.44302">
        <ele>132.41</ele>
      </trkpt>
      <trkpt lat="39.09555" lon="-8.44341">
        <ele>134.49</ele>
      </trkpt>
      <trkpt lat="39.09535" lon="-8.44368">
        <ele>133.68</ele>
      </trkpt>
      <trkpt lat="39.09505" lon="-8.44409">
        <ele>128.73</ele>
      </trkpt>
      <trkpt lat="39.09474" lon="-8.44451">
        <ele>131.39</ele>
      </trkpt>
      <trkpt lat="39.09437" lon="-8.44502">
        <ele>135.71</ele>
      </trkpt>
      <trkpt lat="39.09428" lon="-8.44514">
        <ele>135.97</ele>
      </trkpt>
      <trkpt lat="39.0939" lon="-8.44565">
        <ele>133.53</ele>
      </trkpt>
      <trkpt lat="39.09369" lon="-8.44592">
        <ele>131.66</ele>
      </trkpt>
      <trkpt lat="39.09326" lon="-8.44649">
        <ele>133.67</ele>
      </trkpt>
      <trkpt lat="39.09317" lon="-8.44662">
        <ele>132.55</ele>
      </trkpt>
      <trkpt lat="39.09309" lon="-8.44677">
        <ele>132.5</ele>
      </trkpt>
      <trkpt lat="39.09303" lon="-8.44693">
        <ele>133.13</ele>
      </trkpt>
      <trkpt lat="39.09295" lon="-8.44726">
        <ele>134.98</ele>
      </trkpt>
      <trkpt lat="39.09279" lon="-8.44801">
        <ele>133.26</ele>
      </trkpt>
      <trkpt lat="39.09276" lon="-8.44821">
        <ele>132.09</ele>
      </trkpt>
      <trkpt lat="39.09266" lon="-8.44878">
        <ele>132.29</ele>
      </trkpt>
      <trkpt lat="39.09254" lon="-8.44934">
        <ele>132.32</ele>
      </trkpt>
      <trkpt lat="39.09242" lon="-8.4501">
        <ele>135.21</ele>
      </trkpt>
      <trkpt lat="39.09232" lon="-8.45063">
        <ele>133.93</ele>
      </trkpt>
      <trkpt lat="39.09227" lon="-8.45079">
        <ele>131.62</ele>
      </trkpt>
      <trkpt lat="39.09215" lon="-8.45109">
        <ele>127.0</ele>
      </trkpt>
      <trkpt lat="39.09185" lon="-8.45172">
        <ele>127.08</ele>
      </trkpt>
      <trkpt lat="39.0916" lon="-8.45234">
        <ele>127.76</ele>
      </trkpt>
      <trkpt lat="39.0914" lon="-8.45303">
        <ele>128.08</ele>
      </trkpt>
      <trkpt lat="39.09129" lon="-8.45338">
        <ele>128.84</ele>
      </trkpt>
      <trkpt lat="39.09124" lon="-8.45351">
        <ele>128.63</ele>
      </trkpt>
      <trkpt lat="39.091" lon="-8.454">
        <ele>128.48</ele>
      </trkpt>
      <trkpt lat="39.09068" lon="-8.4545">
        <ele>128.74</ele>
      </trkpt>
      <trkpt lat="39.0906" lon="-8.4546">
        <ele>128.81</ele>
      </trkpt>
      <trkpt lat="39.0903" lon="-8.45492">
        <ele>127.16</ele>
      </trkpt>
      <trkpt lat="39.0902" lon="-8.45508">
        <ele>127.29</ele>
      </trkpt>
      <trkpt lat="39.09011" lon="-8.4553">
        <ele>127.95</ele>
      </trkpt>
      <trkpt lat="39.09001" lon="-8.45576">
        <ele>127.77</ele>
      </trkpt>
      <trkpt lat="39.08996" lon="-8.45591">
        <ele>127.11</ele>
      </trkpt>
      <trkpt lat="39.08986" lon="-8.45605">
        <ele>125.94</ele>
      </trkpt>
      <trkpt lat="39.08961" lon="-8.45626">
        <ele>126.85</ele>
      </trkpt>
      <trkpt lat="39.08922" lon="-8.45663">
        <ele>132.74</ele>
      </trkpt>
      <trkpt lat="39.08892" lon="-8.45689">
        <ele>131.57</ele>
      </trkpt>
      <trkpt lat="39.08882" lon="-8.45697">
        <ele>131.79</ele>
      </trkpt>
      <trkpt lat="39.08871" lon="-8.45702">
        <ele>132.85</ele>
      </trkpt>
      <trkpt lat="39.08861" lon="-8.45705">
        <ele>133.62</ele>
      </trkpt>
      <trkpt lat="39.08838" lon="-8.45708">
        <ele>133.96</ele>
      </trkpt>
      <trkpt lat="39.088" lon="-8.45706">
        <ele>140.51</ele>
      </trkpt>
      <trkpt lat="39.08788" lon="-8.45703">
        <ele>140.32</ele>
      </trkpt>
      <trkpt lat="39.0875" lon="-8.45693">
        <ele>135.31</ele>
      </trkpt>
      <trkpt lat="39.08739" lon="-8.45694">
        <ele>130.72</ele>
      </trkpt>
      <trkpt lat="39.08728" lon="-8.45697">
        <ele>126.07</ele>
      </trkpt>
      <trkpt lat="39.08717" lon="-8.45705">
        <ele>123.36</ele>
      </trkpt>
      <trkpt lat="39.08708" lon="-8.45714">
        <ele>122.74</ele>
      </trkpt>
      <trkpt lat="39.08692" lon="-8.45739">
        <ele>118.5</ele>
      </trkpt>
      <trkpt lat="39.08685" lon="-8.4577">
        <ele>115.38</ele>
      </trkpt>
      <trkpt lat="39.08681" lon="-8.45793">
        <ele>117.47</ele>
      </trkpt>
      <trkpt lat="39.08681" lon="-8.45798">
        <ele>118.29</ele>
      </trkpt>
      <trkpt lat="39.08681" lon="-8.458">
        <ele>118.61</ele>
      </trkpt>
      <trkpt lat="39.08682" lon="-8.45798">
        <ele>118.31</ele>
      </trkpt>
      <trkpt lat="39.08683" lon="-8.45794">
        <ele>117.68</ele>
      </trkpt>
      <trkpt lat="39.08684" lon="-8.45791">
        <ele>117.2</ele>
      </trkpt>
      <trkpt lat="39.08685" lon="-8.45788">
        <ele>116.71</ele>
      </trkpt>
      <trkpt lat="39.08685" lon="-8.45787">
        <ele>116.55</ele>
      </trkpt>
      <trkpt lat="39.08681" lon="-8.45792">
        <ele>117.31</ele>
      </trkpt>
      <trkpt lat="39.08661" lon="-8.45805">
        <ele>119.74</ele>
      </trkpt>
      <trkpt lat="39.0863" lon="-8.45824">
        <ele>125.18</ele>
      </trkpt>
      <trkpt lat="39.08618" lon="-8.45829">
        <ele>126.43</ele>
      </trkpt>
      <trkpt lat="39.08594" lon="-8.45833">
        <ele>120.31</ele>
      </trkpt>
      <trkpt lat="39.08541" lon="-8.4583">
        <ele>118.41</ele>
      </trkpt>
      <trkpt lat="39.08501" lon="-8.45831">
        <ele>120.3</ele>
      </trkpt>
      <trkpt lat="39.08476" lon="-8.45834">
        <ele>126.85</ele>
      </trkpt>
      <trkpt lat="39.08412" lon="-8.45847">
        <ele>122.75</ele>
      </trkpt>
      <trkpt lat="39.08399" lon="-8.45851">
        <ele>122.13</ele>
      </trkpt>
      <trkpt lat="39.08373" lon="-8.45867">
        <ele>123.81</ele>
      </trkpt>
      <trkpt lat="39.08363" lon="-8.45877">
        <ele>124.63</ele>
      </trkpt>
      <trkpt lat="39.08355" lon="-8.45886">
        <ele>124.72</ele>
      </trkpt>
      <trkpt lat="39.08336" lon="-8.45915">
        <ele>125.71</ele>
      </trkpt>
      <trkpt lat="39.08312" lon="-8.45953">
        <ele>125.86</ele>
      </trkpt>
      <trkpt lat="39.083" lon="-8.45967">
        <ele>126.89</ele>
      </trkpt>
      <trkpt lat="39.08289" lon="-8.45977">
        <ele>126.93</ele>
      </trkpt>
      <trkpt lat="39.08266" lon="-8.45989">
        <ele>126.15</ele>
      </trkpt>
      <trkpt lat="39.0821" lon="-8.46006">
        <ele>121.68</ele>
      </trkpt>
      <trkpt lat="39.08157" lon="-8.46036">
        <ele>117.61</ele>
      </trkpt>
      <trkpt lat="39.08145" lon="-8.46045">
        <ele>117.73</ele>
      </trkpt>
      <trkpt lat="39.08123" lon="-8.46061">
        <ele>118.46</ele>
      </trkpt>
      <trkpt lat="39.0811" lon="-8.46074">
        <ele>118.4</ele>
      </trkpt>
      <trkpt lat="39.081" lon="-8.46088">
        <ele>118.1</ele>
      </trkpt>
      <trkpt lat="39.08086" lon="-8.46114">
        <ele>115.99</ele>
      </trkpt>
      <trkpt lat="39.08055" lon="-8.46183">
        <ele>116.01</ele>
      </trkpt>
      <trkpt lat="39.0805" lon="-8.46197">
        <ele>115.83</ele>
      </trkpt>
      <trkpt lat="39.08026" lon="-8.46264">
        <ele>115.98</ele>
      </trkpt>
      <trkpt lat="39.07971" lon="-8.46234">
        <ele>115.66</ele>
      </trkpt>
      <trkpt lat="39.07865" lon="-8.46156">
        <ele>113.51</ele>
      </trkpt>
      <trkpt lat="39.07786" lon="-8.46113">
        <ele>108.34</ele>
      </trkpt>
      <trkpt lat="39.07716" lon="-8.46077">
        <ele>105.45</ele>
      </trkpt>
      <trkpt lat="39.07645" lon="-8.46042">
        <ele>101.82</ele>
      </trkpt>
      <trkpt lat="39.07583" lon="-8.46">
        <ele>101.96</ele>
      </trkpt>
      <trkpt lat="39.07535" lon="-8.45961">
        <ele>93.67</ele>
      </trkpt>
      <trkpt lat="39.07482" lon="-8.45939">
        <ele>86.79</ele>
      </trkpt>
      <trkpt lat="39.07435" lon="-8.45938">
        <ele>85.31</ele>
      </trkpt>
      <trkpt lat="39.07407" lon="-8.45904">
        <ele>79.77</ele>
      </trkpt>
      <trkpt lat="39.07396" lon="-8.45885">
        <ele>78.94</ele>
      </trkpt>
      <trkpt lat="39.07363" lon="-8.45831">
        <ele>79.3</ele>
      </trkpt>
      <trkpt lat="39.0733" lon="-8.45786">
        <ele>81.91</ele>
      </trkpt>
      <trkpt lat="39.07283" lon="-8.45747">
        <ele>80.28</ele>
      </trkpt>
      <trkpt lat="39.07304" lon="-8.45663">
        <ele>83.14</ele>
      </trkpt>
      <trkpt lat="39.07305" lon="-8.45659">
        <ele>83.28</ele>
      </trkpt>
      <trkpt lat="39.07349" lon="-8.45575">
        <ele>85.17</ele>
      </trkpt>
      <trkpt lat="39.07381" lon="-8.4554">
        <ele>83.98</ele>
      </trkpt>
      <trkpt lat="39.07393" lon="-8.45461">
        <ele>84.75</ele>
      </trkpt>
      <trkpt lat="39.07403" lon="-8.45368">
        <ele>87.2</ele>
      </trkpt>
      <trkpt lat="39.07406" lon="-8.45359">
        <ele>86.84</ele>
      </trkpt>
      <trkpt lat="39.07447" lon="-8.453">
        <ele>80.24</ele>
      </trkpt>
      <trkpt lat="39.07452" lon="-8.45295">
        <ele>80.34</ele>
      </trkpt>
      <trkpt lat="39.07513" lon="-8.45201">
        <ele>82.46</ele>
      </trkpt>
      <trkpt lat="39.07556" lon="-8.45136">
        <ele>86.06</ele>
      </trkpt>
      <trkpt lat="39.07556" lon="-8.45132">
        <ele>86.2</ele>
      </trkpt>
      <trkpt lat="39.07552" lon="-8.45034">
        <ele>90.42</ele>
      </trkpt>
      <trkpt lat="39.07513" lon="-8.4496">
        <ele>92.66</ele>
      </trkpt>
      <trkpt lat="39.07456" lon="-8.44858">
        <ele>92.86</ele>
      </trkpt>
      <trkpt lat="39.07383" lon="-8.4482">
        <ele>106.21</ele>
      </trkpt>
      <trkpt lat="39.07319" lon="-8.44801">
        <ele>113.49</ele>
      </trkpt>
      <trkpt lat="39.07274" lon="-8.44795">
        <ele>113.82</ele>
      </trkpt>
      <trkpt lat="39.07227" lon="-8.44812">
        <ele>123.22</ele>
      </trkpt>
      <trkpt lat="39.07203" lon="-8.44824">
        <ele>123.31</ele>
      </trkpt>
      <trkpt lat="39.07161" lon="-8.44795">
        <ele>122.63</ele>
      </trkpt>
      <trkpt lat="39.0711" lon="-8.44739">
        <ele>123.98</ele>
      </trkpt>
      <trkpt lat="39.07014" lon="-8.44704">
        <ele>132.52</ele>
      </trkpt>
      <trkpt lat="39.06933" lon="-8.44699">
        <ele>135.36</ele>
      </trkpt>
      <trkpt lat="39.06795" lon="-8.44665">
        <ele>135.13</ele>
      </trkpt>
      <trkpt lat="39.06688" lon="-8.44612">
        <ele>128.24</ele>
      </trkpt>
      <trkpt lat="39.06612" lon="-8.44623">
        <ele>121.71</ele>
      </trkpt>
      <trkpt lat="39.06527" lon="-8.44647">
        <ele>115.5</ele>
      </trkpt>
      <trkpt lat="39.06459" lon="-8.44679">
        <ele>109.26</ele>
      </trkpt>
      <trkpt lat="39.06411" lon="-8.44716">
        <ele>110.56</ele>
      </trkpt>
      <trkpt lat="39.06338" lon="-8.44824">
        <ele>106.95</ele>
      </trkpt>
      <trkpt lat="39.06318" lon="-8.44757">
        <ele>104.2</ele>
      </trkpt>
      <trkpt lat="39.06312" lon="-8.44651">
        <ele>99.67</ele>
      </trkpt>
      <trkpt lat="39.06272" lon="-8.44589">
        <ele>106.8</ele>
      </trkpt>
      <trkpt lat="39.06218" lon="-8.44575">
        <ele>108.51</ele>
      </trkpt>
      <trkpt lat="39.06186" lon="-8.44453">
        <ele>105.7</ele>
      </trkpt>
      <trkpt lat="39.06151" lon="-8.44322">
        <ele>106.61</ele>
      </trkpt>
      <trkpt lat="39.06118" lon="-8.44215">
        <ele>114.5</ele>
      </trkpt>
      <trkpt lat="39.06122" lon="-8.44133">
        <ele>114.18</ele>
      </trkpt>
      <trkpt lat="39.06093" lon="-8.44035">
        <ele>120.91</ele>
      </trkpt>
      <trkpt lat="39.06083" lon="-8.4403">
        <ele>120.9</ele>
      </trkpt>
      <trkpt lat="39.05981" lon="-8.43944">
        <ele>116.28</ele>
      </trkpt>
      <trkpt lat="39.059" lon="-8.43855">
        <ele>115.49</ele>
      </trkpt>
      <trkpt lat="39.05874" lon="-8.43766">
        <ele>118.27</ele>
      </trkpt>
      <trkpt lat="39.05804" lon="-8.43626">
        <ele>119.47</ele>
      </trkpt>
      <trkpt lat="39.05753" lon="-8.43571">
        <ele>123.47</ele>
      </trkpt>
      <trkpt lat="39.05699" lon="-8.43626">
        <ele>120.55</ele>
      </trkpt>
      <trkpt lat="39.05663" lon="-8.43706">
        <ele>116.93</ele>
      </trkpt>
      <trkpt lat="39.05586" lon="-8.43778">
        <ele>117.82</ele>
      </trkpt>
      <trkpt lat="39.0552" lon="-8.43828">
        <ele>125.34</ele>
      </trkpt>
      <trkpt lat="39.05428" lon="-8.4388">
        <ele>130.06</ele>
      </trkpt>
      <trkpt lat="39.05363" lon="-8.4395">
        <ele>130.45</ele>
      </trkpt>
      <trkpt lat="39.05281" lon="-8.44035">
        <ele>134.12</ele>
      </trkpt>
      <trkpt lat="39.05221" lon="-8.44096">
        <ele>129.78</ele>
      </trkpt>
      <trkpt lat="39.05155" lon="-8.44127">
        <ele>124.48</ele>
      </trkpt>
      <trkpt lat="39.05056" lon="-8.44174">
        <ele>121.74</ele>
      </trkpt>
      <trkpt lat="39.04994" lon="-8.44191">
        <ele>122.33</ele>
      </trkpt>
      <trkpt lat="39.04927" lon="-8.44184">
        <ele>124.03</ele>
      </trkpt>
      <trkpt lat="39.04857" lon="-8.44178">
        <ele>123.26</ele>
      </trkpt>
      <trkpt lat="39.04785" lon="-8.44145">
        <ele>130.55</ele>
      </trkpt>
      <trkpt lat="39.0469" lon="-8.44159">
        <ele>143.48</ele>
      </trkpt>
      <trkpt lat="39.04578" lon="-8.44171">
        <ele>141.04</ele>
      </trkpt>
      <trkpt lat="39.04518" lon="-8.44204">
        <ele>142.49</ele>
      </trkpt>
      <trkpt lat="39.04501" lon="-8.44278">
        <ele>139.92</ele>
      </trkpt>
      <trkpt lat="39.04604" lon="-8.44368">
        <ele>142.95</ele>
      </trkpt>
      <trkpt lat="39.04695" lon="-8.44454">
        <ele>140.72</ele>
      </trkpt>
      <trkpt lat="39.04735" lon="-8.445">
        <ele>141.08</ele>
      </trkpt>
      <trkpt lat="39.04734" lon="-8.44571">
        <ele>139.13</ele>
      </trkpt>
      <trkpt lat="39.04691" lon="-8.44605">
        <ele>140.56</ele>
      </trkpt>
      <trkpt lat="39.04684" lon="-8.44612">
        <ele>140.21</ele>
      </trkpt>
      <trkpt lat="39.04673" lon="-8.44628">
        <ele>139.18</ele>
      </trkpt>
      <trkpt lat="39.04652" lon="-8.44654">
        <ele>140.34</ele>
      </trkpt>
      <trkpt lat="39.04622" lon="-8.44679">
        <ele>140.84</ele>
      </trkpt>
      <trkpt lat="39.04592" lon="-8.44698">
        <ele>138.35</ele>
      </trkpt>
      <trkpt lat="39.04581" lon="-8.44705">
        <ele>137.61</ele>
      </trkpt>
      <trkpt lat="39.04522" lon="-8.44739">
        <ele>134.04</ele>
      </trkpt>
      <trkpt lat="39.04468" lon="-8.44772">
        <ele>133.48</ele>
      </trkpt>
      <trkpt lat="39.04427" lon="-8.44792">
        <ele>137.26</ele>
      </trkpt>
      <trkpt lat="39.04405" lon="-8.448">
        <ele>135.98</ele>
      </trkpt>
      <trkpt lat="39.0437" lon="-8.44803">
        <ele>130.32</ele>
      </trkpt>
      <trkpt lat="39.04323" lon="-8.44797">
        <ele>131.32</ele>
      </trkpt>
      <trkpt lat="39.04299" lon="-8.44794">
        <ele>130.08</ele>
      </trkpt>
      <trkpt lat="39.04288" lon="-8.44793">
        <ele>129.53</ele>
      </trkpt>
      <trkpt lat="39.04266" lon="-8.44792">
        <ele>128.16</ele>
      </trkpt>
      <trkpt lat="39.04255" lon="-8.44793">
        <ele>127.44</ele>
      </trkpt>
      <trkpt lat="39.04212" lon="-8.44809">
        <ele>129.38</ele>
      </trkpt>
      <trkpt lat="39.0419" lon="-8.4482">
        <ele>131.29</ele>
      </trkpt>
      <trkpt lat="39.0418" lon="-8.44828">
        <ele>131.74</ele>
      </trkpt>
      <trkpt lat="39.0417" lon="-8.44836">
        <ele>132.28</ele>
      </trkpt>
      <trkpt lat="39.0415" lon="-8.44854">
        <ele>131.49</ele>
      </trkpt>
      <trkpt lat="39.04131" lon="-8.44871">
        <ele>134.39</ele>
      </trkpt>
      <trkpt lat="39.04121" lon="-8.44876">
        <ele>134.99</ele>
      </trkpt>
      <trkpt lat="39.04111" lon="-8.4488">
        <ele>135.68</ele>
      </trkpt>
      <trkpt lat="39.0409" lon="-8.44881">
        <ele>135.72</ele>
      </trkpt>
      <trkpt lat="39.0407" lon="-8.44875">
        <ele>133.82</ele>
      </trkpt>
      <trkpt lat="39.04012" lon="-8.4484">
        <ele>130.0</ele>
      </trkpt>
      <trkpt lat="39.03964" lon="-8.44798">
        <ele>128.09</ele>
      </trkpt>
      <trkpt lat="39.03945" lon="-8.44783">
        <ele>127.05</ele>
      </trkpt>
      <trkpt lat="39.0391" lon="-8.44759">
        <ele>125.27</ele>
      </trkpt>
      <trkpt lat="39.03901" lon="-8.44756">
        <ele>124.78</ele>
      </trkpt>
      <trkpt lat="39.03893" lon="-8.44757">
        <ele>124.26</ele>
      </trkpt>
      <trkpt lat="39.03886" lon="-8.44761">
        <ele>124.17</ele>
      </trkpt>
      <trkpt lat="39.03854" lon="-8.44789">
        <ele>125.09</ele>
      </trkpt>
      <trkpt lat="39.03813" lon="-8.44823">
        <ele>123.06</ele>
      </trkpt>
      <trkpt lat="39.03762" lon="-8.4487">
        <ele>126.25</ele>
      </trkpt>
      <trkpt lat="39.03751" lon="-8.44879">
        <ele>125.42</ele>
      </trkpt>
      <trkpt lat="39.03699" lon="-8.44922">
        <ele>128.86</ele>
      </trkpt>
      <trkpt lat="39.03679" lon="-8.44939">
        <ele>129.91</ele>
      </trkpt>
      <trkpt lat="39.0365" lon="-8.44963">
        <ele>130.67</ele>
      </trkpt>
      <trkpt lat="39.03641" lon="-8.44961">
        <ele>130.6</ele>
      </trkpt>
      <trkpt lat="39.03633" lon="-8.44955">
        <ele>130.17</ele>
      </trkpt>
      <trkpt lat="39.03619" lon="-8.4494">
        <ele>129.4</ele>
      </trkpt>
      <trkpt lat="39.03582" lon="-8.44899">
        <ele>130.65</ele>
      </trkpt>
      <trkpt lat="39.03559" lon="-8.4487">
        <ele>131.08</ele>
      </trkpt>
      <trkpt lat="39.03535" lon="-8.44841">
        <ele>130.8</ele>
      </trkpt>
      <trkpt lat="39.03491" lon="-8.44791">
        <ele>135.88</ele>
      </trkpt>
      <trkpt lat="39.03483" lon="-8.4478">
        <ele>136.86</ele>
      </trkpt>
      <trkpt lat="39.03474" lon="-8.44769">
        <ele>137.63</ele>
      </trkpt>
      <trkpt lat="39.0345" lon="-8.44729">
        <ele>142.35</ele>
      </trkpt>
      <trkpt lat="39.03434" lon="-8.44702">
        <ele>143.96</ele>
      </trkpt>
      <trkpt lat="39.03417" lon="-8.44676">
        <ele>144.98</ele>
      </trkpt>
      <trkpt lat="39.03401" lon="-8.44653">
        <ele>145.64</ele>
      </trkpt>
      <trkpt lat="39.03386" lon="-8.44627">
        <ele>145.19</ele>
      </trkpt>
      <trkpt lat="39.03383" lon="-8.44622">
        <ele>144.91</ele>
      </trkpt>
      <trkpt lat="39.03379" lon="-8.44617">
        <ele>144.7</ele>
      </trkpt>
      <trkpt lat="39.03372" lon="-8.44617">
        <ele>144.9</ele>
      </trkpt>
      <trkpt lat="39.03358" lon="-8.44625">
        <ele>145.28</ele>
      </trkpt>
      <trkpt lat="39.03348" lon="-8.44629">
        <ele>144.7</ele>
      </trkpt>
      <trkpt lat="39.03322" lon="-8.44636">
        <ele>141.86</ele>
      </trkpt>
      <trkpt lat="39.03275" lon="-8.4465">
        <ele>138.46</ele>
      </trkpt>
      <trkpt lat="39.03258" lon="-8.44656">
        <ele>138.89</ele>
      </trkpt>
      <trkpt lat="39.03223" lon="-8.44668">
        <ele>140.99</ele>
      </trkpt>
      <trkpt lat="39.03153" lon="-8.44692">
        <ele>137.16</ele>
      </trkpt>
      <trkpt lat="39.03118" lon="-8.447">
        <ele>138.85</ele>
      </trkpt>
      <trkpt lat="39.03101" lon="-8.44705">
        <ele>139.14</ele>
      </trkpt>
      <trkpt lat="39.03072" lon="-8.44726">
        <ele>139.79</ele>
      </trkpt>
      <trkpt lat="39.03035" lon="-8.44772">
        <ele>142.33</ele>
      </trkpt>
      <trkpt lat="39.0299" lon="-8.44809">
        <ele>142.96</ele>
      </trkpt>
      <trkpt lat="39.0293" lon="-8.44856">
        <ele>137.58</ele>
      </trkpt>
      <trkpt lat="39.02916" lon="-8.44871">
        <ele>136.97</ele>
      </trkpt>
      <trkpt lat="39.02904" lon="-8.44886">
        <ele>136.14</ele>
      </trkpt>
      <trkpt lat="39.02868" lon="-8.44936">
        <ele>129.14</ele>
      </trkpt>
      <trkpt lat="39.02844" lon="-8.44971">
        <ele>126.82</ele>
      </trkpt>
      <trkpt lat="39.02812" lon="-8.45021">
        <ele>128.68</ele>
      </trkpt>
      <trkpt lat="39.02804" lon="-8.45037">
        <ele>129.29</ele>
      </trkpt>
      <trkpt lat="39.02797" lon="-8.45054">
        <ele>129.36</ele>
      </trkpt>
      <trkpt lat="39.02792" lon="-8.45071">
        <ele>130.99</ele>
      </trkpt>
      <trkpt lat="39.02788" lon="-8.45129">
        <ele>131.14</ele>
      </trkpt>
      <trkpt lat="39.02785" lon="-8.45178">
        <ele>130.82</ele>
      </trkpt>
      <trkpt lat="39.02781" lon="-8.45191">
        <ele>131.01</ele>
      </trkpt>
      <trkpt lat="39.02774" lon="-8.45201">
        <ele>131.13</ele>
      </trkpt>
      <trkpt lat="39.02765" lon="-8.45208">
        <ele>131.25</ele>
      </trkpt>
      <trkpt lat="39.02753" lon="-8.45211">
        <ele>131.24</ele>
      </trkpt>
      <trkpt lat="39.02741" lon="-8.4521">
        <ele>129.79</ele>
      </trkpt>
      <trkpt lat="39.02727" lon="-8.45209">
        <ele>127.7</ele>
      </trkpt>
      <trkpt lat="39.02698" lon="-8.45208">
        <ele>126.15</ele>
      </trkpt>
      <trkpt lat="39.02682" lon="-8.45209">
        <ele>126.59</ele>
      </trkpt>
      <trkpt lat="39.02651" lon="-8.45218">
        <ele>124.77</ele>
      </trkpt>
      <trkpt lat="39.02636" lon="-8.45225">
        <ele>124.04</ele>
      </trkpt>
      <trkpt lat="39.02605" lon="-8.45238">
        <ele>125.57</ele>
      </trkpt>
      <trkpt lat="39.02561" lon="-8.45255">
        <ele>126.85</ele>
      </trkpt>
      <trkpt lat="39.02503" lon="-8.45287">
        <ele>121.11</ele>
      </trkpt>
      <trkpt lat="39.02452" lon="-8.45329">
        <ele>125.76</ele>
      </trkpt>
      <trkpt lat="39.02413" lon="-8.45363">
        <ele>128.3</ele>
      </trkpt>
      <trkpt lat="39.02404" lon="-8.45369">
        <ele>129.54</ele>
      </trkpt>
      <trkpt lat="39.02403" lon="-8.45369">
        <ele>129.62</ele>
      </trkpt>
      <trkpt lat="39.024" lon="-8.45372">
        <ele>130.32</ele>
      </trkpt>
      <trkpt lat="39.02383" lon="-8.45386">
        <ele>134.31</ele>
      </trkpt>
      <trkpt lat="39.02357" lon="-8.45409">
        <ele>135.32</ele>
      </trkpt>
      <trkpt lat="39.02336" lon="-8.45426">
        <ele>132.98</ele>
      </trkpt>
      <trkpt lat="39.02329" lon="-8.45428">
        <ele>132.34</ele>
      </trkpt>
      <trkpt lat="39.02322" lon="-8.45427">
        <ele>131.96</ele>
      </trkpt>
      <trkpt lat="39.02314" lon="-8.45425">
        <ele>131.52</ele>
      </trkpt>
      <trkpt lat="39.02305" lon="-8.45424">
        <ele>131.01</ele>
      </trkpt>
      <trkpt lat="39.02273" lon="-8.45417">
        <ele>131.46</ele>
      </trkpt>
      <trkpt lat="39.02261" lon="-8.45412">
        <ele>129.89</ele>
      </trkpt>
      <trkpt lat="39.02226" lon="-8.45396">
        <ele>125.64</ele>
      </trkpt>
      <trkpt lat="39.02215" lon="-8.45388">
        <ele>126.29</ele>
      </trkpt>
      <trkpt lat="39.02161" lon="-8.45342">
        <ele>125.73</ele>
      </trkpt>
      <trkpt lat="39.0215" lon="-8.45335">
        <ele>125.36</ele>
      </trkpt>
      <trkpt lat="39.02126" lon="-8.45325">
        <ele>123.75</ele>
      </trkpt>
      <trkpt lat="39.02115" lon="-8.45322">
        <ele>122.77</ele>
      </trkpt>
      <trkpt lat="39.02104" lon="-8.45321">
        <ele>122.98</ele>
      </trkpt>
      <trkpt lat="39.02092" lon="-8.4532">
        <ele>123.88</ele>
      </trkpt>
      <trkpt lat="39.02066" lon="-8.45323">
        <ele>126.11</ele>
      </trkpt>
      <trkpt lat="39.02023" lon="-8.45324">
        <ele>127.94</ele>
      </trkpt>
      <trkpt lat="39.01973" lon="-8.45316">
        <ele>130.6</ele>
      </trkpt>
      <trkpt lat="39.01921" lon="-8.45296">
        <ele>131.92</ele>
      </trkpt>
      <trkpt lat="39.01872" lon="-8.45271">
        <ele>131.08</ele>
      </trkpt>
      <trkpt lat="39.01817" lon="-8.4523">
        <ele>129.95</ele>
      </trkpt>
      <trkpt lat="39.01808" lon="-8.45222">
        <ele>129.96</ele>
      </trkpt>
      <trkpt lat="39.01781" lon="-8.45194">
        <ele>128.47</ele>
      </trkpt>
      <trkpt lat="39.01774" lon="-8.4519">
        <ele>127.68</ele>
      </trkpt>
      <trkpt lat="39.01764" lon="-8.45186">
        <ele>125.3</ele>
      </trkpt>
      <trkpt lat="39.01744" lon="-8.4518">
        <ele>121.82</ele>
      </trkpt>
      <trkpt lat="39.01729" lon="-8.45168">
        <ele>120.84</ele>
      </trkpt>
      <trkpt lat="39.01711" lon="-8.45132">
        <ele>115.1</ele>
      </trkpt>
      <trkpt lat="39.01703" lon="-8.45114">
        <ele>113.52</ele>
      </trkpt>
      <trkpt lat="39.01697" lon="-8.45105">
        <ele>112.65</ele>
      </trkpt>
      <trkpt lat="39.01682" lon="-8.45091">
        <ele>110.78</ele>
      </trkpt>
      <trkpt lat="39.01669" lon="-8.45085">
        <ele>109.34</ele>
      </trkpt>
      <trkpt lat="39.01661" lon="-8.45081">
        <ele>109.07</ele>
      </trkpt>
      <trkpt lat="39.01651" lon="-8.45076">
        <ele>109.33</ele>
      </trkpt>
      <trkpt lat="39.01641" lon="-8.45071">
        <ele>109.86</ele>
      </trkpt>
      <trkpt lat="39.01632" lon="-8.45065">
        <ele>109.01</ele>
      </trkpt>
      <trkpt lat="39.01623" lon="-8.4506">
        <ele>107.71</ele>
      </trkpt>
      <trkpt lat="39.01613" lon="-8.45057">
        <ele>106.27</ele>
      </trkpt>
      <trkpt lat="39.01603" lon="-8.45055">
        <ele>103.7</ele>
      </trkpt>
      <trkpt lat="39.01591" lon="-8.45056">
        <ele>100.23</ele>
      </trkpt>
      <trkpt lat="39.01581" lon="-8.45059">
        <ele>98.0</ele>
      </trkpt>
      <trkpt lat="39.01572" lon="-8.45064">
        <ele>97.38</ele>
      </trkpt>
      <trkpt lat="39.01566" lon="-8.4507">
        <ele>97.17</ele>
      </trkpt>
      <trkpt lat="39.01559" lon="-8.45079">
        <ele>97.06</ele>
      </trkpt>
      <trkpt lat="39.01554" lon="-8.45089">
        <ele>96.7</ele>
      </trkpt>
      <trkpt lat="39.01548" lon="-8.45104">
        <ele>95.91</ele>
      </trkpt>
      <trkpt lat="39.01544" lon="-8.45115">
        <ele>95.64</ele>
      </trkpt>
      <trkpt lat="39.0154" lon="-8.45129">
        <ele>95.8</ele>
      </trkpt>
      <trkpt lat="39.01525" lon="-8.45171">
        <ele>95.03</ele>
      </trkpt>
      <trkpt lat="39.01515" lon="-8.452">
        <ele>94.28</ele>
      </trkpt>
      <trkpt lat="39.01503" lon="-8.4523">
        <ele>92.64</ele>
      </trkpt>
      <trkpt lat="39.01495" lon="-8.45243">
        <ele>91.1</ele>
      </trkpt>
      <trkpt lat="39.01478" lon="-8.45263">
        <ele>89.53</ele>
      </trkpt>
      <trkpt lat="39.01457" lon="-8.45287">
        <ele>88.0</ele>
      </trkpt>
      <trkpt lat="39.01446" lon="-8.45294">
        <ele>88.0</ele>
      </trkpt>
      <trkpt lat="39.01436" lon="-8.45295">
        <ele>88.61</ele>
      </trkpt>
      <trkpt lat="39.01424" lon="-8.45297">
        <ele>89.47</ele>
      </trkpt>
      <trkpt lat="39.01396" lon="-8.45304">
        <ele>92.15</ele>
      </trkpt>
      <trkpt lat="39.01373" lon="-8.45311">
        <ele>93.39</ele>
      </trkpt>
      <trkpt lat="39.01348" lon="-8.45314">
        <ele>88.74</ele>
      </trkpt>
      <trkpt lat="39.01334" lon="-8.45314">
        <ele>83.55</ele>
      </trkpt>
      <trkpt lat="39.01321" lon="-8.45313">
        <ele>81.7</ele>
      </trkpt>
      <trkpt lat="39.01293" lon="-8.45303">
        <ele>82.03</ele>
      </trkpt>
      <trkpt lat="39.01268" lon="-8.4529">
        <ele>80.18</ele>
      </trkpt>
      <trkpt lat="39.01255" lon="-8.45286">
        <ele>79.64</ele>
      </trkpt>
      <trkpt lat="39.01241" lon="-8.45285">
        <ele>79.26</ele>
      </trkpt>
      <trkpt lat="39.01211" lon="-8.45294">
        <ele>77.94</ele>
      </trkpt>
      <trkpt lat="39.01185" lon="-8.45306">
        <ele>76.69</ele>
      </trkpt>
      <trkpt lat="39.0117" lon="-8.45313">
        <ele>76.42</ele>
      </trkpt>
      <trkpt lat="39.01154" lon="-8.4532">
        <ele>76.5</ele>
      </trkpt>
      <trkpt lat="39.01139" lon="-8.45327">
        <ele>76.23</ele>
      </trkpt>
      <trkpt lat="39.01109" lon="-8.4534">
        <ele>76.25</ele>
      </trkpt>
      <trkpt lat="39.01079" lon="-8.45352">
        <ele>74.29</ele>
      </trkpt>
      <trkpt lat="39.01065" lon="-8.45354">
        <ele>74.32</ele>
      </trkpt>
      <trkpt lat="39.0105" lon="-8.45355">
        <ele>74.6</ele>
      </trkpt>
      <trkpt lat="39.01023" lon="-8.45357">
        <ele>74.98</ele>
      </trkpt>
      <trkpt lat="39.0101" lon="-8.45363">
        <ele>73.22</ele>
      </trkpt>
      <trkpt lat="39.00999" lon="-8.45371">
        <ele>72.69</ele>
      </trkpt>
      <trkpt lat="39.00986" lon="-8.45385">
        <ele>72.85</ele>
      </trkpt>
      <trkpt lat="39.00944" lon="-8.45436">
        <ele>73.38</ele>
      </trkpt>
      <trkpt lat="39.00928" lon="-8.45456">
        <ele>74.24</ele>
      </trkpt>
      <trkpt lat="39.00918" lon="-8.45464">
        <ele>74.46</ele>
      </trkpt>
      <trkpt lat="39.00907" lon="-8.4547">
        <ele>73.21</ele>
      </trkpt>
      <trkpt lat="39.00897" lon="-8.45478">
        <ele>70.87</ele>
      </trkpt>
      <trkpt lat="39.00888" lon="-8.45488">
        <ele>67.88</ele>
      </trkpt>
      <trkpt lat="39.00881" lon="-8.455">
        <ele>67.7</ele>
      </trkpt>
      <trkpt lat="39.00877" lon="-8.45515">
        <ele>67.49</ele>
      </trkpt>
      <trkpt lat="39.00875" lon="-8.45531">
        <ele>66.88</ele>
      </trkpt>
      <trkpt lat="39.00875" lon="-8.45569">
        <ele>66.73</ele>
      </trkpt>
      <trkpt lat="39.00876" lon="-8.45609">
        <ele>67.96</ele>
      </trkpt>
      <trkpt lat="39.00875" lon="-8.4566">
        <ele>64.98</ele>
      </trkpt>
      <trkpt lat="39.00874" lon="-8.45672">
        <ele>64.48</ele>
      </trkpt>
      <trkpt lat="39.00871" lon="-8.45683">
        <ele>64.53</ele>
      </trkpt>
      <trkpt lat="39.00865" lon="-8.45689">
        <ele>64.72</ele>
      </trkpt>
      <trkpt lat="39.00856" lon="-8.45693">
        <ele>64.96</ele>
      </trkpt>
      <trkpt lat="39.00839" lon="-8.45698">
        <ele>65.03</ele>
      </trkpt>
      <trkpt lat="39.00819" lon="-8.45712">
        <ele>65.0</ele>
      </trkpt>
      <trkpt lat="39.00799" lon="-8.45733">
        <ele>64.34</ele>
      </trkpt>
      <trkpt lat="39.00778" lon="-8.45758">
        <ele>61.03</ele>
      </trkpt>
      <trkpt lat="39.00734" lon="-8.45801">
        <ele>58.81</ele>
      </trkpt>
      <trkpt lat="39.0071" lon="-8.45814">
        <ele>57.72</ele>
      </trkpt>
      <trkpt lat="39.00697" lon="-8.45818">
        <ele>56.02</ele>
      </trkpt>
      <trkpt lat="39.0067" lon="-8.45826">
        <ele>52.74</ele>
      </trkpt>
      <trkpt lat="39.00641" lon="-8.45834">
        <ele>51.15</ele>
      </trkpt>
      <trkpt lat="39.00627" lon="-8.45838">
        <ele>51.72</ele>
      </trkpt>
      <trkpt lat="39.00587" lon="-8.4585">
        <ele>52.52</ele>
      </trkpt>
      <trkpt lat="39.00574" lon="-8.45851">
        <ele>52.33</ele>
      </trkpt>
      <trkpt lat="39.00562" lon="-8.45851">
        <ele>51.94</ele>
      </trkpt>
      <trkpt lat="39.0055" lon="-8.45847">
        <ele>51.62</ele>
      </trkpt>
      <trkpt lat="39.00537" lon="-8.45842">
        <ele>51.04</ele>
      </trkpt>
      <trkpt lat="39.00524" lon="-8.45835">
        <ele>50.27</ele>
      </trkpt>
      <trkpt lat="39.00512" lon="-8.45827">
        <ele>47.97</ele>
      </trkpt>
      <trkpt lat="39.00486" lon="-8.45812">
        <ele>44.89</ele>
      </trkpt>
      <trkpt lat="39.00449" lon="-8.45791">
        <ele>44.93</ele>
      </trkpt>
      <trkpt lat="39.00436" lon="-8.45789">
        <ele>45.57</ele>
      </trkpt>
      <trkpt lat="39.00424" lon="-8.45789">
        <ele>46.96</ele>
      </trkpt>
      <trkpt lat="39.00411" lon="-8.45792">
        <ele>48.52</ele>
      </trkpt>
      <trkpt lat="39.00373" lon="-8.4581">
        <ele>49.66</ele>
      </trkpt>
      <trkpt lat="39.00345" lon="-8.45818">
        <ele>51.03</ele>
      </trkpt>
      <trkpt lat="39.00304" lon="-8.45826">
        <ele>47.32</ele>
      </trkpt>
      <trkpt lat="39.0029" lon="-8.45827">
        <ele>45.99</ele>
      </trkpt>
      <trkpt lat="39.00234" lon="-8.45824">
        <ele>39.85</ele>
      </trkpt>
      <trkpt lat="39.00207" lon="-8.4582">
        <ele>40.4</ele>
      </trkpt>
      <trkpt lat="39.0018" lon="-8.4582">
        <ele>43.16</ele>
      </trkpt>
      <trkpt lat="39.00166" lon="-8.45819">
        <ele>44.36</ele>
      </trkpt>
      <trkpt lat="39.00153" lon="-8.45818">
        <ele>43.59</ele>
      </trkpt>
      <trkpt lat="39.0014" lon="-8.45814">
        <ele>41.79</ele>
      </trkpt>
      <trkpt lat="39.00128" lon="-8.45809">
        <ele>40.31</ele>
      </trkpt>
      <trkpt lat="39.00091" lon="-8.45788">
        <ele>39.47</ele>
      </trkpt>
      <trkpt lat="39.00054" lon="-8.45767">
        <ele>36.77</ele>
      </trkpt>
      <trkpt lat="39.00045" lon="-8.45765">
        <ele>37.54</ele>
      </trkpt>
      <trkpt lat="39.00034" lon="-8.45764">
        <ele>38.45</ele>
      </trkpt>
      <trkpt lat="39.00019" lon="-8.45764">
        <ele>38.38</ele>
      </trkpt>
      <trkpt lat="39.00006" lon="-8.45766">
        <ele>37.74</ele>
      </trkpt>
      <trkpt lat="38.99992" lon="-8.45769">
        <ele>36.37</ele>
      </trkpt>
      <trkpt lat="38.99967" lon="-8.45775">
        <ele>32.66</ele>
      </trkpt>
      <trkpt lat="38.9995" lon="-8.45781">
        <ele>31.75</ele>
      </trkpt>
      <trkpt lat="38.99898" lon="-8.4581">
        <ele>30.07</ele>
      </trkpt>
      <trkpt lat="38.99884" lon="-8.45819">
        <ele>28.93</ele>
      </trkpt>
      <trkpt lat="38.99872" lon="-8.45828">
        <ele>28.23</ele>
      </trkpt>
      <trkpt lat="38.9985" lon="-8.45853">
        <ele>28.25</ele>
      </trkpt>
      <trkpt lat="38.99831" lon="-8.45887">
        <ele>29.61</ele>
      </trkpt>
      <trkpt lat="38.99824" lon="-8.45905">
        <ele>28.61</ele>
      </trkpt>
      <trkpt lat="38.99802" lon="-8.45958">
        <ele>26.62</ele>
      </trkpt>
      <trkpt lat="38.99794" lon="-8.45977">
        <ele>26.12</ele>
      </trkpt>
      <trkpt lat="38.99779" lon="-8.46014">
        <ele>26.23</ele>
      </trkpt>
      <trkpt lat="38.9976" lon="-8.46077">
        <ele>26.08</ele>
      </trkpt>
      <trkpt lat="38.99756" lon="-8.46098">
        <ele>25.35</ele>
      </trkpt>
      <trkpt lat="38.9975" lon="-8.46154">
        <ele>26.09</ele>
      </trkpt>
      <trkpt lat="38.99747" lon="-8.46173">
        <ele>27.23</ele>
      </trkpt>
      <trkpt lat="38.99736" lon="-8.46209">
        <ele>29.31</ele>
      </trkpt>
      <trkpt lat="38.99712" lon="-8.46281">
        <ele>31.72</ele>
      </trkpt>
      <trkpt lat="38.99706" lon="-8.46299">
        <ele>31.75</ele>
      </trkpt>
      <trkpt lat="38.997" lon="-8.46317">
        <ele>31.16</ele>
      </trkpt>
      <trkpt lat="38.99682" lon="-8.46375">
        <ele>26.66</ele>
      </trkpt>
      <trkpt lat="38.99659" lon="-8.46446">
        <ele>25.78</ele>
      </trkpt>
      <trkpt lat="38.9965" lon="-8.46476">
        <ele>26.62</ele>
      </trkpt>
      <trkpt lat="38.99637" lon="-8.46516">
        <ele>30.24</ele>
      </trkpt>
      <trkpt lat="38.99632" lon="-8.46524">
        <ele>31.21</ele>
      </trkpt>
      <trkpt lat="38.99629" lon="-8.46529">
        <ele>31.69</ele>
      </trkpt>
      <trkpt lat="38.99625" lon="-8.46531">
        <ele>31.62</ele>
      </trkpt>
      <trkpt lat="38.9962" lon="-8.46532">
        <ele>31.47</ele>
      </trkpt>
      <trkpt lat="38.99613" lon="-8.4653">
        <ele>31.15</ele>
      </trkpt>
      <trkpt lat="38.99607" lon="-8.46527">
        <ele>30.46</ele>
      </trkpt>
      <trkpt lat="38.99588" lon="-8.46518">
        <ele>27.97</ele>
      </trkpt>
      <trkpt lat="38.99546" lon="-8.46511">
        <ele>24.57</ele>
      </trkpt>
      <trkpt lat="38.99507" lon="-8.46513">
        <ele>22.53</ele>
      </trkpt>
      <trkpt lat="38.99486" lon="-8.46517">
        <ele>20.37</ele>
      </trkpt>
      <trkpt lat="38.9948" lon="-8.46526">
        <ele>19.18</ele>
      </trkpt>
      <trkpt lat="38.99479" lon="-8.46534">
        <ele>19.03</ele>
      </trkpt>
      <trkpt lat="38.99481" lon="-8.46546">
        <ele>19.47</ele>
      </trkpt>
      <trkpt lat="38.99482" lon="-8.4656">
        <ele>20.14</ele>
      </trkpt>
      <trkpt lat="38.99484" lon="-8.46578">
        <ele>22.08</ele>
      </trkpt>
      <trkpt lat="38.99487" lon="-8.46641">
        <ele>24.51</ele>
      </trkpt>
      <trkpt lat="38.99488" lon="-8.46694">
        <ele>23.4</ele>
      </trkpt>
      <trkpt lat="38.99486" lon="-8.4678">
        <ele>23.49</ele>
      </trkpt>
      <trkpt lat="38.99474" lon="-8.46873">
        <ele>23.03</ele>
      </trkpt>
      <trkpt lat="38.99468" lon="-8.46906">
        <ele>22.39</ele>
      </trkpt>
      <trkpt lat="38.9946" lon="-8.46938">
        <ele>21.24</ele>
      </trkpt>
      <trkpt lat="38.99452" lon="-8.46971">
        <ele>21.22</ele>
      </trkpt>
      <trkpt lat="38.99431" lon="-8.47038">
        <ele>20.54</ele>
      </trkpt>
      <trkpt lat="38.99418" lon="-8.47071">
        <ele>19.99</ele>
      </trkpt>
      <trkpt lat="38.99404" lon="-8.47104">
        <ele>20.23</ele>
      </trkpt>
      <trkpt lat="38.99373" lon="-8.47167">
        <ele>21.47</ele>
      </trkpt>
      <trkpt lat="38.99336" lon="-8.47227">
        <ele>24.35</ele>
      </trkpt>
      <trkpt lat="38.99296" lon="-8.47282">
        <ele>20.73</ele>
      </trkpt>
      <trkpt lat="38.99274" lon="-8.47308">
        <ele>19.34</ele>
      </trkpt>
      <trkpt lat="38.99229" lon="-8.47355">
        <ele>17.72</ele>
      </trkpt>
      <trkpt lat="38.99181" lon="-8.474">
        <ele>19.12</ele>
      </trkpt>
      <trkpt lat="38.99157" lon="-8.47422">
        <ele>18.8</ele>
      </trkpt>
      <trkpt lat="38.9911" lon="-8.47465">
        <ele>22.41</ele>
      </trkpt>
      <trkpt lat="38.99087" lon="-8.47486">
        <ele>20.14</ele>
      </trkpt>
      <trkpt lat="38.99041" lon="-8.47528">
        <ele>24.0</ele>
      </trkpt>
      <trkpt lat="38.98998" lon="-8.4757">
        <ele>19.44</ele>
      </trkpt>
      <trkpt lat="38.98977" lon="-8.47591">
        <ele>19.2</ele>
      </trkpt>
      <trkpt lat="38.98919" lon="-8.47657">
        <ele>19.81</ele>
      </trkpt>
      <trkpt lat="38.98867" lon="-8.47728">
        <ele>14.5</ele>
      </trkpt>
      <trkpt lat="38.98849" lon="-8.47753">
        <ele>17.31</ele>
      </trkpt>
      <trkpt lat="38.98797" lon="-8.47828">
        <ele>18.44</ele>
      </trkpt>
      <trkpt lat="38.98745" lon="-8.47903">
        <ele>19.25</ele>
      </trkpt>
      <trkpt lat="38.98691" lon="-8.47979">
        <ele>19.4</ele>
      </trkpt>
      <trkpt lat="38.98656" lon="-8.48029">
        <ele>18.78</ele>
      </trkpt>
      <trkpt lat="38.98601" lon="-8.48106">
        <ele>22.54</ele>
      </trkpt>
      <trkpt lat="38.98564" lon="-8.48159">
        <ele>23.86</ele>
      </trkpt>
      <trkpt lat="38.98546" lon="-8.48185">
        <ele>20.85</ele>
      </trkpt>
      <trkpt lat="38.98509" lon="-8.48238">
        <ele>16.9</ele>
      </trkpt>
      <trkpt lat="38.98471" lon="-8.48292">
        <ele>21.62</ele>
      </trkpt>
      <trkpt lat="38.98434" lon="-8.48344">
        <ele>22.25</ele>
      </trkpt>
      <trkpt lat="38.98403" lon="-8.48388">
        <ele>21.51</ele>
      </trkpt>
      <trkpt lat="38.98381" lon="-8.48419">
        <ele>20.69</ele>
      </trkpt>
      <trkpt lat="38.98339" lon="-8.48479">
        <ele>17.2</ele>
      </trkpt>
      <trkpt lat="38.98328" lon="-8.48495">
        <ele>17.1</ele>
      </trkpt>
      <trkpt lat="38.98316" lon="-8.48512">
        <ele>16.56</ele>
      </trkpt>
      <trkpt lat="38.98304" lon="-8.48531">
        <ele>16.07</ele>
      </trkpt>
      <trkpt lat="38.98266" lon="-8.48587">
        <ele>14.79</ele>
      </trkpt>
      <trkpt lat="38.98232" lon="-8.48646">
        <ele>16.52</ele>
      </trkpt>
      <trkpt lat="38.98214" lon="-8.48681">
        <ele>16.66</ele>
      </trkpt>
      <trkpt lat="38.98207" lon="-8.48696">
        <ele>17.05</ele>
      </trkpt>
      <trkpt lat="38.98197" lon="-8.4872">
        <ele>16.42</ele>
      </trkpt>
      <trkpt lat="38.98184" lon="-8.48749">
        <ele>17.2</ele>
      </trkpt>
      <trkpt lat="38.9818" lon="-8.48757">
        <ele>17.34</ele>
      </trkpt>
      <trkpt lat="38.9817" lon="-8.4878">
        <ele>18.15</ele>
      </trkpt>
      <trkpt lat="38.98148" lon="-8.48829">
        <ele>18.47</ele>
      </trkpt>
      <trkpt lat="38.98114" lon="-8.48903">
        <ele>18.68</ele>
      </trkpt>
      <trkpt lat="38.98099" lon="-8.48941">
        <ele>18.85</ele>
      </trkpt>
      <trkpt lat="38.981" lon="-8.48962">
        <ele>19.43</ele>
      </trkpt>
      <trkpt lat="38.98112" lon="-8.48979">
        <ele>21.31</ele>
      </trkpt>
      <trkpt lat="38.9813" lon="-8.48994">
        <ele>23.14</ele>
      </trkpt>
      <trkpt lat="38.98156" lon="-8.49015">
        <ele>25.31</ele>
      </trkpt>
      <trkpt lat="38.98167" lon="-8.49031">
        <ele>25.89</ele>
      </trkpt>
      <trkpt lat="38.98168" lon="-8.49054">
        <ele>25.1</ele>
      </trkpt>
      <trkpt lat="38.98162" lon="-8.49109">
        <ele>23.57</ele>
      </trkpt>
      <trkpt lat="38.98158" lon="-8.49169">
        <ele>19.73</ele>
      </trkpt>
      <trkpt lat="38.98157" lon="-8.49185">
        <ele>20.59</ele>
      </trkpt>
      <trkpt lat="38.98154" lon="-8.4927">
        <ele>26.11</ele>
      </trkpt>
      <trkpt lat="38.98154" lon="-8.49288">
        <ele>28.14</ele>
      </trkpt>
      <trkpt lat="38.98151" lon="-8.49362">
        <ele>28.47</ele>
      </trkpt>
      <trkpt lat="38.98149" lon="-8.4938">
        <ele>27.66</ele>
      </trkpt>
      <trkpt lat="38.98141" lon="-8.49451">
        <ele>26.36</ele>
      </trkpt>
      <trkpt lat="38.9814" lon="-8.49469">
        <ele>26.16</ele>
      </trkpt>
      <trkpt lat="38.98132" lon="-8.49544">
        <ele>25.02</ele>
      </trkpt>
      <trkpt lat="38.98118" lon="-8.49566">
        <ele>26.0</ele>
      </trkpt>
      <trkpt lat="38.98078" lon="-8.496">
        <ele>24.78</ele>
      </trkpt>
      <trkpt lat="38.9806" lon="-8.49639">
        <ele>29.69</ele>
      </trkpt>
      <trkpt lat="38.98059" lon="-8.49688">
        <ele>30.42</ele>
      </trkpt>
      <trkpt lat="38.98067" lon="-8.49757">
        <ele>30.24</ele>
      </trkpt>
      <trkpt lat="38.9807" lon="-8.4979">
        <ele>30.82</ele>
      </trkpt>
      <trkpt lat="38.98067" lon="-8.49823">
        <ele>33.2</ele>
      </trkpt>
      <trkpt lat="38.98064" lon="-8.49857">
        <ele>33.63</ele>
      </trkpt>
      <trkpt lat="38.98067" lon="-8.49892">
        <ele>33.64</ele>
      </trkpt>
      <trkpt lat="38.9807" lon="-8.4991">
        <ele>33.64</ele>
      </trkpt>
      <trkpt lat="38.98083" lon="-8.49945">
        <ele>31.12</ele>
      </trkpt>
      <trkpt lat="38.98097" lon="-8.49981">
        <ele>32.81</ele>
      </trkpt>
      <trkpt lat="38.98121" lon="-8.50055">
        <ele>33.58</ele>
      </trkpt>
      <trkpt lat="38.98125" lon="-8.50075">
        <ele>33.35</ele>
      </trkpt>
      <trkpt lat="38.9813" lon="-8.50114">
        <ele>34.49</ele>
      </trkpt>
      <trkpt lat="38.98139" lon="-8.50171">
        <ele>32.32</ele>
      </trkpt>
      <trkpt lat="38.98141" lon="-8.5019">
        <ele>33.77</ele>
      </trkpt>
      <trkpt lat="38.98142" lon="-8.50209">
        <ele>35.1</ele>
      </trkpt>
      <trkpt lat="38.98142" lon="-8.50229">
        <ele>36.52</ele>
      </trkpt>
      <trkpt lat="38.98141" lon="-8.50248">
        <ele>37.93</ele>
      </trkpt>
      <trkpt lat="38.98136" lon="-8.50286">
        <ele>38.61</ele>
      </trkpt>
      <trkpt lat="38.98129" lon="-8.5032">
        <ele>40.59</ele>
      </trkpt>
      <trkpt lat="38.98118" lon="-8.5035">
        <ele>43.9</ele>
      </trkpt>
      <trkpt lat="38.9811" lon="-8.50364">
        <ele>45.5</ele>
      </trkpt>
      <trkpt lat="38.98103" lon="-8.50379">
        <ele>48.02</ele>
      </trkpt>
      <trkpt lat="38.98093" lon="-8.50413">
        <ele>50.56</ele>
      </trkpt>
      <trkpt lat="38.9809" lon="-8.5043">
        <ele>50.88</ele>
      </trkpt>
      <trkpt lat="38.98086" lon="-8.50448">
        <ele>51.14</ele>
      </trkpt>
      <trkpt lat="38.98081" lon="-8.50465">
        <ele>51.72</ele>
      </trkpt>
      <trkpt lat="38.98065" lon="-8.50516">
        <ele>51.58</ele>
      </trkpt>
      <trkpt lat="38.9806" lon="-8.50533">
        <ele>50.29</ele>
      </trkpt>
      <trkpt lat="38.98054" lon="-8.50549">
        <ele>49.4</ele>
      </trkpt>
      <trkpt lat="38.98038" lon="-8.50579">
        <ele>49.83</ele>
      </trkpt>
      <trkpt lat="38.98018" lon="-8.50608">
        <ele>48.96</ele>
      </trkpt>
      <trkpt lat="38.97999" lon="-8.50638">
        <ele>46.18</ele>
      </trkpt>
      <trkpt lat="38.97968" lon="-8.50706">
        <ele>51.0</ele>
      </trkpt>
      <trkpt lat="38.97961" lon="-8.50723">
        <ele>52.44</ele>
      </trkpt>
      <trkpt lat="38.97948" lon="-8.50759">
        <ele>55.77</ele>
      </trkpt>
      <trkpt lat="38.97926" lon="-8.50813">
        <ele>57.16</ele>
      </trkpt>
      <trkpt lat="38.97911" lon="-8.50847">
        <ele>54.6</ele>
      </trkpt>
      <trkpt lat="38.97904" lon="-8.50862">
        <ele>53.53</ele>
      </trkpt>
      <trkpt lat="38.97893" lon="-8.50887">
        <ele>52.35</ele>
      </trkpt>
      <trkpt lat="38.97888" lon="-8.50896">
        <ele>52.09</ele>
      </trkpt>
      <trkpt lat="38.97874" lon="-8.50907">
        <ele>53.26</ele>
      </trkpt>
      <trkpt lat="38.9783" lon="-8.50919">
        <ele>50.48</ele>
      </trkpt>
      <trkpt lat="38.97784" lon="-8.50938">
        <ele>50.95</ele>
      </trkpt>
      <trkpt lat="38.97723" lon="-8.50971">
        <ele>46.2</ele>
      </trkpt>
      <trkpt lat="38.97708" lon="-8.5098">
        <ele>48.09</ele>
      </trkpt>
      <trkpt lat="38.97649" lon="-8.51013">
        <ele>53.17</ele>
      </trkpt>
      <trkpt lat="38.97609" lon="-8.51035">
        <ele>52.27</ele>
      </trkpt>
      <trkpt lat="38.97574" lon="-8.51058">
        <ele>55.3</ele>
      </trkpt>
      <trkpt lat="38.97563" lon="-8.51069">
        <ele>52.71</ele>
      </trkpt>
      <trkpt lat="38.97518" lon="-8.5111">
        <ele>48.7</ele>
      </trkpt>
      <trkpt lat="38.97507" lon="-8.51118">
        <ele>48.07</ele>
      </trkpt>
      <trkpt lat="38.97486" lon="-8.51125">
        <ele>47.5</ele>
      </trkpt>
      <trkpt lat="38.97456" lon="-8.51126">
        <ele>48.95</ele>
      </trkpt>
      <trkpt lat="38.9744" lon="-8.51141">
        <ele>50.39</ele>
      </trkpt>
      <trkpt lat="38.97433" lon="-8.51152">
        <ele>50.57</ele>
      </trkpt>
      <trkpt lat="38.97402" lon="-8.51198">
        <ele>51.46</ele>
      </trkpt>
      <trkpt lat="38.97397" lon="-8.5121">
        <ele>51.56</ele>
      </trkpt>
      <trkpt lat="38.97394" lon="-8.51224">
        <ele>51.4</ele>
      </trkpt>
      <trkpt lat="38.97393" lon="-8.51238">
        <ele>51.07</ele>
      </trkpt>
      <trkpt lat="38.97395" lon="-8.51318">
        <ele>56.11</ele>
      </trkpt>
      <trkpt lat="38.9739" lon="-8.51407">
        <ele>56.03</ele>
      </trkpt>
      <trkpt lat="38.9738" lon="-8.51477">
        <ele>51.19</ele>
      </trkpt>
      <trkpt lat="38.97378" lon="-8.51489">
        <ele>50.1</ele>
      </trkpt>
      <trkpt lat="38.97377" lon="-8.51502">
        <ele>48.96</ele>
      </trkpt>
      <trkpt lat="38.97376" lon="-8.51549">
        <ele>48.82</ele>
      </trkpt>
      <trkpt lat="38.97376" lon="-8.5162">
        <ele>48.95</ele>
      </trkpt>
      <trkpt lat="38.97375" lon="-8.51638">
        <ele>48.05</ele>
      </trkpt>
      <trkpt lat="38.9737" lon="-8.51672">
        <ele>47.25</ele>
      </trkpt>
      <trkpt lat="38.97365" lon="-8.51688">
        <ele>47.88</ele>
      </trkpt>
      <trkpt lat="38.9734" lon="-8.51758">
        <ele>51.07</ele>
      </trkpt>
      <trkpt lat="38.97318" lon="-8.51831">
        <ele>47.7</ele>
      </trkpt>
      <trkpt lat="38.97307" lon="-8.51865">
        <ele>47.47</ele>
      </trkpt>
      <trkpt lat="38.97289" lon="-8.51917">
        <ele>52.62</ele>
      </trkpt>
      <trkpt lat="38.97284" lon="-8.51926">
        <ele>53.37</ele>
      </trkpt>
      <trkpt lat="38.9728" lon="-8.51932">
        <ele>53.98</ele>
      </trkpt>
      <trkpt lat="38.97268" lon="-8.51937">
        <ele>54.65</ele>
      </trkpt>
      <trkpt lat="38.97256" lon="-8.5193">
        <ele>54.78</ele>
      </trkpt>
      <trkpt lat="38.97222" lon="-8.51887">
        <ele>55.95</ele>
      </trkpt>
      <trkpt lat="38.97214" lon="-8.51878">
        <ele>56.2</ele>
      </trkpt>
      <trkpt lat="38.97196" lon="-8.51866">
        <ele>57.06</ele>
      </trkpt>
      <trkpt lat="38.97137" lon="-8.51836">
        <ele>57.96</ele>
      </trkpt>
      <trkpt lat="38.97126" lon="-8.5183">
        <ele>59.5</ele>
      </trkpt>
      <trkpt lat="38.97114" lon="-8.51824">
        <ele>61.14</ele>
      </trkpt>
      <trkpt lat="38.97103" lon="-8.51816">
        <ele>62.11</ele>
      </trkpt>
      <trkpt lat="38.97093" lon="-8.51808">
        <ele>63.69</ele>
      </trkpt>
      <trkpt lat="38.97082" lon="-8.51798">
        <ele>65.79</ele>
      </trkpt>
      <trkpt lat="38.97072" lon="-8.51787">
        <ele>66.01</ele>
      </trkpt>
      <trkpt lat="38.97046" lon="-8.5175">
        <ele>67.34</ele>
      </trkpt>
      <trkpt lat="38.97029" lon="-8.51726">
        <ele>67.96</ele>
      </trkpt>
      <trkpt lat="38.97015" lon="-8.51705">
        <ele>68.29</ele>
      </trkpt>
      <trkpt lat="38.97011" lon="-8.51694">
        <ele>68.57</ele>
      </trkpt>
      <trkpt lat="38.97009" lon="-8.51683">
        <ele>67.85</ele>
      </trkpt>
      <trkpt lat="38.97009" lon="-8.51669">
        <ele>66.84</ele>
      </trkpt>
      <trkpt lat="38.97009" lon="-8.51654">
        <ele>67.28</ele>
      </trkpt>
      <trkpt lat="38.97008" lon="-8.51638">
        <ele>68.04</ele>
      </trkpt>
      <trkpt lat="38.97006" lon="-8.51624">
        <ele>68.46</ele>
      </trkpt>
      <trkpt lat="38.97002" lon="-8.51612">
        <ele>68.28</ele>
      </trkpt>
      <trkpt lat="38.96988" lon="-8.51598">
        <ele>67.4</ele>
      </trkpt>
      <trkpt lat="38.96967" lon="-8.51593">
        <ele>65.0</ele>
      </trkpt>
      <trkpt lat="38.96955" lon="-8.51589">
        <ele>62.53</ele>
      </trkpt>
      <trkpt lat="38.96901" lon="-8.51566">
        <ele>52.56</ele>
      </trkpt>
      <trkpt lat="38.96883" lon="-8.51558">
        <ele>48.66</ele>
      </trkpt>
      <trkpt lat="38.96875" lon="-8.51554">
        <ele>46.5</ele>
      </trkpt>
      <trkpt lat="38.96859" lon="-8.51547">
        <ele>42.93</ele>
      </trkpt>
      <trkpt lat="38.96851" lon="-8.51544">
        <ele>41.6</ele>
      </trkpt>
      <trkpt lat="38.96842" lon="-8.51542">
        <ele>40.05</ele>
      </trkpt>
      <trkpt lat="38.96825" lon="-8.51544">
        <ele>38.24</ele>
      </trkpt>
      <trkpt lat="38.96805" lon="-8.51548">
        <ele>37.54</ele>
      </trkpt>
      <trkpt lat="38.96795" lon="-8.5155">
        <ele>37.4</ele>
      </trkpt>
      <trkpt lat="38.96784" lon="-8.51549">
        <ele>37.33</ele>
      </trkpt>
      <trkpt lat="38.96773" lon="-8.51548">
        <ele>37.31</ele>
      </trkpt>
      <trkpt lat="38.96761" lon="-8.51545">
        <ele>37.23</ele>
      </trkpt>
      <trkpt lat="38.96749" lon="-8.51542">
        <ele>37.16</ele>
      </trkpt>
      <trkpt lat="38.96737" lon="-8.51539">
        <ele>38.11</ele>
      </trkpt>
      <trkpt lat="38.96724" lon="-8.51537">
        <ele>39.45</ele>
      </trkpt>
      <trkpt lat="38.96712" lon="-8.51534">
        <ele>39.45</ele>
      </trkpt>
      <trkpt lat="38.967" lon="-8.5153">
        <ele>39.16</ele>
      </trkpt>
      <trkpt lat="38.96689" lon="-8.51524">
        <ele>38.14</ele>
      </trkpt>
      <trkpt lat="38.96678" lon="-8.51518">
        <ele>36.52</ele>
      </trkpt>
      <trkpt lat="38.96668" lon="-8.5151">
        <ele>34.86</ele>
      </trkpt>
      <trkpt lat="38.96647" lon="-8.51494">
        <ele>31.41</ele>
      </trkpt>
      <trkpt lat="38.96627" lon="-8.51481">
        <ele>30.06</ele>
      </trkpt>
      <trkpt lat="38.96617" lon="-8.51477">
        <ele>28.91</ele>
      </trkpt>
      <trkpt lat="38.96606" lon="-8.51474">
        <ele>27.14</ele>
      </trkpt>
      <trkpt lat="38.96595" lon="-8.51472">
        <ele>25.1</ele>
      </trkpt>
      <trkpt lat="38.96572" lon="-8.51467">
        <ele>21.7</ele>
      </trkpt>
      <trkpt lat="38.9654" lon="-8.51459">
        <ele>20.35</ele>
      </trkpt>
      <trkpt lat="38.96519" lon="-8.51455">
        <ele>20.49</ele>
      </trkpt>
      <trkpt lat="38.96516" lon="-8.51455">
        <ele>20.31</ele>
      </trkpt>
      <trkpt lat="38.96512" lon="-8.51456">
        <ele>20.1</ele>
      </trkpt>
      <trkpt lat="38.96506" lon="-8.51465">
        <ele>20.01</ele>
      </trkpt>
      <trkpt lat="38.96501" lon="-8.51473">
        <ele>19.98</ele>
      </trkpt>
      <trkpt lat="38.96482" lon="-8.51513">
        <ele>17.39</ele>
      </trkpt>
      <trkpt lat="38.96464" lon="-8.51549">
        <ele>16.31</ele>
      </trkpt>
      <trkpt lat="38.96435" lon="-8.51607">
        <ele>18.03</ele>
      </trkpt>
      <trkpt lat="38.96426" lon="-8.51627">
        <ele>18.43</ele>
      </trkpt>
      <trkpt lat="38.96394" lon="-8.51701">
        <ele>18.1</ele>
      </trkpt>
      <trkpt lat="38.96379" lon="-8.51743">
        <ele>19.13</ele>
      </trkpt>
      <trkpt lat="38.96365" lon="-8.51784">
        <ele>20.91</ele>
      </trkpt>
      <trkpt lat="38.96358" lon="-8.51806">
        <ele>23.98</ele>
      </trkpt>
      <trkpt lat="38.96346" lon="-8.51841">
        <ele>23.0</ele>
      </trkpt>
      <trkpt lat="38.96342" lon="-8.51854">
        <ele>23.0</ele>
      </trkpt>
      <trkpt lat="38.96325" lon="-8.51911">
        <ele>20.14</ele>
      </trkpt>
      <trkpt lat="38.96321" lon="-8.51921">
        <ele>20.09</ele>
      </trkpt>
      <trkpt lat="38.96318" lon="-8.51929">
        <ele>20.2</ele>
      </trkpt>
      <trkpt lat="38.9631" lon="-8.51957">
        <ele>20.68</ele>
      </trkpt>
      <trkpt lat="38.96301" lon="-8.51985">
        <ele>22.23</ele>
      </trkpt>
      <trkpt lat="38.96297" lon="-8.5199">
        <ele>22.53</ele>
      </trkpt>
      <trkpt lat="38.96292" lon="-8.51992">
        <ele>22.44</ele>
      </trkpt>
      <trkpt lat="38.9628" lon="-8.51988">
        <ele>21.66</ele>
      </trkpt>
      <trkpt lat="38.96264" lon="-8.51974">
        <ele>21.5</ele>
      </trkpt>
      <trkpt lat="38.96221" lon="-8.51934">
        <ele>25.67</ele>
      </trkpt>
      <trkpt lat="38.96191" lon="-8.51908">
        <ele>24.27</ele>
      </trkpt>
      <trkpt lat="38.96184" lon="-8.51903">
        <ele>24.31</ele>
      </trkpt>
      <trkpt lat="38.96176" lon="-8.51898">
        <ele>24.23</ele>
      </trkpt>
      <trkpt lat="38.96155" lon="-8.5188">
        <ele>24.61</ele>
      </trkpt>
      <trkpt lat="38.96144" lon="-8.51871">
        <ele>24.93</ele>
      </trkpt>
      <trkpt lat="38.96117" lon="-8.51855">
        <ele>23.38</ele>
      </trkpt>
      <trkpt lat="38.96103" lon="-8.51851">
        <ele>22.1</ele>
      </trkpt>
      <trkpt lat="38.96089" lon="-8.51855">
        <ele>20.88</ele>
      </trkpt>
      <trkpt lat="38.96074" lon="-8.51881">
        <ele>21.63</ele>
      </trkpt>
      <trkpt lat="38.96058" lon="-8.51909">
        <ele>22.48</ele>
      </trkpt>
      <trkpt lat="38.96046" lon="-8.51925">
        <ele>21.8</ele>
      </trkpt>
      <trkpt lat="38.96035" lon="-8.51938">
        <ele>21.8</ele>
      </trkpt>
      <trkpt lat="38.96021" lon="-8.51966">
        <ele>23.96</ele>
      </trkpt>
      <trkpt lat="38.95995" lon="-8.52009">
        <ele>26.34</ele>
      </trkpt>
      <trkpt lat="38.95968" lon="-8.52051">
        <ele>24.63</ele>
      </trkpt>
      <trkpt lat="38.95953" lon="-8.52072">
        <ele>24.13</ele>
      </trkpt>
      <trkpt lat="38.95941" lon="-8.52088">
        <ele>24.0</ele>
      </trkpt>
      <trkpt lat="38.95938" lon="-8.52093">
        <ele>24.05</ele>
      </trkpt>
      <trkpt lat="38.95928" lon="-8.52106">
        <ele>24.74</ele>
      </trkpt>
      <trkpt lat="38.95919" lon="-8.52108">
        <ele>25.65</ele>
      </trkpt>
      <trkpt lat="38.95905" lon="-8.52094">
        <ele>25.32</ele>
      </trkpt>
      <trkpt lat="38.9588" lon="-8.52073">
        <ele>24.87</ele>
      </trkpt>
      <trkpt lat="38.95868" lon="-8.52066">
        <ele>24.91</ele>
      </trkpt>
      <trkpt lat="38.95856" lon="-8.52061">
        <ele>25.08</ele>
      </trkpt>
      <trkpt lat="38.95838" lon="-8.52061">
        <ele>24.69</ele>
      </trkpt>
    </trkseg>
  </trk>
</gpx>
