<?xml version="1.0" encoding="UTF-8"?>
<gpx creator="Garmin Connect" version="1.1"
  xsi:schemaLocation="http://www.topografix.com/GPX/1/1 http://www.topografix.com/GPX/11.xsd"
  xmlns:ns3="http://www.garmin.com/xmlschemas/TrackPointExtension/v1"
  xmlns="http://www.topografix.com/GPX/1/1"
  xmlns:xsi="http://www.w3.org/2001/XMLSchema-instance" xmlns:ns2="http://www.garmin.com/xmlschemas/GpxExtensions/v3">
  <metadata>
    <name>ETAPA_1A_ V.P. Aguiar_V.REAL_FAVAIOS</name>
    <link href="connect.garmin.com">
      <text>Garmin Connect</text>
    </link>
    <time>2026-04-16T13:47:24.000Z</time>
  </metadata>
  <wpt lat="41.49039047635723" lon="-7.64859125719195">
    <ele>0.0</ele>
    <name>placa</name>
    <type>MILE MARKER</type>
  </wpt>
  <wpt lat="41.49013808093553" lon="-7.64897798581189">
    <ele>0.0</ele>
    <name>MOTA BA</name>
    <type>ALERT</type>
  </wpt>
  <wpt lat="41.48968146689509" lon="-7.64903462701928">
    <ele>0.0</ele>
    <name>placa</name>
    <type>MILE MARKER</type>
  </wpt>
  <wpt lat="41.4891274660776" lon="-7.64936633618814">
    <ele>0.0</ele>
    <name>KM0</name>
    <type>INFO</type>
  </wpt>
  <wpt lat="41.45057169020392" lon="-7.6697487182025">
    <ele>0.0</ele>
    <name>MOTA BA</name>
    <type>ALERT</type>
  </wpt>
  <wpt lat="41.45035711992795" lon="-7.66987821743507">
    <ele>0.0</ele>
    <name>Marcador dist.</name>
    <type>MILE MARKER</type>
  </wpt>
  <wpt lat="41.44992884650861" lon="-7.67011887199068">
    <ele>0.0</ele>
    <name>Marcador dist.</name>
    <type>MILE MARKER</type>
  </wpt>
  <wpt lat="41.42061811978444" lon="-7.68508824513424">
    <ele>0.0</ele>
    <name>P.M INICIO</name>
    <type>THIRD CATEGORY</type>
  </wpt>
  <wpt lat="41.39686784354637" lon="-7.7012424698117">
    <ele>0.0</ele>
    <name>PM 11,55KM</name>
    <type>THIRD CATEGORY</type>
  </wpt>
  <wpt lat="41.37849918860831" lon="-7.71716594696043">
    <ele>0.0</ele>
    <name>MOTA BA</name>
    <type>ALERT</type>
  </wpt>
  <wpt lat="41.37803225141909" lon="-7.71714441267438">
    <ele>0.0</ele>
    <name>Marcador dist.</name>
    <type>MILE MARKER</type>
  </wpt>
  <wpt lat="41.37731477223394" lon="-7.71729582060794">
    <ele>0.0</ele>
    <name>placa</name>
    <type>MILE MARKER</type>
  </wpt>
  <wpt lat="41.37692291013133" lon="-7.71755427295387">
    <ele>0.0</ele>
    <name>MOTA BA</name>
    <type>ALERT</type>
  </wpt>
  <wpt lat="41.36669762277585" lon="-7.72592291805672">
    <ele>0.0</ele>
    <name>MOTA BA</name>
    <type>DANGER</type>
  </wpt>
  <wpt lat="41.34142293160605" lon="-7.72290928057743">
    <ele>0.0</ele>
    <name>MOTA BA</name>
    <type>ALERT</type>
  </wpt>
  <wpt lat="41.34129354921544" lon="-7.72298956190812">
    <ele>0.0</ele>
    <name>Marcador dist.</name>
    <type>MILE MARKER</type>
  </wpt>
  <wpt lat="41.31579593691848" lon="-7.73272256969717">
    <ele>0.0</ele>
    <name>placa</name>
    <type>MILE MARKER</type>
  </wpt>
  <wpt lat="41.31542175337479" lon="-7.73285751309929">
    <ele>0.0</ele>
    <name>MOTA BA</name>
    <type>ALERT</type>
  </wpt>
  <wpt lat="41.31491716536603" lon="-7.73316179485971">
    <ele>0.0</ele>
    <name>placa</name>
    <type>MILE MARKER</type>
  </wpt>
  <wpt lat="41.31437072051096" lon="-7.73354231353495">
    <ele>0.0</ele>
    <name>Marcador dist.</name>
    <type>MILE MARKER</type>
  </wpt>
  <wpt lat="41.31343764542051" lon="-7.73378077140838">
    <ele>0.0</ele>
    <name>placa</name>
    <type>MILE MARKER</type>
  </wpt>
  <wpt lat="41.3133108902168" lon="-7.73382962763638">
    <ele>0.0</ele>
    <name>MOTA BA</name>
    <type>ALERT</type>
  </wpt>
  <wpt lat="41.31316274262855" lon="-7.73391115341888">
    <ele>0.0</ele>
    <name>Marcador dist.</name>
    <type>MILE MARKER</type>
  </wpt>
  <wpt lat="41.31235118334916" lon="-7.73424668748959">
    <ele>0.0</ele>
    <name>MOTA BA</name>
    <type>ALERT</type>
  </wpt>
  <wpt lat="41.31059353017968" lon="-7.73494734455945">
    <ele>0.0</ele>
    <name>MOTA BA</name>
    <type>ALERT</type>
  </wpt>
  <wpt lat="41.30904183410869" lon="-7.7351057268792">
    <ele>0.0</ele>
    <name>MOTA BA</name>
    <type>ALERT</type>
  </wpt>
  <wpt lat="41.30494602955878" lon="-7.74036169052124">
    <ele>0.0</ele>
    <name>MOTA BA</name>
    <type>DANGER</type>
  </wpt>
  <wpt lat="41.30404731691389" lon="-7.74061246865787">
    <ele>0.0</ele>
    <name>MV BOXES25.12km</name>
    <type>SPRINT</type>
  </wpt>
  <wpt lat="41.3019191234032" lon="-7.74091933564467">
    <ele>0.0</ele>
    <name>MOTA BA</name>
    <type>DANGER</type>
  </wpt>
  <wpt lat="41.30112030121477" lon="-7.74102687835691">
    <ele>0.0</ele>
    <name>MOTA BA</name>
    <type>DANGER</type>
  </wpt>
  <wpt lat="41.29841013899631" lon="-7.74134435180788">
    <ele>0.0</ele>
    <name>MOTA BA</name>
    <type>DANGER</type>
  </wpt>
  <wpt lat="41.29283832810859" lon="-7.73613537574457">
    <ele>0.0</ele>
    <name>MOTA BA</name>
    <type>DANGER</type>
  </wpt>
  <wpt lat="41.29030957163882" lon="-7.72147338776912">
    <ele>0.0</ele>
    <name>PM INICIO</name>
    <type>SECOND CATEGORY</type>
  </wpt>
  <wpt lat="41.28684767469728" lon="-7.70325309278599">
    <ele>0.0</ele>
    <name>PM FIM 30,27</name>
    <type>SECOND CATEGORY</type>
  </wpt>
  <wpt lat="41.28566995662062" lon="-7.70212820784824">
    <ele>0.0</ele>
    <name>MOTA BA</name>
    <type>DANGER</type>
  </wpt>
  <wpt lat="41.28000097953985" lon="-7.69288513288024">
    <ele>0.0</ele>
    <name>INICIO ZA</name>
    <type>FOOD</type>
  </wpt>
  <wpt lat="41.2799202746258" lon="-7.68793380515778">
    <ele>0.0</ele>
    <name>FIM ZA</name>
    <type>FOOD</type>
  </wpt>
  <wpt lat="41.26906937579883" lon="-7.63439632881986">
    <ele>0.0</ele>
    <name>MOTA BA</name>
    <type>DANGER</type>
  </wpt>
  <wpt lat="41.26732975975599" lon="-7.62886943499849">
    <ele>0.0</ele>
    <name>MOTA BA</name>
    <type>DANGER</type>
  </wpt>
  <wpt lat="41.26650091197729" lon="-7.61993535371639">
    <ele>0.0</ele>
    <name>MV_ 40,68</name>
    <type>SPRINT</type>
  </wpt>
  <wpt lat="41.26634364671585" lon="-7.61752667083617">
    <ele>0.0</ele>
    <name>MOTA BA</name>
    <type>DANGER</type>
  </wpt>
  <wpt lat="41.26317709186851" lon="-7.5975125376">
    <ele>0.0</ele>
    <name>MOTA BA</name>
    <type>DANGER</type>
  </wpt>
  <wpt lat="41.26410475679806" lon="-7.59129506586203">
    <ele>0.0</ele>
    <name>MOTA BA</name>
    <type>DANGER</type>
  </wpt>
  <wpt lat="41.26207351679159" lon="-7.58459991711587">
    <ele>0.0</ele>
    <name>MOTA BA</name>
    <type>DANGER</type>
  </wpt>
  <trk>
    <name>ETAPA_1A_ V.P. Aguiar_V.REAL_FAVAIOS</name>
    <trkseg>
      <trkpt lat="41.499264780431986" lon="-7.6432484574615955">
        <ele>730.77</ele>
      </trkpt>
      <trkpt lat="41.499223709106445" lon="-7.643265724182129">
        <ele>730.22</ele>
      </trkpt>
      <trkpt lat="41.49903075769544" lon="-7.643372844904661">
        <ele>729.54</ele>
      </trkpt>
      <trkpt lat="41.49883755482733" lon="-7.64348030090332">
        <ele>728.75</ele>
      </trkpt>
      <trkpt lat="41.49877309799194" lon="-7.643523216247559">
        <ele>727.99</ele>
      </trkpt>
      <trkpt lat="41.498569417744875" lon="-7.64364106580615">
        <ele>727.22</ele>
      </trkpt>
      <trkpt lat="41.49836548604071" lon="-7.643759250640869">
        <ele>726.38</ele>
      </trkpt>
      <trkpt lat="41.49817245081067" lon="-7.643877100199461">
        <ele>725.51</ele>
      </trkpt>
      <trkpt lat="41.497979164123535" lon="-7.64399528503418">
        <ele>724.63</ele>
      </trkpt>
      <trkpt lat="41.49772175587714" lon="-7.644166946411133">
        <ele>723.76</ele>
      </trkpt>
      <trkpt lat="41.497721672058105" lon="-7.644166946411133">
        <ele>723.01</ele>
      </trkpt>
      <trkpt lat="41.49746434763074" lon="-7.644322346895933">
        <ele>722.28</ele>
      </trkpt>
      <trkpt lat="41.497207107022405" lon="-7.644477831199765">
        <ele>721.58</ele>
      </trkpt>
      <trkpt lat="41.49694978259504" lon="-7.6446332316845655">
        <ele>720.89</ele>
      </trkpt>
      <trkpt lat="41.496692541986704" lon="-7.644788715988398">
        <ele>720.09</ele>
      </trkpt>
      <trkpt lat="41.49643521755934" lon="-7.644944116473198">
        <ele>719.37</ele>
      </trkpt>
      <trkpt lat="41.496177976951" lon="-7.64509960077703">
        <ele>718.78</ele>
      </trkpt>
      <trkpt lat="41.49592065252364" lon="-7.64525500126183">
        <ele>718.39</ele>
      </trkpt>
      <trkpt lat="41.49566173553467" lon="-7.645411491394043">
        <ele>718.11</ele>
      </trkpt>
      <trkpt lat="41.49557590484619" lon="-7.645604610443115">
        <ele>717.91</ele>
      </trkpt>
      <trkpt lat="41.49557598866522" lon="-7.645754814147949">
        <ele>717.76</ele>
      </trkpt>
      <trkpt lat="41.49561882019043" lon="-7.64599084854126">
        <ele>717.68</ele>
      </trkpt>
      <trkpt lat="41.49564036168158" lon="-7.6460981369018555">
        <ele>717.68</ele>
      </trkpt>
      <trkpt lat="41.49565016850829" lon="-7.64611791819334">
        <ele>717.78</ele>
      </trkpt>
      <trkpt lat="41.49565025232732" lon="-7.646118002012372">
        <ele>718.21</ele>
      </trkpt>
      <trkpt lat="41.4956618193537" lon="-7.646141052246094">
        <ele>718.52</ele>
      </trkpt>
      <trkpt lat="41.49577992036939" lon="-7.646366525441408">
        <ele>718.86</ele>
      </trkpt>
      <trkpt lat="41.49589776992798" lon="-7.646591663360596">
        <ele>719.31</ele>
      </trkpt>
      <trkpt lat="41.496048057451844" lon="-7.646656036376953">
        <ele>719.8</ele>
      </trkpt>
      <trkpt lat="41.49633723311126" lon="-7.6466774102300406">
        <ele>720.33</ele>
      </trkpt>
      <trkpt lat="41.49662741459906" lon="-7.646698951721191">
        <ele>720.96</ele>
      </trkpt>
      <trkpt lat="41.496830927208066" lon="-7.646720325574279">
        <ele>721.64</ele>
      </trkpt>
      <trkpt lat="41.497035110369325" lon="-7.64674186706543">
        <ele>722.39</ele>
      </trkpt>
      <trkpt lat="41.4973421394825" lon="-7.646763240918517">
        <ele>723.22</ele>
      </trkpt>
      <trkpt lat="41.4976492524147" lon="-7.646784698590636">
        <ele>724.15</ele>
      </trkpt>
      <trkpt lat="41.497956616804004" lon="-7.646806072443724">
        <ele>725.12</ele>
      </trkpt>
      <trkpt lat="41.49795703589916" lon="-7.646806072443724">
        <ele>725.96</ele>
      </trkpt>
      <trkpt lat="41.497957203537226" lon="-7.646806156262755">
        <ele>727.52</ele>
      </trkpt>
      <trkpt lat="41.497957706451416" lon="-7.646806240081787">
        <ele>728.24</ele>
      </trkpt>
      <trkpt lat="41.49795779027045" lon="-7.646806240081787">
        <ele>728.92</ele>
      </trkpt>
      <trkpt lat="41.497957706451416" lon="-7.646806240081787">
        <ele>728.24</ele>
      </trkpt>
      <trkpt lat="41.49795779027045" lon="-7.646806240081787">
        <ele>728.92</ele>
      </trkpt>
      <trkpt lat="41.49819374084473" lon="-7.64674186706543">
        <ele>730.76</ele>
      </trkpt>
      <trkpt lat="41.49840395897627" lon="-7.64654447324574">
        <ele>731.27</ele>
      </trkpt>
      <trkpt lat="41.49861417710781" lon="-7.64634707942605">
        <ele>731.74</ele>
      </trkpt>
      <trkpt lat="41.498824479058385" lon="-7.64614968560636">
        <ele>732.24</ele>
      </trkpt>
      <trkpt lat="41.49903469718993" lon="-7.645952375605702">
        <ele>732.64</ele>
      </trkpt>
      <trkpt lat="41.499245250597596" lon="-7.645754814147949">
        <ele>733.02</ele>
      </trkpt>
      <trkpt lat="41.49951305240393" lon="-7.6456905249506235">
        <ele>733.43</ele>
      </trkpt>
      <trkpt lat="41.499781692400575" lon="-7.645626068115234">
        <ele>733.83</ele>
      </trkpt>
      <trkpt lat="41.49982452392578" lon="-7.645604610443115">
        <ele>734.19</ele>
      </trkpt>
      <trkpt lat="41.499957628548145" lon="-7.64557502232492">
        <ele>734.58</ele>
      </trkpt>
      <trkpt lat="41.49995771236718" lon="-7.64557502232492">
        <ele>734.89</ele>
      </trkpt>
      <trkpt lat="41.49995980784297" lon="-7.645574435591698">
        <ele>735.18</ele>
      </trkpt>
      <trkpt lat="41.499960059300065" lon="-7.645574435591698">
        <ele>735.69</ele>
      </trkpt>
      <trkpt lat="41.50001730769873" lon="-7.645561695098877">
        <ele>735.92</ele>
      </trkpt>
      <trkpt lat="41.500210762023926" lon="-7.645518779754639">
        <ele>736.15</ele>
      </trkpt>
      <trkpt lat="41.50042542256415" lon="-7.6454758644104">
        <ele>736.4</ele>
      </trkpt>
      <trkpt lat="41.50059683248401" lon="-7.645432949066162">
        <ele>736.65</ele>
      </trkpt>
      <trkpt lat="41.500768745318055" lon="-7.645390033721924">
        <ele>736.9</ele>
      </trkpt>
      <trkpt lat="41.50091894902289" lon="-7.6454758644104">
        <ele>737.03</ele>
      </trkpt>
      <trkpt lat="41.501111732795835" lon="-7.645486509427428">
        <ele>737.11</ele>
      </trkpt>
      <trkpt lat="41.501305103302" lon="-7.6454973220825195">
        <ele>737.12</ele>
      </trkpt>
      <trkpt lat="41.50131583213806" lon="-7.6457123178988695">
        <ele>737.1</ele>
      </trkpt>
      <trkpt lat="41.50132656097412" lon="-7.645926475524902">
        <ele>737.04</ele>
      </trkpt>
      <trkpt lat="41.5013569034636" lon="-7.645951705053449">
        <ele>736.93</ele>
      </trkpt>
      <trkpt lat="41.501357071101665" lon="-7.645951872691512">
        <ele>736.77</ele>
      </trkpt>
      <trkpt lat="41.5013587474823" lon="-7.6459532137960196">
        <ele>736.57</ele>
      </trkpt>
      <trkpt lat="41.501358998939395" lon="-7.645953465253115">
        <ele>736.03</ele>
      </trkpt>
      <trkpt lat="41.50145539082587" lon="-7.646033763885498">
        <ele>735.74</ele>
      </trkpt>
      <trkpt lat="41.5017126314342" lon="-7.645872915163636">
        <ele>735.4</ele>
      </trkpt>
      <trkpt lat="41.501970291137695" lon="-7.645711898803711">
        <ele>735.01</ele>
      </trkpt>
      <trkpt lat="41.502173971384764" lon="-7.645550966262817">
        <ele>734.48</ele>
      </trkpt>
      <trkpt lat="41.50237798690796" lon="-7.645390033721924">
        <ele>733.9</ele>
      </trkpt>
      <trkpt lat="41.50258183479309" lon="-7.645164644345641">
        <ele>733.28</ele>
      </trkpt>
      <trkpt lat="41.502785766497254" lon="-7.644939422607422">
        <ele>732.67</ele>
      </trkpt>
      <trkpt lat="41.50293597020209" lon="-7.644703136757016">
        <ele>732.09</ele>
      </trkpt>
      <trkpt lat="41.50308609008789" lon="-7.644467353820801">
        <ele>731.52</ele>
      </trkpt>
      <trkpt lat="41.50317192077637" lon="-7.644252777099609">
        <ele>730.93</ele>
      </trkpt>
      <trkpt lat="41.503279376775026" lon="-7.64394105412066">
        <ele>730.35</ele>
      </trkpt>
      <trkpt lat="41.503386832773685" lon="-7.643629414960742">
        <ele>729.75</ele>
      </trkpt>
      <trkpt lat="41.503494372591376" lon="-7.643317775800824">
        <ele>729.15</ele>
      </trkpt>
      <trkpt lat="41.50360115803778" lon="-7.643008232116699">
        <ele>728.68</ele>
      </trkpt>
      <trkpt lat="41.50360107421875" lon="-7.643008232116699">
        <ele>728.18</ele>
      </trkpt>
      <trkpt lat="41.50366553105414" lon="-7.642793236300349">
        <ele>727.73</ele>
      </trkpt>
      <trkpt lat="41.503729820251465" lon="-7.642579078674316">
        <ele>727.28</ele>
      </trkpt>
      <trkpt lat="41.50379419326782" lon="-7.642192840576172">
        <ele>726.85</ele>
      </trkpt>
      <trkpt lat="41.503710709512234" lon="-7.6418383698910475">
        <ele>726.36</ele>
      </trkpt>
      <trkpt lat="41.5037108771503" lon="-7.641839040443301">
        <ele>725.99</ele>
      </trkpt>
      <trkpt lat="41.50371104478836" lon="-7.641839710995555">
        <ele>725.67</ele>
      </trkpt>
      <trkpt lat="41.503711212426424" lon="-7.6418401300907135">
        <ele>725.38</ele>
      </trkpt>
      <trkpt lat="41.5037108771503" lon="-7.641839124262333">
        <ele>725.13</ele>
      </trkpt>
      <trkpt lat="41.5037108771503" lon="-7.641839040443301">
        <ele>725.99</ele>
      </trkpt>
      <trkpt lat="41.5037108771503" lon="-7.641838788986206">
        <ele>724.63</ele>
      </trkpt>
      <trkpt lat="41.503708362579346" lon="-7.6418280601501465">
        <ele>724.53</ele>
      </trkpt>
      <trkpt lat="41.50351524353027" lon="-7.641506195068359">
        <ele>724.33</ele>
      </trkpt>
      <trkpt lat="41.50325791910291" lon="-7.641327492892742">
        <ele>724.34</ele>
      </trkpt>
      <trkpt lat="41.50300059467554" lon="-7.641148790717125">
        <ele>724.27</ele>
      </trkpt>
      <trkpt lat="41.502742851153016" lon="-7.640969753265381">
        <ele>724.35</ele>
      </trkpt>
      <trkpt lat="41.502463817596436" lon="-7.640776634216309">
        <ele>724.46</ele>
      </trkpt>
      <trkpt lat="41.50235661305487" lon="-7.640712261199951">
        <ele>724.58</ele>
      </trkpt>
      <trkpt lat="41.50209903717041" lon="-7.640540599822998">
        <ele>724.75</ele>
      </trkpt>
      <trkpt lat="41.50184154510498" lon="-7.640347480773926">
        <ele>725.09</ele>
      </trkpt>
      <trkpt lat="41.501712799072266" lon="-7.640519142150879">
        <ele>725.46</ele>
      </trkpt>
      <trkpt lat="41.50170240551233" lon="-7.640547640621662">
        <ele>725.75</ele>
      </trkpt>
      <trkpt lat="41.501702489331365" lon="-7.640547640621662">
        <ele>726.05</ele>
      </trkpt>
      <trkpt lat="41.501702070236206" lon="-7.640548897907138">
        <ele>726.36</ele>
      </trkpt>
      <trkpt lat="41.501702070236206" lon="-7.64054898172617">
        <ele>726.68</ele>
      </trkpt>
      <trkpt lat="41.50170165114105" lon="-7.640550071373582">
        <ele>727.01</ele>
      </trkpt>
      <trkpt lat="41.50170165114105" lon="-7.640550155192614">
        <ele>727.7</ele>
      </trkpt>
      <trkpt lat="41.50170165114105" lon="-7.640550406649709">
        <ele>728.05</ele>
      </trkpt>
      <trkpt lat="41.50170165114105" lon="-7.640550322830677">
        <ele>728.4</ele>
      </trkpt>
      <trkpt lat="41.50170173496008" lon="-7.640550406649709">
        <ele>728.75</ele>
      </trkpt>
      <trkpt lat="41.50170173496008" lon="-7.6405504904687405">
        <ele>729.11</ele>
      </trkpt>
      <trkpt lat="41.501701483502984" lon="-7.640551496297121">
        <ele>729.46</ele>
      </trkpt>
      <trkpt lat="41.501701483502984" lon="-7.640551747754216">
        <ele>729.8</ele>
      </trkpt>
      <trkpt lat="41.501626800745726" lon="-7.640766240656376">
        <ele>730.17</ele>
      </trkpt>
      <trkpt lat="41.50154113769531" lon="-7.641012668609619">
        <ele>730.52</ele>
      </trkpt>
      <trkpt lat="41.50149813853204" lon="-7.641216851770878">
        <ele>730.89</ele>
      </trkpt>
      <trkpt lat="41.50145539082587" lon="-7.641420364379883">
        <ele>731.23</ele>
      </trkpt>
      <trkpt lat="41.501412307843566" lon="-7.641667630523443">
        <ele>731.56</ele>
      </trkpt>
      <trkpt lat="41.50136947631836" lon="-7.641913890838623">
        <ele>731.91</ele>
      </trkpt>
      <trkpt lat="41.501305103302" lon="-7.642085552215576">
        <ele>732.25</ele>
      </trkpt>
      <trkpt lat="41.50119789876044" lon="-7.642192840576172">
        <ele>732.58</ele>
      </trkpt>
      <trkpt lat="41.501197814941406" lon="-7.642192840576172">
        <ele>732.87</ele>
      </trkpt>
      <trkpt lat="41.50104761123657" lon="-7.642214298248291">
        <ele>733.16</ele>
      </trkpt>
      <trkpt lat="41.50099572725594" lon="-7.642252938821912">
        <ele>733.43</ele>
      </trkpt>
      <trkpt lat="41.50099564343691" lon="-7.642252938821912">
        <ele>733.67</ele>
      </trkpt>
      <trkpt lat="41.50099480524659" lon="-7.642253693193197">
        <ele>733.89</ele>
      </trkpt>
      <trkpt lat="41.50099472142756" lon="-7.642253777012229">
        <ele>734.11</ele>
      </trkpt>
      <trkpt lat="41.500994050875306" lon="-7.642253693193197">
        <ele>734.3</ele>
      </trkpt>
      <trkpt lat="41.500994050875306" lon="-7.642253777012229">
        <ele>734.65</ele>
      </trkpt>
      <trkpt lat="41.500994050875306" lon="-7.642253860831261">
        <ele>734.8</ele>
      </trkpt>
      <trkpt lat="41.500994050875306" lon="-7.642253944650292">
        <ele>734.94</ele>
      </trkpt>
      <trkpt lat="41.500994050875306" lon="-7.642254028469324">
        <ele>735.07</ele>
      </trkpt>
      <trkpt lat="41.500994050875306" lon="-7.642254112288356">
        <ele>735.18</ele>
      </trkpt>
      <trkpt lat="41.50099371559918" lon="-7.642254447564483">
        <ele>735.29</ele>
      </trkpt>
      <trkpt lat="41.50099363178015" lon="-7.642254615202546">
        <ele>735.38</ele>
      </trkpt>
      <trkpt lat="41.500993547961116" lon="-7.642254699021578">
        <ele>735.46</ele>
      </trkpt>
      <trkpt lat="41.500993464142084" lon="-7.642254615202546">
        <ele>735.53</ele>
      </trkpt>
      <trkpt lat="41.500993464142084" lon="-7.642254699021578">
        <ele>735.6</ele>
      </trkpt>
      <trkpt lat="41.50099287740886" lon="-7.6422552857548">
        <ele>735.65</ele>
      </trkpt>
      <trkpt lat="41.50099262595177" lon="-7.642255537211895">
        <ele>735.7</ele>
      </trkpt>
      <trkpt lat="41.500961780548096" lon="-7.642278671264648">
        <ele>735.73</ele>
      </trkpt>
      <trkpt lat="41.500929510220885" lon="-7.642515208572149">
        <ele>735.76</ele>
      </trkpt>
      <trkpt lat="41.50089740753174" lon="-7.6427507400512695">
        <ele>735.78</ele>
      </trkpt>
      <trkpt lat="41.500618793070316" lon="-7.642707824707031">
        <ele>735.79</ele>
      </trkpt>
      <trkpt lat="41.50033950805664" lon="-7.642664909362793">
        <ele>735.8</ele>
      </trkpt>
      <trkpt lat="41.50030723772943" lon="-7.6428906340152025">
        <ele>735.78</ele>
      </trkpt>
      <trkpt lat="41.50027513504028" lon="-7.643115520477295">
        <ele>735.73</ele>
      </trkpt>
      <trkpt lat="41.500232219696045" lon="-7.6432013511657715">
        <ele>735.71</ele>
      </trkpt>
      <trkpt lat="41.49993189610541" lon="-7.643222808837891">
        <ele>735.68</ele>
      </trkpt>
      <trkpt lat="41.499695777893066" lon="-7.643158435821533">
        <ele>735.64</ele>
      </trkpt>
      <trkpt lat="41.49948128499091" lon="-7.643158435821533">
        <ele>735.61</ele>
      </trkpt>
      <trkpt lat="41.49927039630711" lon="-7.643245859071612">
        <ele>735.55</ele>
      </trkpt>
      <trkpt lat="41.499270144850016" lon="-7.643245942890644">
        <ele>735.47</ele>
      </trkpt>
      <trkpt lat="41.49926939047873" lon="-7.643246361985803">
        <ele>735.38</ele>
      </trkpt>
      <trkpt lat="41.4992690552026" lon="-7.643246529623866">
        <ele>735.27</ele>
      </trkpt>
      <trkpt lat="41.49926871992648" lon="-7.643246445804834">
        <ele>735.14</ele>
      </trkpt>
      <trkpt lat="41.499268636107445" lon="-7.643246445804834">
        <ele>734.83</ele>
      </trkpt>
      <trkpt lat="41.49926855228841" lon="-7.643246445804834">
        <ele>734.65</ele>
      </trkpt>
      <trkpt lat="41.49926855228841" lon="-7.643246529623866">
        <ele>734.45</ele>
      </trkpt>
      <trkpt lat="41.49926846846938" lon="-7.643246613442898">
        <ele>734.23</ele>
      </trkpt>
      <trkpt lat="41.49926838465035" lon="-7.6432466972619295">
        <ele>733.98</ele>
      </trkpt>
      <trkpt lat="41.49926804937422" lon="-7.643246948719025">
        <ele>733.71</ele>
      </trkpt>
      <trkpt lat="41.499267630279064" lon="-7.64324720017612">
        <ele>733.42</ele>
      </trkpt>
      <trkpt lat="41.49926737882197" lon="-7.64324720017612">
        <ele>733.1</ele>
      </trkpt>
      <trkpt lat="41.49926737882197" lon="-7.6432472839951515">
        <ele>732.77</ele>
      </trkpt>
      <trkpt lat="41.49926687590778" lon="-7.643247619271278">
        <ele>732.4</ele>
      </trkpt>
      <trkpt lat="41.49926645681262" lon="-7.6432478707283735">
        <ele>732.02</ele>
      </trkpt>
      <trkpt lat="41.499223709106445" lon="-7.643265724182129">
        <ele>730.22</ele>
      </trkpt>
      <trkpt lat="41.49903075769544" lon="-7.643372844904661">
        <ele>729.54</ele>
      </trkpt>
      <trkpt lat="41.49883755482733" lon="-7.64348030090332">
        <ele>728.75</ele>
      </trkpt>
      <trkpt lat="41.49877309799194" lon="-7.643523216247559">
        <ele>727.99</ele>
      </trkpt>
      <trkpt lat="41.498569417744875" lon="-7.64364106580615">
        <ele>727.22</ele>
      </trkpt>
      <trkpt lat="41.49836548604071" lon="-7.643759250640869">
        <ele>726.38</ele>
      </trkpt>
      <trkpt lat="41.49817245081067" lon="-7.643877100199461">
        <ele>725.51</ele>
      </trkpt>
      <trkpt lat="41.497979164123535" lon="-7.64399528503418">
        <ele>724.63</ele>
      </trkpt>
      <trkpt lat="41.49772175587714" lon="-7.644166946411133">
        <ele>723.76</ele>
      </trkpt>
      <trkpt lat="41.497721672058105" lon="-7.644166946411133">
        <ele>723.01</ele>
      </trkpt>
      <trkpt lat="41.49746434763074" lon="-7.644322346895933">
        <ele>722.28</ele>
      </trkpt>
      <trkpt lat="41.497207107022405" lon="-7.644477831199765">
        <ele>721.58</ele>
      </trkpt>
      <trkpt lat="41.49694978259504" lon="-7.6446332316845655">
        <ele>720.89</ele>
      </trkpt>
      <trkpt lat="41.496692541986704" lon="-7.644788715988398">
        <ele>720.09</ele>
      </trkpt>
      <trkpt lat="41.49643530137837" lon="-7.644944116473198">
        <ele>724.09</ele>
      </trkpt>
      <trkpt lat="41.496177976951" lon="-7.64509960077703">
        <ele>718.78</ele>
      </trkpt>
      <trkpt lat="41.49592073634267" lon="-7.64525500126183">
        <ele>723.16</ele>
      </trkpt>
      <trkpt lat="41.4956618193537" lon="-7.645411491394043">
        <ele>722.74</ele>
      </trkpt>
      <trkpt lat="41.49566173553467" lon="-7.645411491394043">
        <ele>718.11</ele>
      </trkpt>
      <trkpt lat="41.495450930669904" lon="-7.645537555217743">
        <ele>721.89</ele>
      </trkpt>
      <trkpt lat="41.49545076303184" lon="-7.645537639036775">
        <ele>721.5</ele>
      </trkpt>
      <trkpt lat="41.495450008660555" lon="-7.645538225769997">
        <ele>721.13</ele>
      </trkpt>
      <trkpt lat="41.49544967338443" lon="-7.645538477227092">
        <ele>720.77</ele>
      </trkpt>
      <trkpt lat="41.495449589565396" lon="-7.645538477227092">
        <ele>720.43</ele>
      </trkpt>
      <trkpt lat="41.495449505746365" lon="-7.645538477227092">
        <ele>719.78</ele>
      </trkpt>
      <trkpt lat="41.49544942192733" lon="-7.645538477227092">
        <ele>719.46</ele>
      </trkpt>
      <trkpt lat="41.4954493381083" lon="-7.645538477227092">
        <ele>719.16</ele>
      </trkpt>
      <trkpt lat="41.49544925428927" lon="-7.6455385610461235">
        <ele>718.85</ele>
      </trkpt>
      <trkpt lat="41.49544917047024" lon="-7.645538644865155">
        <ele>718.55</ele>
      </trkpt>
      <trkpt lat="41.49544917047024" lon="-7.645538728684187">
        <ele>718.26</ele>
      </trkpt>
      <trkpt lat="41.49544875137508" lon="-7.645538980141282">
        <ele>717.96</ele>
      </trkpt>
      <trkpt lat="41.495448499917984" lon="-7.645539231598377">
        <ele>717.65</ele>
      </trkpt>
      <trkpt lat="41.49544833227992" lon="-7.645539399236441">
        <ele>717.35</ele>
      </trkpt>
      <trkpt lat="41.49544816464186" lon="-7.645539399236441">
        <ele>717.03</ele>
      </trkpt>
      <trkpt lat="41.495448080822825" lon="-7.645539483055472">
        <ele>716.72</ele>
      </trkpt>
      <trkpt lat="41.495447577908635" lon="-7.645539902150631">
        <ele>716.39</ele>
      </trkpt>
      <trkpt lat="41.49544715881348" lon="-7.645540237426758">
        <ele>716.05</ele>
      </trkpt>
      <trkpt lat="41.49544724263251" lon="-7.645540237426758">
        <ele>715.71</ele>
      </trkpt>
      <trkpt lat="41.49536141194403" lon="-7.645604610443115">
        <ele>715.34</ele>
      </trkpt>
      <trkpt lat="41.495254123583436" lon="-7.645668983459473">
        <ele>714.95</ele>
      </trkpt>
      <trkpt lat="41.495039546862245" lon="-7.645776271820068">
        <ele>714.54</ele>
      </trkpt>
      <trkpt lat="41.49503946304321" lon="-7.645776271820068">
        <ele>714.17</ele>
      </trkpt>
      <trkpt lat="41.494764452800155" lon="-7.645942736417055">
        <ele>713.76</ele>
      </trkpt>
      <trkpt lat="41.49448952637613" lon="-7.646109201014042">
        <ele>713.35</ele>
      </trkpt>
      <trkpt lat="41.4942145999521" lon="-7.646275665611029">
        <ele>712.93</ele>
      </trkpt>
      <trkpt lat="41.493939673528075" lon="-7.646442214027047">
        <ele>712.51</ele>
      </trkpt>
      <trkpt lat="41.49366474710405" lon="-7.646608678624034">
        <ele>712.18</ele>
      </trkpt>
      <trkpt lat="41.49338982068002" lon="-7.646775143221021">
        <ele>711.85</ele>
      </trkpt>
      <trkpt lat="41.493114894255996" lon="-7.6469416078180075">
        <ele>711.42</ele>
      </trkpt>
      <trkpt lat="41.49283988401294" lon="-7.647108156234026">
        <ele>710.91</ele>
      </trkpt>
      <trkpt lat="41.49256495758891" lon="-7.647274620831013">
        <ele>710.51</ele>
      </trkpt>
      <trkpt lat="41.492290031164885" lon="-7.6474410854279995">
        <ele>710.25</ele>
      </trkpt>
      <trkpt lat="41.49201510474086" lon="-7.647607550024986">
        <ele>710.06</ele>
      </trkpt>
      <trkpt lat="41.49174017831683" lon="-7.647774014621973">
        <ele>709.8</ele>
      </trkpt>
      <trkpt lat="41.491465251892805" lon="-7.6479405630379915">
        <ele>709.56</ele>
      </trkpt>
      <trkpt lat="41.49119032546878" lon="-7.648107027634978">
        <ele>709.35</ele>
      </trkpt>
      <trkpt lat="41.49091539904475" lon="-7.648273492231965">
        <ele>709.06</ele>
      </trkpt>
      <trkpt lat="41.490640388801694" lon="-7.648439956828952">
        <ele>708.91</ele>
      </trkpt>
      <trkpt lat="41.49039044044912" lon="-7.648591250181198">
        <ele>708.86</ele>
      </trkpt>
      <trkpt lat="41.49036169052124" lon="-7.648608684539795">
        <ele>708.8</ele>
      </trkpt>
      <trkpt lat="41.49019002914429" lon="-7.648866176605225">
        <ele>708.8</ele>
      </trkpt>
      <trkpt lat="41.49019011296332" lon="-7.648909091949463">
        <ele>708.81</ele>
      </trkpt>
      <trkpt lat="41.49014711380005" lon="-7.64897346496582">
        <ele>708.86</ele>
      </trkpt>
      <trkpt lat="41.490138061344624" lon="-7.648977907374501">
        <ele>708.93</ele>
      </trkpt>
      <trkpt lat="41.490061366930604" lon="-7.649016380310059">
        <ele>709.04</ele>
      </trkpt>
      <trkpt lat="41.490018367767334" lon="-7.6489949226379395">
        <ele>709.16</ele>
      </trkpt>
      <trkpt lat="41.489717960357666" lon="-7.649016380310059">
        <ele>709.36</ele>
      </trkpt>
      <trkpt lat="41.48968141525984" lon="-7.649034569039941">
        <ele>709.55</ele>
      </trkpt>
      <trkpt lat="41.48967504501343" lon="-7.649037837982178">
        <ele>709.75</ele>
      </trkpt>
      <trkpt lat="41.48946113884449" lon="-7.649166081100702">
        <ele>710.04</ele>
      </trkpt>
      <trkpt lat="41.489249831065536" lon="-7.649292564019561">
        <ele>710.32</ele>
      </trkpt>
      <trkpt lat="41.48924966342747" lon="-7.6492926478385925">
        <ele>710.54</ele>
      </trkpt>
      <trkpt lat="41.489248825237155" lon="-7.6492932345718145">
        <ele>710.77</ele>
      </trkpt>
      <trkpt lat="41.48924857378006" lon="-7.64929348602891">
        <ele>711.0</ele>
      </trkpt>
      <trkpt lat="41.48924848996103" lon="-7.649293402209878">
        <ele>711.22</ele>
      </trkpt>
      <trkpt lat="41.489248406141996" lon="-7.649293402209878">
        <ele>711.64</ele>
      </trkpt>
      <trkpt lat="41.48924823850393" lon="-7.64929348602891">
        <ele>711.83</ele>
      </trkpt>
      <trkpt lat="41.4892481546849" lon="-7.649293569847941">
        <ele>712.01</ele>
      </trkpt>
      <trkpt lat="41.48924807086587" lon="-7.649293653666973">
        <ele>712.16</ele>
      </trkpt>
      <trkpt lat="41.48924798704684" lon="-7.649293737486005">
        <ele>712.3</ele>
      </trkpt>
      <trkpt lat="41.48924765177071" lon="-7.6492939889431">
        <ele>712.42</ele>
      </trkpt>
      <trkpt lat="41.489247400313616" lon="-7.649294240400195">
        <ele>712.5</ele>
      </trkpt>
      <trkpt lat="41.48924714885652" lon="-7.64929449185729">
        <ele>712.57</ele>
      </trkpt>
      <trkpt lat="41.48924698121846" lon="-7.64929449185729">
        <ele>712.6</ele>
      </trkpt>
      <trkpt lat="41.48924698121846" lon="-7.649294575676322">
        <ele>712.6</ele>
      </trkpt>
      <trkpt lat="41.48924698121846" lon="-7.649294659495354">
        <ele>712.57</ele>
      </trkpt>
      <trkpt lat="41.48924622684717" lon="-7.649295078590512">
        <ele>712.51</ele>
      </trkpt>
      <trkpt lat="41.48914396762848" lon="-7.649356434121728">
        <ele>712.43</ele>
      </trkpt>
      <trkpt lat="41.48912745527923" lon="-7.64936632476747">
        <ele>712.3</ele>
      </trkpt>
      <trkpt lat="41.488901479169726" lon="-7.649501943960786">
        <ele>712.16</ele>
      </trkpt>
      <trkpt lat="41.488658990710974" lon="-7.649647453799844">
        <ele>711.99</ele>
      </trkpt>
      <trkpt lat="41.48841650225222" lon="-7.649792963638902">
        <ele>711.77</ele>
      </trkpt>
      <trkpt lat="41.48817309178412" lon="-7.649939060211182">
        <ele>711.48</ele>
      </trkpt>
      <trkpt lat="41.48790596053004" lon="-7.650118349120021">
        <ele>711.16</ele>
      </trkpt>
      <trkpt lat="41.487638913095" lon="-7.650297721847892">
        <ele>710.78</ele>
      </trkpt>
      <trkpt lat="41.48737186565995" lon="-7.650477094575763">
        <ele>710.32</ele>
      </trkpt>
      <trkpt lat="41.48710481822491" lon="-7.650656383484602">
        <ele>709.82</ele>
      </trkpt>
      <trkpt lat="41.48683777078986" lon="-7.650835756212473">
        <ele>709.34</ele>
      </trkpt>
      <trkpt lat="41.486570723354816" lon="-7.651015045121312">
        <ele>708.85</ele>
      </trkpt>
      <trkpt lat="41.48630367591977" lon="-7.651194417849183">
        <ele>708.31</ele>
      </trkpt>
      <trkpt lat="41.486036628484726" lon="-7.651373790577054">
        <ele>707.79</ele>
      </trkpt>
      <trkpt lat="41.48576949723065" lon="-7.651553079485893">
        <ele>707.27</ele>
      </trkpt>
      <trkpt lat="41.485502449795604" lon="-7.651732452213764">
        <ele>706.7</ele>
      </trkpt>
      <trkpt lat="41.4852333907038" lon="-7.651913166046143">
        <ele>706.2</ele>
      </trkpt>
      <trkpt lat="41.485233306884766" lon="-7.651913166046143">
        <ele>705.69</ele>
      </trkpt>
      <trkpt lat="41.48497397080064" lon="-7.652088599279523">
        <ele>705.17</ele>
      </trkpt>
      <trkpt lat="41.48471471853554" lon="-7.652264032512903">
        <ele>704.64</ele>
      </trkpt>
      <trkpt lat="41.48445546627045" lon="-7.6524394657462835">
        <ele>704.08</ele>
      </trkpt>
      <trkpt lat="41.48419621400535" lon="-7.652614898979664">
        <ele>703.49</ele>
      </trkpt>
      <trkpt lat="41.483936961740255" lon="-7.652790332213044">
        <ele>702.93</ele>
      </trkpt>
      <trkpt lat="41.48367770947516" lon="-7.6529657654464245">
        <ele>702.45</ele>
      </trkpt>
      <trkpt lat="41.483418457210064" lon="-7.6531412824988365">
        <ele>701.93</ele>
      </trkpt>
      <trkpt lat="41.48315912112594" lon="-7.653316715732217">
        <ele>701.42</ele>
      </trkpt>
      <trkpt lat="41.48289986886084" lon="-7.653492148965597">
        <ele>700.97</ele>
      </trkpt>
      <trkpt lat="41.482640616595745" lon="-7.6536675821989775">
        <ele>700.54</ele>
      </trkpt>
      <trkpt lat="41.48237943649292" lon="-7.653844356536865">
        <ele>700.1</ele>
      </trkpt>
      <trkpt lat="41.48214356973767" lon="-7.654001601040363">
        <ele>699.65</ele>
      </trkpt>
      <trkpt lat="41.481907702982426" lon="-7.654158845543861">
        <ele>699.2</ele>
      </trkpt>
      <trkpt lat="41.48167133331299" lon="-7.654316425323486">
        <ele>698.73</ele>
      </trkpt>
      <trkpt lat="41.48141400888562" lon="-7.6544921938329935">
        <ele>698.22</ele>
      </trkpt>
      <trkpt lat="41.481156684458256" lon="-7.654668046161532">
        <ele>697.78</ele>
      </trkpt>
      <trkpt lat="41.48089936003089" lon="-7.654843898490071">
        <ele>697.37</ele>
      </trkpt>
      <trkpt lat="41.48064203560352" lon="-7.65501975081861">
        <ele>697.02</ele>
      </trkpt>
      <trkpt lat="41.48038387298584" lon="-7.655196189880371">
        <ele>696.59</ele>
      </trkpt>
      <trkpt lat="41.48012378253043" lon="-7.655391823500395">
        <ele>696.16</ele>
      </trkpt>
      <trkpt lat="41.479863775894046" lon="-7.65558754093945">
        <ele>695.77</ele>
      </trkpt>
      <trkpt lat="41.479603769257665" lon="-7.655783258378506">
        <ele>695.44</ele>
      </trkpt>
      <trkpt lat="41.47934367880225" lon="-7.655978975817561">
        <ele>695.03</ele>
      </trkpt>
      <trkpt lat="41.47908367216587" lon="-7.656174609437585">
        <ele>694.52</ele>
      </trkpt>
      <trkpt lat="41.47882366552949" lon="-7.65637032687664">
        <ele>694.02</ele>
      </trkpt>
      <trkpt lat="41.47856365889311" lon="-7.656566044315696">
        <ele>693.61</ele>
      </trkpt>
      <trkpt lat="41.47830247879028" lon="-7.656762599945068">
        <ele>693.15</ele>
      </trkpt>
      <trkpt lat="41.47804724983871" lon="-7.656955551356077">
        <ele>692.7</ele>
      </trkpt>
      <trkpt lat="41.47779202088714" lon="-7.657148586586118">
        <ele>692.25</ele>
      </trkpt>
      <trkpt lat="41.47753679193556" lon="-7.657341621816158">
        <ele>691.83</ele>
      </trkpt>
      <trkpt lat="41.47728164680302" lon="-7.657534657046199">
        <ele>691.41</ele>
      </trkpt>
      <trkpt lat="41.47702641785145" lon="-7.657727692276239">
        <ele>691.0</ele>
      </trkpt>
      <trkpt lat="41.476771188899875" lon="-7.657920643687248">
        <ele>690.61</ele>
      </trkpt>
      <trkpt lat="41.4765159599483" lon="-7.658113678917289">
        <ele>690.24</ele>
      </trkpt>
      <trkpt lat="41.47626081481576" lon="-7.658306714147329">
        <ele>689.87</ele>
      </trkpt>
      <trkpt lat="41.476005585864186" lon="-7.65849974937737">
        <ele>689.53</ele>
      </trkpt>
      <trkpt lat="41.475749015808105" lon="-7.658693790435791">
        <ele>689.2</ele>
      </trkpt>
      <trkpt lat="41.4754902664572" lon="-7.6588867418468">
        <ele>688.94</ele>
      </trkpt>
      <trkpt lat="41.475231600925326" lon="-7.65907977707684">
        <ele>688.64</ele>
      </trkpt>
      <trkpt lat="41.47497293539345" lon="-7.659272812306881">
        <ele>688.37</ele>
      </trkpt>
      <trkpt lat="41.47471426986158" lon="-7.6594658475369215">
        <ele>688.12</ele>
      </trkpt>
      <trkpt lat="41.474455604329705" lon="-7.659658882766962">
        <ele>687.88</ele>
      </trkpt>
      <trkpt lat="41.4741968549788" lon="-7.659851834177971">
        <ele>687.66</ele>
      </trkpt>
      <trkpt lat="41.473938189446926" lon="-7.660044869408011">
        <ele>687.41</ele>
      </trkpt>
      <trkpt lat="41.47367952391505" lon="-7.660237904638052">
        <ele>687.23</ele>
      </trkpt>
      <trkpt lat="41.47342085838318" lon="-7.6604309398680925">
        <ele>687.05</ele>
      </trkpt>
      <trkpt lat="41.473162192851305" lon="-7.660623975098133">
        <ele>686.86</ele>
      </trkpt>
      <trkpt lat="41.47290352731943" lon="-7.660816926509142">
        <ele>686.73</ele>
      </trkpt>
      <trkpt lat="41.472644777968526" lon="-7.6610099617391825">
        <ele>686.58</ele>
      </trkpt>
      <trkpt lat="41.47238611243665" lon="-7.661202996969223">
        <ele>686.38</ele>
      </trkpt>
      <trkpt lat="41.47212744690478" lon="-7.661396032199264">
        <ele>686.14</ele>
      </trkpt>
      <trkpt lat="41.471868781372905" lon="-7.661588983610272">
        <ele>685.89</ele>
      </trkpt>
      <trkpt lat="41.47160776890814" lon="-7.661783695220947">
        <ele>685.68</ele>
      </trkpt>
      <trkpt lat="41.471366453915834" lon="-7.661971282213926">
        <ele>685.51</ele>
      </trkpt>
      <trkpt lat="41.471125138923526" lon="-7.662158953025937">
        <ele>685.35</ele>
      </trkpt>
      <trkpt lat="41.47088382393122" lon="-7.662346623837948">
        <ele>685.14</ele>
      </trkpt>
      <trkpt lat="41.47064208984375" lon="-7.662534713745117">
        <ele>684.92</ele>
      </trkpt>
      <trkpt lat="41.47051342763007" lon="-7.662642002105713">
        <ele>684.72</ele>
      </trkpt>
      <trkpt lat="41.47024529054761" lon="-7.662834953516722">
        <ele>684.51</ele>
      </trkpt>
      <trkpt lat="41.46997698582709" lon="-7.663028240203857">
        <ele>684.28</ele>
      </trkpt>
      <trkpt lat="41.46986969746649" lon="-7.663114070892334">
        <ele>684.02</ele>
      </trkpt>
      <trkpt lat="41.46960994228721" lon="-7.663307022303343">
        <ele>683.73</ele>
      </trkpt>
      <trkpt lat="41.46935018710792" lon="-7.663500057533383">
        <ele>683.43</ele>
      </trkpt>
      <trkpt lat="41.469090515747666" lon="-7.663693092763424">
        <ele>683.14</ele>
      </trkpt>
      <trkpt lat="41.46883076056838" lon="-7.663886044174433">
        <ele>682.86</ele>
      </trkpt>
      <trkpt lat="41.468571005389094" lon="-7.664079079404473">
        <ele>682.5</ele>
      </trkpt>
      <trkpt lat="41.46831133402884" lon="-7.664272114634514">
        <ele>682.21</ele>
      </trkpt>
      <trkpt lat="41.468051578849554" lon="-7.664465149864554">
        <ele>681.86</ele>
      </trkpt>
      <trkpt lat="41.46779182367027" lon="-7.664658101275563">
        <ele>681.54</ele>
      </trkpt>
      <trkpt lat="41.467530811205506" lon="-7.664852142333984">
        <ele>681.28</ele>
      </trkpt>
      <trkpt lat="41.46748789586127" lon="-7.6648736000061035">
        <ele>681.0</ele>
      </trkpt>
      <trkpt lat="41.467284047976136" lon="-7.665023636072874">
        <ele>680.67</ele>
      </trkpt>
      <trkpt lat="41.46708011627197" lon="-7.6651740074157715">
        <ele>680.36</ele>
      </trkpt>
      <trkpt lat="41.46686553955078" lon="-7.665281295776367">
        <ele>680.08</ele>
      </trkpt>
      <trkpt lat="41.46667250432074" lon="-7.665345668792725">
        <ele>679.88</ele>
      </trkpt>
      <trkpt lat="41.466425992548466" lon="-7.6653563138097525">
        <ele>679.62</ele>
      </trkpt>
      <trkpt lat="41.46617889404297" lon="-7.665367126464844">
        <ele>679.32</ele>
      </trkpt>
      <trkpt lat="41.46586465649307" lon="-7.665345668792725">
        <ele>679.08</ele>
      </trkpt>
      <trkpt lat="41.46555041894317" lon="-7.6653242111206055">
        <ele>678.87</ele>
      </trkpt>
      <trkpt lat="41.46523484028876" lon="-7.665302753448486">
        <ele>678.64</ele>
      </trkpt>
      <trkpt lat="41.46523475646973" lon="-7.665302753448486">
        <ele>678.38</ele>
      </trkpt>
      <trkpt lat="41.46492253057659" lon="-7.665287414565682">
        <ele>678.1</ele>
      </trkpt>
      <trkpt lat="41.46461030468345" lon="-7.6652720756828785">
        <ele>677.84</ele>
      </trkpt>
      <trkpt lat="41.46429807879031" lon="-7.665256820619106">
        <ele>677.6</ele>
      </trkpt>
      <trkpt lat="41.4639859367162" lon="-7.665241481736302">
        <ele>677.27</ele>
      </trkpt>
      <trkpt lat="41.46367371082306" lon="-7.66522622667253">
        <ele>676.85</ele>
      </trkpt>
      <trkpt lat="41.46336148492992" lon="-7.665210887789726">
        <ele>676.57</ele>
      </trkpt>
      <trkpt lat="41.463046157732606" lon="-7.665195465087891">
        <ele>676.27</ele>
      </trkpt>
      <trkpt lat="41.46291741169989" lon="-7.665195465087891">
        <ele>676.01</ele>
      </trkpt>
      <trkpt lat="41.462610298767686" lon="-7.665178785100579">
        <ele>675.75</ele>
      </trkpt>
      <trkpt lat="41.46230318583548" lon="-7.665162105113268">
        <ele>675.53</ele>
      </trkpt>
      <trkpt lat="41.461996072903275" lon="-7.6651454251259565">
        <ele>675.25</ele>
      </trkpt>
      <trkpt lat="41.46168895997107" lon="-7.665128745138645">
        <ele>674.94</ele>
      </trkpt>
      <trkpt lat="41.461381847038865" lon="-7.665112065151334">
        <ele>674.64</ele>
      </trkpt>
      <trkpt lat="41.46107473410666" lon="-7.665095468983054">
        <ele>674.45</ele>
      </trkpt>
      <trkpt lat="41.460767621174455" lon="-7.665078788995743">
        <ele>674.32</ele>
      </trkpt>
      <trkpt lat="41.46046050824225" lon="-7.665062109008431">
        <ele>674.11</ele>
      </trkpt>
      <trkpt lat="41.46014937199652" lon="-7.665045261383057">
        <ele>673.89</ele>
      </trkpt>
      <trkpt lat="41.459924317896366" lon="-7.665034532546997">
        <ele>673.68</ele>
      </trkpt>
      <trkpt lat="41.45969867706299" lon="-7.6650238037109375">
        <ele>673.52</ele>
      </trkpt>
      <trkpt lat="41.45944118499756" lon="-7.665045261383057">
        <ele>673.39</ele>
      </trkpt>
      <trkpt lat="41.45916223526001" lon="-7.665131092071533">
        <ele>673.17</ele>
      </trkpt>
      <trkpt lat="41.45887683145702" lon="-7.665284061804414">
        <ele>672.96</ele>
      </trkpt>
      <trkpt lat="41.45859151147306" lon="-7.665437115356326">
        <ele>672.72</ele>
      </trkpt>
      <trkpt lat="41.4583061914891" lon="-7.665590168908238">
        <ele>672.57</ele>
      </trkpt>
      <trkpt lat="41.45802087150514" lon="-7.665743222460151">
        <ele>672.43</ele>
      </trkpt>
      <trkpt lat="41.45773555152118" lon="-7.665896276012063">
        <ele>672.3</ele>
      </trkpt>
      <trkpt lat="41.45745014771819" lon="-7.666049245744944">
        <ele>672.24</ele>
      </trkpt>
      <trkpt lat="41.45716482773423" lon="-7.666202299296856">
        <ele>672.1</ele>
      </trkpt>
      <trkpt lat="41.45687950775027" lon="-7.666355352848768">
        <ele>671.98</ele>
      </trkpt>
      <trkpt lat="41.456594187766314" lon="-7.6665084064006805">
        <ele>671.86</ele>
      </trkpt>
      <trkpt lat="41.456308867782354" lon="-7.666661376133561">
        <ele>671.76</ele>
      </trkpt>
      <trkpt lat="41.45602346397936" lon="-7.666814429685473">
        <ele>671.69</ele>
      </trkpt>
      <trkpt lat="41.455738143995404" lon="-7.666967483237386">
        <ele>671.63</ele>
      </trkpt>
      <trkpt lat="41.455452824011445" lon="-7.667120536789298">
        <ele>671.62</ele>
      </trkpt>
      <trkpt lat="41.455167504027486" lon="-7.667273506522179">
        <ele>671.61</ele>
      </trkpt>
      <trkpt lat="41.45488218404353" lon="-7.667426560074091">
        <ele>671.51</ele>
      </trkpt>
      <trkpt lat="41.454596780240536" lon="-7.667579613626003">
        <ele>671.37</ele>
      </trkpt>
      <trkpt lat="41.45431146025658" lon="-7.667732583358884">
        <ele>671.3</ele>
      </trkpt>
      <trkpt lat="41.45402614027262" lon="-7.667885636910796">
        <ele>671.29</ele>
      </trkpt>
      <trkpt lat="41.45374082028866" lon="-7.6680386904627085">
        <ele>671.29</ele>
      </trkpt>
      <trkpt lat="41.4534555003047" lon="-7.668191660195589">
        <ele>671.28</ele>
      </trkpt>
      <trkpt lat="41.45317018032074" lon="-7.668344713747501">
        <ele>671.18</ele>
      </trkpt>
      <trkpt lat="41.45288477651775" lon="-7.668497767299414">
        <ele>671.1</ele>
      </trkpt>
      <trkpt lat="41.45259945653379" lon="-7.668650737032294">
        <ele>671.12</ele>
      </trkpt>
      <trkpt lat="41.45231413654983" lon="-7.668803790584207">
        <ele>671.16</ele>
      </trkpt>
      <trkpt lat="41.45202881656587" lon="-7.668956844136119">
        <ele>671.2</ele>
      </trkpt>
      <trkpt lat="41.45174349658191" lon="-7.6691098138689995">
        <ele>671.25</ele>
      </trkpt>
      <trkpt lat="41.45145809277892" lon="-7.669262867420912">
        <ele>671.31</ele>
      </trkpt>
      <trkpt lat="41.45117277279496" lon="-7.669415920972824">
        <ele>671.36</ele>
      </trkpt>
      <trkpt lat="41.45087965764105" lon="-7.669572830200195">
        <ele>671.43</ele>
      </trkpt>
      <trkpt lat="41.450654435902834" lon="-7.669701408594847">
        <ele>671.49</ele>
      </trkpt>
      <trkpt lat="41.4505716226995" lon="-7.669748682528734">
        <ele>671.53</ele>
      </trkpt>
      <trkpt lat="41.45042896270752" lon="-7.669830322265625">
        <ele>671.55</ele>
      </trkpt>
      <trkpt lat="41.45035704597831" lon="-7.6698781829327345">
        <ele>671.55</ele>
      </trkpt>
      <trkpt lat="41.45023584365845" lon="-7.66995906829834">
        <ele>671.54</ele>
      </trkpt>
      <trkpt lat="41.45021438598633" lon="-7.670044898986816">
        <ele>671.53</ele>
      </trkpt>
      <trkpt lat="41.45008563995361" lon="-7.670087814331055">
        <ele>671.48</ele>
      </trkpt>
      <trkpt lat="41.450042724609375" lon="-7.670087814331055">
        <ele>671.44</ele>
      </trkpt>
      <trkpt lat="41.449928814545274" lon="-7.670118827372789">
        <ele>671.39</ele>
      </trkpt>
      <trkpt lat="41.449806690216064" lon="-7.670152187347412">
        <ele>671.33</ele>
      </trkpt>
      <trkpt lat="41.449521873146296" lon="-7.670306330546737">
        <ele>671.31</ele>
      </trkpt>
      <trkpt lat="41.44923705607653" lon="-7.670460473746061">
        <ele>671.21</ele>
      </trkpt>
      <trkpt lat="41.44895223900676" lon="-7.670614616945386">
        <ele>671.0</ele>
      </trkpt>
      <trkpt lat="41.44866742193699" lon="-7.6707687601447105">
        <ele>670.84</ele>
      </trkpt>
      <trkpt lat="41.44838260486722" lon="-7.670922903344035">
        <ele>670.75</ele>
      </trkpt>
      <trkpt lat="41.44809778779745" lon="-7.6710771303623915">
        <ele>670.64</ele>
      </trkpt>
      <trkpt lat="41.44781297072768" lon="-7.671231273561716">
        <ele>670.46</ele>
      </trkpt>
      <trkpt lat="41.44752815365791" lon="-7.671385416761041">
        <ele>670.26</ele>
      </trkpt>
      <trkpt lat="41.447243336588144" lon="-7.671539559960365">
        <ele>670.09</ele>
      </trkpt>
      <trkpt lat="41.446958519518375" lon="-7.67169370315969">
        <ele>669.92</ele>
      </trkpt>
      <trkpt lat="41.44667370244861" lon="-7.6718478463590145">
        <ele>669.8</ele>
      </trkpt>
      <trkpt lat="41.44638888537884" lon="-7.672001989558339">
        <ele>669.61</ele>
      </trkpt>
      <trkpt lat="41.44610406830907" lon="-7.672156216576695">
        <ele>669.42</ele>
      </trkpt>
      <trkpt lat="41.4458192512393" lon="-7.67231035977602">
        <ele>669.28</ele>
      </trkpt>
      <trkpt lat="41.44553443416953" lon="-7.672464502975345">
        <ele>669.13</ele>
      </trkpt>
      <trkpt lat="41.44524961709976" lon="-7.672618646174669">
        <ele>668.84</ele>
      </trkpt>
      <trkpt lat="41.44496480002999" lon="-7.672772789373994">
        <ele>668.58</ele>
      </trkpt>
      <trkpt lat="41.444679982960224" lon="-7.6729269325733185">
        <ele>668.38</ele>
      </trkpt>
      <trkpt lat="41.444395165890455" lon="-7.673081075772643">
        <ele>668.22</ele>
      </trkpt>
      <trkpt lat="41.444110348820686" lon="-7.673235218971968">
        <ele>667.95</ele>
      </trkpt>
      <trkpt lat="41.443819999694824" lon="-7.673392295837402">
        <ele>667.74</ele>
      </trkpt>
      <trkpt lat="41.443553203716874" lon="-7.673535207286477">
        <ele>667.56</ele>
      </trkpt>
      <trkpt lat="41.443286407738924" lon="-7.673678118735552">
        <ele>667.37</ele>
      </trkpt>
      <trkpt lat="41.443019611760974" lon="-7.673821030184627">
        <ele>667.24</ele>
      </trkpt>
      <trkpt lat="41.442752815783024" lon="-7.673963941633701">
        <ele>667.16</ele>
      </trkpt>
      <trkpt lat="41.442486103624105" lon="-7.674106853082776">
        <ele>667.08</ele>
      </trkpt>
      <trkpt lat="41.442219307646155" lon="-7.674249764531851">
        <ele>666.96</ele>
      </trkpt>
      <trkpt lat="41.441952511668205" lon="-7.674392675980926">
        <ele>666.8</ele>
      </trkpt>
      <trkpt lat="41.441685715690255" lon="-7.67453558743">
        <ele>666.63</ele>
      </trkpt>
      <trkpt lat="41.44141674041748" lon="-7.674679756164551">
        <ele>666.54</ele>
      </trkpt>
      <trkpt lat="41.44124516285956" lon="-7.674765586853027">
        <ele>666.51</ele>
      </trkpt>
      <trkpt lat="41.44098783843219" lon="-7.674904894083738">
        <ele>666.5</ele>
      </trkpt>
      <trkpt lat="41.4407301787287" lon="-7.675044536590576">
        <ele>666.44</ele>
      </trkpt>
      <trkpt lat="41.44043957814574" lon="-7.6751993503421545">
        <ele>666.36</ele>
      </trkpt>
      <trkpt lat="41.440148977562785" lon="-7.675354164093733">
        <ele>666.3</ele>
      </trkpt>
      <trkpt lat="41.43985837697983" lon="-7.675508977845311">
        <ele>666.32</ele>
      </trkpt>
      <trkpt lat="41.43956777639687" lon="-7.6756637915968895">
        <ele>666.38</ele>
      </trkpt>
      <trkpt lat="41.43927717581391" lon="-7.675818605348468">
        <ele>666.4</ele>
      </trkpt>
      <trkpt lat="41.438986575230956" lon="-7.675973502919078">
        <ele>666.4</ele>
      </trkpt>
      <trkpt lat="41.438695974648" lon="-7.676128316670656">
        <ele>666.42</ele>
      </trkpt>
      <trkpt lat="41.43840537406504" lon="-7.6762831304222345">
        <ele>666.49</ele>
      </trkpt>
      <trkpt lat="41.438112342730165" lon="-7.67643928527832">
        <ele>666.54</ele>
      </trkpt>
      <trkpt lat="41.43796213902533" lon="-7.676525115966797">
        <ele>666.57</ele>
      </trkpt>
      <trkpt lat="41.437698444351554" lon="-7.676668697968125">
        <ele>666.58</ele>
      </trkpt>
      <trkpt lat="41.43743474967778" lon="-7.6768123637884855">
        <ele>666.58</ele>
      </trkpt>
      <trkpt lat="41.437171055004" lon="-7.676955945789814">
        <ele>666.6</ele>
      </trkpt>
      <trkpt lat="41.436907360330224" lon="-7.677099611610174">
        <ele>666.59</ele>
      </trkpt>
      <trkpt lat="41.43664366565645" lon="-7.677243277430534">
        <ele>666.64</ele>
      </trkpt>
      <trkpt lat="41.43637997098267" lon="-7.677386859431863">
        <ele>666.69</ele>
      </trkpt>
      <trkpt lat="41.436116276308894" lon="-7.677530525252223">
        <ele>666.74</ele>
      </trkpt>
      <trkpt lat="41.43585266545415" lon="-7.677674191072583">
        <ele>666.8</ele>
      </trkpt>
      <trkpt lat="41.43558897078037" lon="-7.677817773073912">
        <ele>666.86</ele>
      </trkpt>
      <trkpt lat="41.435322845354676" lon="-7.677962779998779">
        <ele>666.88</ele>
      </trkpt>
      <trkpt lat="41.43508697859943" lon="-7.678080629557371">
        <ele>666.93</ele>
      </trkpt>
      <trkpt lat="41.434850776568055" lon="-7.67819881439209">
        <ele>667.03</ele>
      </trkpt>
      <trkpt lat="41.43474348820746" lon="-7.678263187408447">
        <ele>667.14</ele>
      </trkpt>
      <trkpt lat="41.43445615656674" lon="-7.678417498245835">
        <ele>667.24</ele>
      </trkpt>
      <trkpt lat="41.43416890874505" lon="-7.678571892902255">
        <ele>667.38</ele>
      </trkpt>
      <trkpt lat="41.43388166092336" lon="-7.678726203739643">
        <ele>667.51</ele>
      </trkpt>
      <trkpt lat="41.43359441310167" lon="-7.678880598396063">
        <ele>667.61</ele>
      </trkpt>
      <trkpt lat="41.433307165279984" lon="-7.679034909233451">
        <ele>667.84</ele>
      </trkpt>
      <trkpt lat="41.433019917458296" lon="-7.679189303889871">
        <ele>668.04</ele>
      </trkpt>
      <trkpt lat="41.432732585817575" lon="-7.679343614727259">
        <ele>668.16</ele>
      </trkpt>
      <trkpt lat="41.43244533799589" lon="-7.679498009383678">
        <ele>668.34</ele>
      </trkpt>
      <trkpt lat="41.4321580901742" lon="-7.6796523202210665">
        <ele>668.67</ele>
      </trkpt>
      <trkpt lat="41.431868160143495" lon="-7.679808139801025">
        <ele>668.96</ele>
      </trkpt>
      <trkpt lat="41.43186807632446" lon="-7.679808139801025">
        <ele>669.17</ele>
      </trkpt>
      <trkpt lat="41.43163941800594" lon="-7.679936718195677">
        <ele>669.42</ele>
      </trkpt>
      <trkpt lat="41.431410759687424" lon="-7.68006538040936">
        <ele>669.67</ele>
      </trkpt>
      <trkpt lat="41.43118151463568" lon="-7.68019437789917">
        <ele>669.92</ele>
      </trkpt>
      <trkpt lat="41.43096693791449" lon="-7.680301666259766">
        <ele>670.16</ele>
      </trkpt>
      <trkpt lat="41.43073643557727" lon="-7.6804195158183575">
        <ele>670.39</ele>
      </trkpt>
      <trkpt lat="41.43050601705909" lon="-7.680537449195981">
        <ele>670.59</ele>
      </trkpt>
      <trkpt lat="41.4302755985409" lon="-7.680655298754573">
        <ele>670.77</ele>
      </trkpt>
      <trkpt lat="41.43004425801337" lon="-7.680773735046387">
        <ele>670.91</ele>
      </trkpt>
      <trkpt lat="41.430044174194336" lon="-7.680773735046387">
        <ele>671.1</ele>
      </trkpt>
      <trkpt lat="41.42995842732489" lon="-7.680838108062744">
        <ele>671.25</ele>
      </trkpt>
      <trkpt lat="41.42967252060771" lon="-7.680991664528847">
        <ele>671.33</ele>
      </trkpt>
      <trkpt lat="41.42938669770956" lon="-7.681145304813981">
        <ele>671.43</ele>
      </trkpt>
      <trkpt lat="41.42910087481141" lon="-7.681298945099115">
        <ele>671.63</ele>
      </trkpt>
      <trkpt lat="41.42881496809423" lon="-7.68145258538425">
        <ele>671.87</ele>
      </trkpt>
      <trkpt lat="41.42852914519608" lon="-7.681606225669384">
        <ele>672.08</ele>
      </trkpt>
      <trkpt lat="41.42824172973633" lon="-7.681760787963867">
        <ele>672.22</ele>
      </trkpt>
      <trkpt lat="41.428070068359375" lon="-7.681889533996582">
        <ele>672.41</ele>
      </trkpt>
      <trkpt lat="41.42786404117942" lon="-7.682121293619275">
        <ele>672.65</ele>
      </trkpt>
      <trkpt lat="41.42765801399946" lon="-7.682353053241968">
        <ele>672.87</ele>
      </trkpt>
      <trkpt lat="41.42745207063854" lon="-7.682584812864661">
        <ele>673.08</ele>
      </trkpt>
      <trkpt lat="41.42724604345858" lon="-7.682816572487354">
        <ele>673.3</ele>
      </trkpt>
      <trkpt lat="41.42704018391669" lon="-7.683048248291016">
        <ele>673.46</ele>
      </trkpt>
      <trkpt lat="41.426889980211854" lon="-7.683219909667969">
        <ele>673.63</ele>
      </trkpt>
      <trkpt lat="41.426666183397174" lon="-7.683452842757106">
        <ele>673.78</ele>
      </trkpt>
      <trkpt lat="41.426442386582494" lon="-7.683685775846243">
        <ele>673.88</ele>
      </trkpt>
      <trkpt lat="41.426218673586845" lon="-7.683918792754412">
        <ele>673.94</ele>
      </trkpt>
      <trkpt lat="41.425994876772165" lon="-7.684151725843549">
        <ele>674.01</ele>
      </trkpt>
      <trkpt lat="41.42577116377652" lon="-7.684384658932686">
        <ele>674.06</ele>
      </trkpt>
      <trkpt lat="41.42554736696184" lon="-7.684617675840855">
        <ele>674.22</ele>
      </trkpt>
      <trkpt lat="41.42532357014716" lon="-7.684850692749023">
        <ele>674.39</ele>
      </trkpt>
      <trkpt lat="41.42516263760626" lon="-7.684957897290587">
        <ele>674.53</ele>
      </trkpt>
      <trkpt lat="41.42500162124634" lon="-7.685065269470215">
        <ele>674.69</ele>
      </trkpt>
      <trkpt lat="41.424765922129154" lon="-7.685129474848509">
        <ele>674.86</ele>
      </trkpt>
      <trkpt lat="41.42453022301197" lon="-7.6851937640458345">
        <ele>675.04</ele>
      </trkpt>
      <trkpt lat="41.42429360188544" lon="-7.685258388519287">
        <ele>675.24</ele>
      </trkpt>
      <trkpt lat="41.42402353696525" lon="-7.685318319126964">
        <ele>675.43</ele>
      </trkpt>
      <trkpt lat="41.423753555864096" lon="-7.685378333553672">
        <ele>675.62</ele>
      </trkpt>
      <trkpt lat="41.42348357476294" lon="-7.68543834798038">
        <ele>675.72</ele>
      </trkpt>
      <trkpt lat="41.423213593661785" lon="-7.685498362407088">
        <ele>675.76</ele>
      </trkpt>
      <trkpt lat="41.42294176854193" lon="-7.685558795928955">
        <ele>675.84</ele>
      </trkpt>
      <trkpt lat="41.42270062118769" lon="-7.685606991872191">
        <ele>675.96</ele>
      </trkpt>
      <trkpt lat="41.42245955765247" lon="-7.685655187815428">
        <ele>676.12</ele>
      </trkpt>
      <trkpt lat="41.42221849411726" lon="-7.685703383758664">
        <ele>676.27</ele>
      </trkpt>
      <trkpt lat="41.42197608947754" lon="-7.685751914978027">
        <ele>676.33</ele>
      </trkpt>
      <trkpt lat="41.42178322188556" lon="-7.685762559995055">
        <ele>676.29</ele>
      </trkpt>
      <trkpt lat="41.421589851379395" lon="-7.6857733726501465">
        <ele>676.24</ele>
      </trkpt>
      <trkpt lat="41.42141819000244" lon="-7.685708999633789">
        <ele>676.17</ele>
      </trkpt>
      <trkpt lat="41.42116078175604" lon="-7.685537338256836">
        <ele>676.03</ele>
      </trkpt>
      <trkpt lat="41.421117866411805" lon="-7.685494422912598">
        <ele>676.08</ele>
      </trkpt>
      <trkpt lat="41.42093547619879" lon="-7.685333490371704">
        <ele>676.12</ele>
      </trkpt>
      <trkpt lat="41.42075308598578" lon="-7.6851725578308105">
        <ele>676.26</ele>
      </trkpt>
      <trkpt lat="41.420618053525686" lon="-7.685088235884905">
        <ele>676.46</ele>
      </trkpt>
      <trkpt lat="41.420581340789795" lon="-7.685065269470215">
        <ele>676.67</ele>
      </trkpt>
      <trkpt lat="41.420323848724365" lon="-7.685000896453857">
        <ele>676.9</ele>
      </trkpt>
      <trkpt lat="41.42006644047797" lon="-7.685000896453857">
        <ele>677.14</ele>
      </trkpt>
      <trkpt lat="41.419762847945094" lon="-7.685008021071553">
        <ele>677.49</ele>
      </trkpt>
      <trkpt lat="41.41945933923125" lon="-7.685015145689249">
        <ele>677.91</ele>
      </trkpt>
      <trkpt lat="41.41915574669838" lon="-7.685022270306945">
        <ele>678.36</ele>
      </trkpt>
      <trkpt lat="41.41885223798454" lon="-7.685029394924641">
        <ele>678.85</ele>
      </trkpt>
      <trkpt lat="41.418548645451665" lon="-7.685036603361368">
        <ele>679.37</ele>
      </trkpt>
      <trkpt lat="41.41824245452881" lon="-7.685043811798096">
        <ele>679.9</ele>
      </trkpt>
      <trkpt lat="41.41800650395453" lon="-7.685086727142334">
        <ele>680.41</ele>
      </trkpt>
      <trkpt lat="41.4180064201355" lon="-7.685086727142334">
        <ele>680.9</ele>
      </trkpt>
      <trkpt lat="41.417813301086426" lon="-7.685236930847168">
        <ele>681.44</ele>
      </trkpt>
      <trkpt lat="41.41770601272583" lon="-7.685387134552002">
        <ele>682.0</ele>
      </trkpt>
      <trkpt lat="41.417598724365234" lon="-7.685601711273193">
        <ele>682.65</ele>
      </trkpt>
      <trkpt lat="41.417555809020996" lon="-7.685902118682861">
        <ele>683.32</ele>
      </trkpt>
      <trkpt lat="41.417544996365905" lon="-7.686170926317573">
        <ele>684.05</ele>
      </trkpt>
      <trkpt lat="41.41753435134888" lon="-7.68643856048584">
        <ele>684.71</ele>
      </trkpt>
      <trkpt lat="41.41749143600464" lon="-7.686717510223389">
        <ele>685.39</ele>
      </trkpt>
      <trkpt lat="41.41740560531616" lon="-7.68693208694458">
        <ele>685.92</ele>
      </trkpt>
      <trkpt lat="41.417298316955566" lon="-7.687082290649414">
        <ele>686.47</ele>
      </trkpt>
      <trkpt lat="41.41716965474188" lon="-7.6871466636657715">
        <ele>687.02</ele>
      </trkpt>
      <trkpt lat="41.41716957092285" lon="-7.6871466636657715">
        <ele>687.77</ele>
      </trkpt>
      <trkpt lat="41.41699799336493" lon="-7.687211036682129">
        <ele>688.37</ele>
      </trkpt>
      <trkpt lat="41.41680512577295" lon="-7.68717885017395">
        <ele>689.09</ele>
      </trkpt>
      <trkpt lat="41.416611755266786" lon="-7.6871466636657715">
        <ele>689.99</ele>
      </trkpt>
      <trkpt lat="41.41633280552924" lon="-7.687103748321533">
        <ele>691.05</ele>
      </trkpt>
      <trkpt lat="41.41615058295429" lon="-7.687103748321533">
        <ele>692.1</ele>
      </trkpt>
      <trkpt lat="41.41596794128418" lon="-7.687103748321533">
        <ele>693.22</ele>
      </trkpt>
      <trkpt lat="41.41576426103711" lon="-7.687178682535887">
        <ele>694.49</ele>
      </trkpt>
      <trkpt lat="41.415560245513916" lon="-7.687253952026367">
        <ele>695.84</ele>
      </trkpt>
      <trkpt lat="41.415345668792725" lon="-7.687232494354248">
        <ele>697.11</ele>
      </trkpt>
      <trkpt lat="41.41515254974365" lon="-7.6871466636657715">
        <ele>698.35</ele>
      </trkpt>
      <trkpt lat="41.41495943069458" lon="-7.6869678776711226">
        <ele>699.59</ele>
      </trkpt>
      <trkpt lat="41.41476639546454" lon="-7.686789091676474">
        <ele>700.92</ele>
      </trkpt>
      <trkpt lat="41.414573192596436" lon="-7.686610221862793">
        <ele>702.13</ele>
      </trkpt>
      <trkpt lat="41.414337158203125" lon="-7.686524391174316">
        <ele>703.51</ele>
      </trkpt>
      <trkpt lat="41.414122581481934" lon="-7.686567306518555">
        <ele>704.88</ele>
      </trkpt>
      <trkpt lat="41.41390800476074" lon="-7.686653137207031">
        <ele>706.26</ele>
      </trkpt>
      <trkpt lat="41.41367197036743" lon="-7.686867630109191">
        <ele>707.7</ele>
      </trkpt>
      <trkpt lat="41.41343593597412" lon="-7.687082290649414">
        <ele>709.06</ele>
      </trkpt>
      <trkpt lat="41.41322135925293" lon="-7.687211036682129">
        <ele>710.32</ele>
      </trkpt>
      <trkpt lat="41.41294274479151" lon="-7.687275242060423">
        <ele>711.5</ele>
      </trkpt>
      <trkpt lat="41.41266345977783" lon="-7.687339782714844">
        <ele>712.76</ele>
      </trkpt>
      <trkpt lat="41.41243848949671" lon="-7.687403988093138">
        <ele>714.06</ele>
      </trkpt>
      <trkpt lat="41.41221293248236" lon="-7.687468528747559">
        <ele>715.25</ele>
      </trkpt>
      <trkpt lat="41.41201981343329" lon="-7.687575817108154">
        <ele>716.45</ele>
      </trkpt>
      <trkpt lat="41.41181613318622" lon="-7.687682937830687">
        <ele>717.56</ele>
      </trkpt>
      <trkpt lat="41.411612117663026" lon="-7.687790393829346">
        <ele>718.62</ele>
      </trkpt>
      <trkpt lat="41.41144045628607" lon="-7.687897682189941">
        <ele>719.65</ele>
      </trkpt>
      <trkpt lat="41.41144037246704" lon="-7.687897682189941">
        <ele>720.57</ele>
      </trkpt>
      <trkpt lat="41.41116142272949" lon="-7.688090801239014">
        <ele>721.54</ele>
      </trkpt>
      <trkpt lat="41.41101121902466" lon="-7.688230192288756">
        <ele>722.46</ele>
      </trkpt>
      <trkpt lat="41.410861015319824" lon="-7.6883697509765625">
        <ele>723.33</ele>
      </trkpt>
      <trkpt lat="41.410637218505144" lon="-7.688630344346166">
        <ele>724.13</ele>
      </trkpt>
      <trkpt lat="41.410413421690464" lon="-7.688890937715769">
        <ele>724.76</ele>
      </trkpt>
      <trkpt lat="41.410189624875784" lon="-7.689151531085372">
        <ele>725.3</ele>
      </trkpt>
      <trkpt lat="41.409965828061104" lon="-7.689412124454975">
        <ele>725.8</ele>
      </trkpt>
      <trkpt lat="41.409742031246424" lon="-7.689672717824578">
        <ele>726.32</ele>
      </trkpt>
      <trkpt lat="41.409518234431744" lon="-7.689933311194181">
        <ele>726.73</ele>
      </trkpt>
      <trkpt lat="41.40929468907416" lon="-7.6901936531066895">
        <ele>727.05</ele>
      </trkpt>
      <trkpt lat="41.409144485369325" lon="-7.690343856811523">
        <ele>727.36</ele>
      </trkpt>
      <trkpt lat="41.40888707712293" lon="-7.690558265894651">
        <ele>727.52</ele>
      </trkpt>
      <trkpt lat="41.408629501238465" lon="-7.690773010253906">
        <ele>727.8</ele>
      </trkpt>
      <trkpt lat="41.40844359062612" lon="-7.690937463194132">
        <ele>728.1</ele>
      </trkpt>
      <trkpt lat="41.408257680013776" lon="-7.6911019161343575">
        <ele>728.44</ele>
      </trkpt>
      <trkpt lat="41.40807160176337" lon="-7.6912665367126465">
        <ele>728.81</ele>
      </trkpt>
      <trkpt lat="41.40787831507623" lon="-7.691502571105957">
        <ele>729.17</ele>
      </trkpt>
      <trkpt lat="41.40768527984619" lon="-7.691738605499268">
        <ele>729.54</ele>
      </trkpt>
      <trkpt lat="41.407491993159056" lon="-7.69205535762012">
        <ele>729.88</ele>
      </trkpt>
      <trkpt lat="41.40729870647192" lon="-7.6923721097409725">
        <ele>730.24</ele>
      </trkpt>
      <trkpt lat="41.407105419784784" lon="-7.692688861861825">
        <ele>730.64</ele>
      </trkpt>
      <trkpt lat="41.4069128036499" lon="-7.693004608154297">
        <ele>731.0</ele>
      </trkpt>
      <trkpt lat="41.40665531158447" lon="-7.693233350291848">
        <ele>731.39</ele>
      </trkpt>
      <trkpt lat="41.406397903338075" lon="-7.693462176248431">
        <ele>731.75</ele>
      </trkpt>
      <trkpt lat="41.40614032745361" lon="-7.693691253662109">
        <ele>731.98</ele>
      </trkpt>
      <trkpt lat="41.40599003992975" lon="-7.693852186203003">
        <ele>732.26</ele>
      </trkpt>
      <trkpt lat="41.405839920043945" lon="-7.6940131187438965">
        <ele>732.56</ele>
      </trkpt>
      <trkpt lat="41.40566809102893" lon="-7.69430841319263">
        <ele>732.91</ele>
      </trkpt>
      <trkpt lat="41.40549626201391" lon="-7.694603707641363">
        <ele>733.26</ele>
      </trkpt>
      <trkpt lat="41.405324432998896" lon="-7.6948990020900965">
        <ele>733.45</ele>
      </trkpt>
      <trkpt lat="41.40515461564064" lon="-7.695189937949181">
        <ele>733.68</ele>
      </trkpt>
      <trkpt lat="41.40515461564064" lon="-7.695190021768212">
        <ele>733.9</ele>
      </trkpt>
      <trkpt lat="41.40515402890742" lon="-7.6951908599585295">
        <ele>734.11</ele>
      </trkpt>
      <trkpt lat="41.40515402890742" lon="-7.695190943777561">
        <ele>734.54</ele>
      </trkpt>
      <trkpt lat="41.40515402890742" lon="-7.695191027596593">
        <ele>734.76</ele>
      </trkpt>
      <trkpt lat="41.40515402890742" lon="-7.695191111415625">
        <ele>734.99</ele>
      </trkpt>
      <trkpt lat="41.40515402890742" lon="-7.695191195234656">
        <ele>735.24</ele>
      </trkpt>
      <trkpt lat="41.405153861269355" lon="-7.695191195234656">
        <ele>735.5</ele>
      </trkpt>
      <trkpt lat="41.40515377745032" lon="-7.695191279053688">
        <ele>735.78</ele>
      </trkpt>
      <trkpt lat="41.40515369363129" lon="-7.6951914466917515">
        <ele>736.09</ele>
      </trkpt>
      <trkpt lat="41.40515369363129" lon="-7.695191614329815">
        <ele>736.43</ele>
      </trkpt>
      <trkpt lat="41.405153442174196" lon="-7.695192201063037">
        <ele>736.8</ele>
      </trkpt>
      <trkpt lat="41.40515327453613" lon="-7.695192703977227">
        <ele>737.21</ele>
      </trkpt>
      <trkpt lat="41.4051531907171" lon="-7.695192955434322">
        <ele>737.67</ele>
      </trkpt>
      <trkpt lat="41.4051531907171" lon="-7.695193039253354">
        <ele>738.17</ele>
      </trkpt>
      <trkpt lat="41.4051531907171" lon="-7.695193123072386">
        <ele>738.71</ele>
      </trkpt>
      <trkpt lat="41.4051531907171" lon="-7.6951932068914175">
        <ele>739.31</ele>
      </trkpt>
      <trkpt lat="41.4051531907171" lon="-7.695193290710449">
        <ele>739.97</ele>
      </trkpt>
      <trkpt lat="41.40515327453613" lon="-7.695193290710449">
        <ele>740.68</ele>
      </trkpt>
      <trkpt lat="41.405153358355165" lon="-7.695193290710449">
        <ele>741.45</ele>
      </trkpt>
      <trkpt lat="41.40515310689807" lon="-7.695193625986576">
        <ele>742.29</ele>
      </trkpt>
      <trkpt lat="41.40497071668506" lon="-7.6955154072493315">
        <ele>743.29</ele>
      </trkpt>
      <trkpt lat="41.40478849411011" lon="-7.695837020874023">
        <ele>744.32</ele>
      </trkpt>
      <trkpt lat="41.40462747775018" lon="-7.696062410250306">
        <ele>745.41</ele>
      </trkpt>
      <trkpt lat="41.40446662902832" lon="-7.696287631988525">
        <ele>746.51</ele>
      </trkpt>
      <trkpt lat="41.40423445031047" lon="-7.6965314615517855">
        <ele>747.67</ele>
      </trkpt>
      <trkpt lat="41.40400235541165" lon="-7.6967752911150455">
        <ele>748.95</ele>
      </trkpt>
      <trkpt lat="41.4037701766938" lon="-7.697019120678306">
        <ele>750.29</ele>
      </trkpt>
      <trkpt lat="41.40353808179498" lon="-7.697262950241566">
        <ele>751.63</ele>
      </trkpt>
      <trkpt lat="41.40330598689616" lon="-7.697506779804826">
        <ele>753.01</ele>
      </trkpt>
      <trkpt lat="41.403073808178306" lon="-7.697750609368086">
        <ele>754.42</ele>
      </trkpt>
      <trkpt lat="41.402841713279486" lon="-7.697994438931346">
        <ele>755.82</ele>
      </trkpt>
      <trkpt lat="41.402609618380666" lon="-7.698238268494606">
        <ele>757.25</ele>
      </trkpt>
      <trkpt lat="41.402377439662814" lon="-7.698482098057866">
        <ele>758.77</ele>
      </trkpt>
      <trkpt lat="41.402145344763994" lon="-7.698725927621126">
        <ele>760.35</ele>
      </trkpt>
      <trkpt lat="41.40191316604614" lon="-7.698969841003418">
        <ele>761.77</ele>
      </trkpt>
      <trkpt lat="41.40168794430792" lon="-7.6991198770701885">
        <ele>763.28</ele>
      </trkpt>
      <trkpt lat="41.40146255493164" lon="-7.699270248413086">
        <ele>764.77</ele>
      </trkpt>
      <trkpt lat="41.40118385665119" lon="-7.699377369135618">
        <ele>766.32</ele>
      </trkpt>
      <trkpt lat="41.400905242189765" lon="-7.6994844898581505">
        <ele>767.86</ele>
      </trkpt>
      <trkpt lat="41.40062662772834" lon="-7.6995916943997145">
        <ele>769.39</ele>
      </trkpt>
      <trkpt lat="41.400346755981445" lon="-7.699699401855469">
        <ele>770.87</ele>
      </trkpt>
      <trkpt lat="41.400110721588135" lon="-7.699849605560303">
        <ele>772.24</ele>
      </trkpt>
      <trkpt lat="41.39985331334174" lon="-7.700085639953613">
        <ele>773.55</ele>
      </trkpt>
      <trkpt lat="41.399853229522705" lon="-7.700085639953613">
        <ele>774.8</ele>
      </trkpt>
      <trkpt lat="41.399627923965454" lon="-7.7003108616918325">
        <ele>776.03</ele>
      </trkpt>
      <trkpt lat="41.3994026184082" lon="-7.7005361672490835">
        <ele>777.23</ele>
      </trkpt>
      <trkpt lat="41.39917731285095" lon="-7.7007614728063345">
        <ele>778.37</ele>
      </trkpt>
      <trkpt lat="41.3989520072937" lon="-7.700986862182617">
        <ele>779.4</ele>
      </trkpt>
      <trkpt lat="41.3988018874079" lon="-7.701083337888122">
        <ele>780.32</ele>
      </trkpt>
      <trkpt lat="41.39865159988403" lon="-7.7011799812316895">
        <ele>781.15</ele>
      </trkpt>
      <trkpt lat="41.398458732292056" lon="-7.701233541592956">
        <ele>781.86</ele>
      </trkpt>
      <trkpt lat="41.39826536178589" lon="-7.701287269592285">
        <ele>782.47</ele>
      </trkpt>
      <trkpt lat="41.3979797065258" lon="-7.701280061155558">
        <ele>783.03</ele>
      </trkpt>
      <trkpt lat="41.39769405126572" lon="-7.701272936537862">
        <ele>783.57</ele>
      </trkpt>
      <trkpt lat="41.397407138720155" lon="-7.701265811920166">
        <ele>783.98</ele>
      </trkpt>
      <trkpt lat="41.39740705490112" lon="-7.701265811920166">
        <ele>784.19</ele>
      </trkpt>
      <trkpt lat="41.397171104326844" lon="-7.701244354248047">
        <ele>784.35</ele>
      </trkpt>
      <trkpt lat="41.396935069933534" lon="-7.701244354248047">
        <ele>784.33</ele>
      </trkpt>
      <trkpt lat="41.396867763251066" lon="-7.701242426410317">
        <ele>784.2</ele>
      </trkpt>
      <trkpt lat="41.39667791314423" lon="-7.701237145811319">
        <ele>783.97</ele>
      </trkpt>
      <trkpt lat="41.39642075635493" lon="-7.7012300211936235">
        <ele>783.56</ele>
      </trkpt>
      <trkpt lat="41.39616250991821" lon="-7.701222896575928">
        <ele>783.01</ele>
      </trkpt>
      <trkpt lat="41.395991099998355" lon="-7.701244270429015">
        <ele>782.39</ele>
      </trkpt>
      <trkpt lat="41.39581927098334" lon="-7.701265811920166">
        <ele>781.66</ele>
      </trkpt>
      <trkpt lat="41.39552992768586" lon="-7.701324736699462">
        <ele>780.78</ele>
      </trkpt>
      <trkpt lat="41.39524066820741" lon="-7.701383661478758">
        <ele>779.82</ele>
      </trkpt>
      <trkpt lat="41.394951324909925" lon="-7.701442586258054">
        <ele>778.8</ele>
      </trkpt>
      <trkpt lat="41.39466047286987" lon="-7.701501846313477">
        <ele>777.92</ele>
      </trkpt>
      <trkpt lat="41.39442443847656" lon="-7.701501846313477">
        <ele>776.93</ele>
      </trkpt>
      <trkpt lat="41.394188487902284" lon="-7.701458930969238">
        <ele>775.8</ele>
      </trkpt>
      <trkpt lat="41.39398472383618" lon="-7.701319539919496">
        <ele>774.64</ele>
      </trkpt>
      <trkpt lat="41.39378070831299" lon="-7.7011799812316895">
        <ele>773.41</ele>
      </trkpt>
      <trkpt lat="41.39353394508362" lon="-7.70092248916626">
        <ele>772.04</ele>
      </trkpt>
      <trkpt lat="41.39328726567328" lon="-7.70066499710083">
        <ele>770.62</ele>
      </trkpt>
      <trkpt lat="41.393051315099" lon="-7.700461149215698">
        <ele>769.31</ele>
      </trkpt>
      <trkpt lat="41.39281519688666" lon="-7.700257301330566">
        <ele>768.01</ele>
      </trkpt>
      <trkpt lat="41.392643451690674" lon="-7.700192928314209">
        <ele>766.65</ele>
      </trkpt>
      <trkpt lat="41.39240741729736" lon="-7.700150012969971">
        <ele>765.25</ele>
      </trkpt>
      <trkpt lat="41.39219284057617" lon="-7.70017147064209">
        <ele>763.75</ele>
      </trkpt>
      <trkpt lat="41.39204272069037" lon="-7.700214385986328">
        <ele>762.28</ele>
      </trkpt>
      <trkpt lat="41.39195689000189" lon="-7.7002787590026855">
        <ele>760.83</ele>
      </trkpt>
      <trkpt lat="41.391731668263674" lon="-7.700439523905516">
        <ele>759.34</ele>
      </trkpt>
      <trkpt lat="41.39150619506836" lon="-7.700600624084473">
        <ele>757.81</ele>
      </trkpt>
      <trkpt lat="41.391334533691406" lon="-7.700772201642394">
        <ele>756.31</ele>
      </trkpt>
      <trkpt lat="41.39116287231445" lon="-7.700943946838379">
        <ele>754.79</ele>
      </trkpt>
      <trkpt lat="41.39096975326538" lon="-7.70113161765039">
        <ele>753.29</ele>
      </trkpt>
      <trkpt lat="41.39077663421631" lon="-7.701319372281432">
        <ele>751.77</ele>
      </trkpt>
      <trkpt lat="41.39058359898627" lon="-7.701507043093443">
        <ele>750.27</ele>
      </trkpt>
      <trkpt lat="41.390390396118164" lon="-7.701694965362549">
        <ele>748.79</ele>
      </trkpt>
      <trkpt lat="41.39017581939697" lon="-7.7019094582647085">
        <ele>747.3</ele>
      </trkpt>
      <trkpt lat="41.38996132649481" lon="-7.702124118804932">
        <ele>745.72</ele>
      </trkpt>
      <trkpt lat="41.38976820744574" lon="-7.702317237854004">
        <ele>744.21</ele>
      </trkpt>
      <trkpt lat="41.38954290188849" lon="-7.702531730756164">
        <ele>742.75</ele>
      </trkpt>
      <trkpt lat="41.38931759633124" lon="-7.702746391296387">
        <ele>741.28</ele>
      </trkpt>
      <trkpt lat="41.38907083310187" lon="-7.702993070706725">
        <ele>739.75</ele>
      </trkpt>
      <trkpt lat="41.3888240698725" lon="-7.703239917755127">
        <ele>738.19</ele>
      </trkpt>
      <trkpt lat="41.3885666616261" lon="-7.703465139493346">
        <ele>736.69</ele>
      </trkpt>
      <trkpt lat="41.38830908574164" lon="-7.703690528869629">
        <ele>735.26</ele>
      </trkpt>
      <trkpt lat="41.38805603608489" lon="-7.703853473067284">
        <ele>733.79</ele>
      </trkpt>
      <trkpt lat="41.38780307024717" lon="-7.704016417264938">
        <ele>732.4</ele>
      </trkpt>
      <trkpt lat="41.387550020590425" lon="-7.704179361462593">
        <ele>730.97</ele>
      </trkpt>
      <trkpt lat="41.38729705475271" lon="-7.704342305660248">
        <ele>729.52</ele>
      </trkpt>
      <trkpt lat="41.38704308308661" lon="-7.704505920410156">
        <ele>728.11</ele>
      </trkpt>
      <trkpt lat="41.38678567484021" lon="-7.7046881429851055">
        <ele>726.67</ele>
      </trkpt>
      <trkpt lat="41.38652809895575" lon="-7.704870700836182">
        <ele>725.22</ele>
      </trkpt>
      <trkpt lat="41.386356353759766" lon="-7.705063819885254">
        <ele>723.89</ele>
      </trkpt>
      <trkpt lat="41.386184776201844" lon="-7.705342769622803">
        <ele>722.68</ele>
      </trkpt>
      <trkpt lat="41.38618469238281" lon="-7.705342769622803">
        <ele>721.42</ele>
      </trkpt>
      <trkpt lat="41.386055778712034" lon="-7.705578971654177">
        <ele>720.19</ele>
      </trkpt>
      <trkpt lat="41.385927284136415" lon="-7.705814838409424">
        <ele>718.89</ele>
      </trkpt>
      <trkpt lat="41.385776828974485" lon="-7.706072498112917">
        <ele>717.59</ele>
      </trkpt>
      <trkpt lat="41.385626792907715" lon="-7.706329822540283">
        <ele>716.29</ele>
      </trkpt>
      <trkpt lat="41.385390758514404" lon="-7.706587314605713">
        <ele>714.97</ele>
      </trkpt>
      <trkpt lat="41.38516771607101" lon="-7.706754533573985">
        <ele>713.71</ele>
      </trkpt>
      <trkpt lat="41.384944673627615" lon="-7.706921836361289">
        <ele>712.5</ele>
      </trkpt>
      <trkpt lat="41.38472163118422" lon="-7.707089139148593">
        <ele>711.31</ele>
      </trkpt>
      <trkpt lat="41.38449867255986" lon="-7.707256358116865">
        <ele>710.08</ele>
      </trkpt>
      <trkpt lat="41.38427504338324" lon="-7.707424163818359">
        <ele>708.82</ele>
      </trkpt>
      <trkpt lat="41.38411419466138" lon="-7.707531368359923">
        <ele>707.59</ele>
      </trkpt>
      <trkpt lat="41.383953178301454" lon="-7.707638740539551">
        <ele>706.38</ele>
      </trkpt>
      <trkpt lat="41.3837815169245" lon="-7.707788944244385">
        <ele>705.21</ele>
      </trkpt>
      <trkpt lat="41.383652770891786" lon="-7.707874774932861">
        <ele>704.08</ele>
      </trkpt>
      <trkpt lat="41.38363131321967" lon="-7.7078962326049805">
        <ele>702.96</ele>
      </trkpt>
      <trkpt lat="41.3834239449352" lon="-7.708046268671751">
        <ele>701.84</ele>
      </trkpt>
      <trkpt lat="41.38321666046977" lon="-7.708196388557553">
        <ele>700.71</ele>
      </trkpt>
      <trkpt lat="41.38300895690918" lon="-7.708346843719482">
        <ele>699.56</ele>
      </trkpt>
      <trkpt lat="41.38279438018799" lon="-7.708561420440674">
        <ele>698.37</ele>
      </trkpt>
      <trkpt lat="41.382665717974305" lon="-7.708733081817627">
        <ele>697.18</ele>
      </trkpt>
      <trkpt lat="41.3825798034668" lon="-7.708947658538818">
        <ele>696.0</ele>
      </trkpt>
      <trkpt lat="41.38251543045044" lon="-7.709333896636963">
        <ele>694.82</ele>
      </trkpt>
      <trkpt lat="41.38253688812256" lon="-7.709698677062988">
        <ele>693.62</ele>
      </trkpt>
      <trkpt lat="41.38255842961371" lon="-7.709805965423584">
        <ele>692.48</ele>
      </trkpt>
      <trkpt lat="41.38261207379401" lon="-7.710085418075323">
        <ele>691.29</ele>
      </trkpt>
      <trkpt lat="41.38266563415527" lon="-7.710363864898682">
        <ele>690.05</ele>
      </trkpt>
      <trkpt lat="41.38275146484375" lon="-7.710750102996826">
        <ele>688.84</ele>
      </trkpt>
      <trkpt lat="41.38275146484375" lon="-7.710921764373779">
        <ele>687.66</ele>
      </trkpt>
      <trkpt lat="41.38266538269818" lon="-7.711297944188118">
        <ele>686.42</ele>
      </trkpt>
      <trkpt lat="41.3825798034668" lon="-7.711672782897949">
        <ele>685.3</ele>
      </trkpt>
      <trkpt lat="41.38249397277832" lon="-7.711844444274902">
        <ele>684.24</ele>
      </trkpt>
      <trkpt lat="41.382386684417725" lon="-7.711930274963379">
        <ele>683.15</ele>
      </trkpt>
      <trkpt lat="41.38217939995229" lon="-7.712030271068215">
        <ele>682.05</ele>
      </trkpt>
      <trkpt lat="41.38197219930589" lon="-7.712130267173052">
        <ele>680.97</ele>
      </trkpt>
      <trkpt lat="41.38176441192627" lon="-7.712230682373047">
        <ele>679.81</ele>
      </trkpt>
      <trkpt lat="41.381485629826784" lon="-7.71241650916636">
        <ele>678.61</ele>
      </trkpt>
      <trkpt lat="41.3812068477273" lon="-7.712602335959673">
        <ele>677.47</ele>
      </trkpt>
      <trkpt lat="41.38092756271362" lon="-7.7127885818481445">
        <ele>676.42</ele>
      </trkpt>
      <trkpt lat="41.38066319748759" lon="-7.7128527872264385">
        <ele>675.33</ele>
      </trkpt>
      <trkpt lat="41.380398916080594" lon="-7.712917076423764">
        <ele>674.26</ele>
      </trkpt>
      <trkpt lat="41.380133628845215" lon="-7.712981700897217">
        <ele>673.24</ele>
      </trkpt>
      <trkpt lat="41.3800048828125" lon="-7.713131904602051">
        <ele>672.33</ele>
      </trkpt>
      <trkpt lat="41.3798545114696" lon="-7.713475646451116">
        <ele>671.41</ele>
      </trkpt>
      <trkpt lat="41.379704559221864" lon="-7.713818550109863">
        <ele>670.45</ele>
      </trkpt>
      <trkpt lat="41.37957572937012" lon="-7.714118957519531">
        <ele>669.48</ele>
      </trkpt>
      <trkpt lat="41.37953289784491" lon="-7.714290618896484">
        <ele>668.58</ele>
      </trkpt>
      <trkpt lat="41.379554271698" lon="-7.714569568634033">
        <ele>667.72</ele>
      </trkpt>
      <trkpt lat="41.37961872853339" lon="-7.714906353503466">
        <ele>666.87</ele>
      </trkpt>
      <trkpt lat="41.37968326918781" lon="-7.71524322219193">
        <ele>665.97</ele>
      </trkpt>
      <trkpt lat="41.37974739074707" lon="-7.715578079223633">
        <ele>665.17</ele>
      </trkpt>
      <trkpt lat="41.379754515364766" lon="-7.7158791571855545">
        <ele>664.34</ele>
      </trkpt>
      <trkpt lat="41.379761723801494" lon="-7.716180235147476">
        <ele>663.57</ele>
      </trkpt>
      <trkpt lat="41.37976884841919" lon="-7.716479301452637">
        <ele>662.9</ele>
      </trkpt>
      <trkpt lat="41.37972593307495" lon="-7.71665096282959">
        <ele>662.28</ele>
      </trkpt>
      <trkpt lat="41.379661560058594" lon="-7.716779708862305">
        <ele>661.68</ele>
      </trkpt>
      <trkpt lat="41.3795006275177" lon="-7.716908371075988">
        <ele>661.03</ele>
      </trkpt>
      <trkpt lat="41.37933969497681" lon="-7.717037200927734">
        <ele>660.44</ele>
      </trkpt>
      <trkpt lat="41.37911112047732" lon="-7.717080032452941">
        <ele>659.86</ele>
      </trkpt>
      <trkpt lat="41.37888254597783" lon="-7.7171228639781475">
        <ele>659.33</ele>
      </trkpt>
      <trkpt lat="41.378653049468994" lon="-7.717165946960449">
        <ele>658.86</ele>
      </trkpt>
      <trkpt lat="41.378499157726765" lon="-7.7171658631414175">
        <ele>658.41</ele>
      </trkpt>
      <trkpt lat="41.378438556566834" lon="-7.717165946960449">
        <ele>658.01</ele>
      </trkpt>
      <trkpt lat="41.37833118438721" lon="-7.717165946960449">
        <ele>657.65</ele>
      </trkpt>
      <trkpt lat="41.37828826904297" lon="-7.71714448928833">
        <ele>657.33</ele>
      </trkpt>
      <trkpt lat="41.378052569925785" lon="-7.717144405469298">
        <ele>657.02</ele>
      </trkpt>
      <trkpt lat="41.37803220190108" lon="-7.717144405469298">
        <ele>656.77</ele>
      </trkpt>
      <trkpt lat="41.37781620025635" lon="-7.71714448928833">
        <ele>656.54</ele>
      </trkpt>
      <trkpt lat="41.37755870819092" lon="-7.7172088623046875">
        <ele>656.33</ele>
      </trkpt>
      <trkpt lat="41.37747287750244" lon="-7.717273235321045">
        <ele>656.17</ele>
      </trkpt>
      <trkpt lat="41.377365589141846" lon="-7.717273235321045">
        <ele>656.0</ele>
      </trkpt>
      <trkpt lat="41.377314710989594" lon="-7.717295782640576">
        <ele>655.87</ele>
      </trkpt>
      <trkpt lat="41.37717247009277" lon="-7.7173590660095215">
        <ele>655.76</ele>
      </trkpt>
      <trkpt lat="41.376925790682435" lon="-7.71755201742053">
        <ele>655.56</ele>
      </trkpt>
      <trkpt lat="41.376922857016325" lon="-7.717554196715355">
        <ele>655.48</ele>
      </trkpt>
      <trkpt lat="41.37667894363403" lon="-7.717745304107666">
        <ele>655.38</ele>
      </trkpt>
      <trkpt lat="41.37646436691284" lon="-7.717938423156738">
        <ele>655.33</ele>
      </trkpt>
      <trkpt lat="41.37635691091418" lon="-7.7181854378432035">
        <ele>655.36</ele>
      </trkpt>
      <trkpt lat="41.37624979019165" lon="-7.7184319496154785">
        <ele>655.31</ele>
      </trkpt>
      <trkpt lat="41.376163959503174" lon="-7.718560695648193">
        <ele>655.2</ele>
      </trkpt>
      <trkpt lat="41.37599229812622" lon="-7.718667984008789">
        <ele>655.1</ele>
      </trkpt>
      <trkpt lat="41.37577772140503" lon="-7.71864652633667">
        <ele>655.07</ele>
      </trkpt>
      <trkpt lat="41.375648975372314" lon="-7.718496322631836">
        <ele>654.96</ele>
      </trkpt>
      <trkpt lat="41.3755202293396" lon="-7.718195915222168">
        <ele>654.8</ele>
      </trkpt>
      <trkpt lat="41.37546641752124" lon="-7.717841025441885">
        <ele>654.64</ele>
      </trkpt>
      <trkpt lat="41.375412940979004" lon="-7.717487812042236">
        <ele>654.52</ele>
      </trkpt>
      <trkpt lat="41.37530565261841" lon="-7.717316150665283">
        <ele>654.33</ele>
      </trkpt>
      <trkpt lat="41.375144720077515" lon="-7.71715521812439">
        <ele>654.04</ele>
      </trkpt>
      <trkpt lat="41.37498378753662" lon="-7.716994285583496">
        <ele>653.64</ele>
      </trkpt>
      <trkpt lat="41.37485512532294" lon="-7.7169084548950195">
        <ele>653.2</ele>
      </trkpt>
      <trkpt lat="41.374683463945985" lon="-7.716790437698364">
        <ele>652.73</ele>
      </trkpt>
      <trkpt lat="41.37451171875" lon="-7.716672420501709">
        <ele>652.18</ele>
      </trkpt>
      <trkpt lat="41.37423285283148" lon="-7.716586589813232">
        <ele>651.53</ele>
      </trkpt>
      <trkpt lat="41.373953903093934" lon="-7.716543674468994">
        <ele>650.78</ele>
      </trkpt>
      <trkpt lat="41.37367528863251" lon="-7.716490030288696">
        <ele>649.96</ele>
      </trkpt>
      <trkpt lat="41.373396003618836" lon="-7.716436386108398">
        <ele>649.16</ele>
      </trkpt>
      <trkpt lat="41.373202884569764" lon="-7.716414928436279">
        <ele>648.39</ele>
      </trkpt>
      <trkpt lat="41.37320280075073" lon="-7.716414928436279">
        <ele>647.6</ele>
      </trkpt>
      <trkpt lat="41.3729453086853" lon="-7.716414928436279">
        <ele>646.75</ele>
      </trkpt>
      <trkpt lat="41.372709358111024" lon="-7.716543674468994">
        <ele>645.84</ele>
      </trkpt>
      <trkpt lat="41.37247332371771" lon="-7.716715335845947">
        <ele>644.85</ele>
      </trkpt>
      <trkpt lat="41.37232312001288" lon="-7.71684399805963">
        <ele>643.88</ele>
      </trkpt>
      <trkpt lat="41.372172916308045" lon="-7.716972827911377">
        <ele>642.88</ele>
      </trkpt>
      <trkpt lat="41.371958339586854" lon="-7.717155134305358">
        <ele>641.82</ele>
      </trkpt>
      <trkpt lat="41.37174367904663" lon="-7.717337608337402">
        <ele>640.78</ele>
      </trkpt>
      <trkpt lat="41.37159355916083" lon="-7.717487812042236">
        <ele>639.74</ele>
      </trkpt>
      <trkpt lat="41.37142893858254" lon="-7.717716805636883">
        <ele>638.69</ele>
      </trkpt>
      <trkpt lat="41.37126431800425" lon="-7.717945799231529">
        <ele>637.61</ele>
      </trkpt>
      <trkpt lat="41.37109994888306" lon="-7.718174457550049">
        <ele>636.47</ele>
      </trkpt>
      <trkpt lat="41.37094957754016" lon="-7.71845793351531">
        <ele>635.36</ele>
      </trkpt>
      <trkpt lat="41.37079920619726" lon="-7.7187414932996035">
        <ele>634.23</ele>
      </trkpt>
      <trkpt lat="41.370648918673396" lon="-7.719025053083897">
        <ele>633.05</ele>
      </trkpt>
      <trkpt lat="41.3704985473305" lon="-7.71930861286819">
        <ele>631.79</ele>
      </trkpt>
      <trkpt lat="41.37034901417792" lon="-7.719590663909912">
        <ele>630.54</ele>
      </trkpt>
      <trkpt lat="41.37024164199829" lon="-7.7198052406311035">
        <ele>629.41</ele>
      </trkpt>
      <trkpt lat="41.370069896802306" lon="-7.720019817352295">
        <ele>628.28</ele>
      </trkpt>
      <trkpt lat="41.36989840306342" lon="-7.720234394073486">
        <ele>627.14</ele>
      </trkpt>
      <trkpt lat="41.36972665786743" lon="-7.720448970794678">
        <ele>625.99</ele>
      </trkpt>
      <trkpt lat="41.36955508030951" lon="-7.720663547515869">
        <ele>624.75</ele>
      </trkpt>
      <trkpt lat="41.36951216496527" lon="-7.720749378204346">
        <ele>623.57</ele>
      </trkpt>
      <trkpt lat="41.369361877441406" lon="-7.720985412597656">
        <ele>622.31</ele>
      </trkpt>
      <trkpt lat="41.36929750442505" lon="-7.721285820007324">
        <ele>621.11</ele>
      </trkpt>
      <trkpt lat="41.36935123242438" lon="-7.721672896295786">
        <ele>620.01</ele>
      </trkpt>
      <trkpt lat="41.369404792785645" lon="-7.722058296203613">
        <ele>618.94</ele>
      </trkpt>
      <trkpt lat="41.369361877441406" lon="-7.722423076629639">
        <ele>617.79</ele>
      </trkpt>
      <trkpt lat="41.36925458908081" lon="-7.722573280334473">
        <ele>616.63</ele>
      </trkpt>
      <trkpt lat="41.36912592686713" lon="-7.722616195678711">
        <ele>615.48</ele>
      </trkpt>
      <trkpt lat="41.36892233043909" lon="-7.722605466842651">
        <ele>614.41</ele>
      </trkpt>
      <trkpt lat="41.36871814727783" lon="-7.722594738006592">
        <ele>613.37</ele>
      </trkpt>
      <trkpt lat="41.3684606552124" lon="-7.72263765335083">
        <ele>612.35</ele>
      </trkpt>
      <trkpt lat="41.36820316314697" lon="-7.722809314727783">
        <ele>611.4</ele>
      </trkpt>
      <trkpt lat="41.36801012791693" lon="-7.723023891448975">
        <ele>610.54</ele>
      </trkpt>
      <trkpt lat="41.36779974214733" lon="-7.723264200612903">
        <ele>609.58</ele>
      </trkpt>
      <trkpt lat="41.36758944019675" lon="-7.723504593595862">
        <ele>608.61</ele>
      </trkpt>
      <trkpt lat="41.36737913824618" lon="-7.72374490275979">
        <ele>607.71</ele>
      </trkpt>
      <trkpt lat="41.36716875247657" lon="-7.72398529574275">
        <ele>606.85</ele>
      </trkpt>
      <trkpt lat="41.36695861816406" lon="-7.7242255210876465">
        <ele>606.04</ele>
      </trkpt>
      <trkpt lat="41.36685132980347" lon="-7.724418640136719">
        <ele>605.38</ele>
      </trkpt>
      <trkpt lat="41.36676549911499" lon="-7.724568843841553">
        <ele>604.77</ele>
      </trkpt>
      <trkpt lat="41.366679668426514" lon="-7.724847793579102">
        <ele>604.22</ele>
      </trkpt>
      <trkpt lat="41.366668939590454" lon="-7.725116601213813">
        <ele>603.7</ele>
      </trkpt>
      <trkpt lat="41.366658294573426" lon="-7.72538423538208">
        <ele>603.23</ele>
      </trkpt>
      <trkpt lat="41.366658210754395" lon="-7.72538423538208">
        <ele>602.81</ele>
      </trkpt>
      <trkpt lat="41.366658294573426" lon="-7.72538423538208">
        <ele>603.23</ele>
      </trkpt>
      <trkpt lat="41.36667606420815" lon="-7.725627729669213">
        <ele>602.13</ele>
      </trkpt>
      <trkpt lat="41.36667648330331" lon="-7.7256387937814">
        <ele>601.81</ele>
      </trkpt>
      <trkpt lat="41.36667648330331" lon="-7.725639715790749">
        <ele>601.52</ele>
      </trkpt>
      <trkpt lat="41.36667648330331" lon="-7.725639883428812">
        <ele>600.99</ele>
      </trkpt>
      <trkpt lat="41.36667648330331" lon="-7.725639967247844">
        <ele>600.75</ele>
      </trkpt>
      <trkpt lat="41.36667656712234" lon="-7.725640218704939">
        <ele>600.52</ele>
      </trkpt>
      <trkpt lat="41.36667665094137" lon="-7.725640302523971">
        <ele>600.29</ele>
      </trkpt>
      <trkpt lat="41.36667665094137" lon="-7.725640553981066">
        <ele>600.06</ele>
      </trkpt>
      <trkpt lat="41.366676734760404" lon="-7.7256406378000975">
        <ele>599.83</ele>
      </trkpt>
      <trkpt lat="41.366676734760404" lon="-7.725641475990415">
        <ele>599.59</ele>
      </trkpt>
      <trkpt lat="41.36667690239847" lon="-7.725642481818795">
        <ele>599.33</ele>
      </trkpt>
      <trkpt lat="41.3666769862175" lon="-7.725643152371049">
        <ele>599.07</ele>
      </trkpt>
      <trkpt lat="41.36667707003653" lon="-7.725643236190081">
        <ele>598.78</ele>
      </trkpt>
      <trkpt lat="41.36667715385556" lon="-7.725643739104271">
        <ele>598.47</ele>
      </trkpt>
      <trkpt lat="41.366677237674594" lon="-7.725643990561366">
        <ele>598.14</ele>
      </trkpt>
      <trkpt lat="41.366677237674594" lon="-7.725644409656525">
        <ele>597.78</ele>
      </trkpt>
      <trkpt lat="41.366679752245545" lon="-7.725678104907274">
        <ele>597.4</ele>
      </trkpt>
      <trkpt lat="41.3666976056993" lon="-7.725922856479883">
        <ele>597.01</ele>
      </trkpt>
      <trkpt lat="41.366701209917665" lon="-7.7259720582515">
        <ele>596.56</ele>
      </trkpt>
      <trkpt lat="41.36672258377075" lon="-7.726263999938965">
        <ele>596.02</ele>
      </trkpt>
      <trkpt lat="41.366679668426514" lon="-7.726500034332275">
        <ele>595.39</ele>
      </trkpt>
      <trkpt lat="41.36659383773804" lon="-7.72662878036499">
        <ele>594.78</ele>
      </trkpt>
      <trkpt lat="41.36633634567261" lon="-7.726736068725586">
        <ele>594.19</ele>
      </trkpt>
      <trkpt lat="41.36618614196777" lon="-7.7266716957092285">
        <ele>593.69</ele>
      </trkpt>
      <trkpt lat="41.36597885750234" lon="-7.726528700441122">
        <ele>593.11</ele>
      </trkpt>
      <trkpt lat="41.36577157303691" lon="-7.726385705173016">
        <ele>592.45</ele>
      </trkpt>
      <trkpt lat="41.36556386947632" lon="-7.726242542266846">
        <ele>591.79</ele>
      </trkpt>
      <trkpt lat="41.365392208099365" lon="-7.726070880889893">
        <ele>591.14</ele>
      </trkpt>
      <trkpt lat="41.365284668281674" lon="-7.725737700238824">
        <ele>590.37</ele>
      </trkpt>
      <trkpt lat="41.365177631378174" lon="-7.725405693054199">
        <ele>589.73</ele>
      </trkpt>
      <trkpt lat="41.36502734385431" lon="-7.725212490186095">
        <ele>589.21</ele>
      </trkpt>
      <trkpt lat="41.364877223968506" lon="-7.725019454956055">
        <ele>588.69</ele>
      </trkpt>
      <trkpt lat="41.36474847793579" lon="-7.724804878234863">
        <ele>588.16</ele>
      </trkpt>
      <trkpt lat="41.36470556259155" lon="-7.724547386169434">
        <ele>587.63</ele>
      </trkpt>
      <trkpt lat="41.36483447626233" lon="-7.7241819351911545">
        <ele>587.05</ele>
      </trkpt>
      <trkpt lat="41.364963138476014" lon="-7.723817825317383">
        <ele>586.4</ele>
      </trkpt>
      <trkpt lat="41.36496305465698" lon="-7.723817825317383">
        <ele>585.89</ele>
      </trkpt>
      <trkpt lat="41.36500597000122" lon="-7.723538875579834">
        <ele>585.37</ele>
      </trkpt>
      <trkpt lat="41.36502742767334" lon="-7.723166048526764">
        <ele>584.85</ele>
      </trkpt>
      <trkpt lat="41.36504896916449" lon="-7.722793305292726">
        <ele>584.31</ele>
      </trkpt>
      <trkpt lat="41.36507034301758" lon="-7.722423076629639">
        <ele>583.83</ele>
      </trkpt>
      <trkpt lat="41.3650415930897" lon="-7.72213633172214">
        <ele>583.54</ele>
      </trkpt>
      <trkpt lat="41.36501292698085" lon="-7.721849586814642">
        <ele>583.29</ele>
      </trkpt>
      <trkpt lat="41.3649845123291" lon="-7.721564769744873">
        <ele>583.02</ele>
      </trkpt>
      <trkpt lat="41.36502742767334" lon="-7.721371650695801">
        <ele>582.73</ele>
      </trkpt>
      <trkpt lat="41.365142008289695" lon="-7.721092281863093">
        <ele>582.44</ele>
      </trkpt>
      <trkpt lat="41.36525658890605" lon="-7.720812913030386">
        <ele>582.22</ele>
      </trkpt>
      <trkpt lat="41.365370750427246" lon="-7.720534801483154">
        <ele>581.97</ele>
      </trkpt>
      <trkpt lat="41.365413665771484" lon="-7.720298767089844">
        <ele>581.79</ele>
      </trkpt>
      <trkpt lat="41.365413665771484" lon="-7.720019146800041">
        <ele>581.75</ele>
      </trkpt>
      <trkpt lat="41.365413665771484" lon="-7.719740867614746">
        <ele>581.7</ele>
      </trkpt>
      <trkpt lat="41.36532783508301" lon="-7.719419002532959">
        <ele>581.68</ele>
      </trkpt>
      <trkpt lat="41.36522054672241" lon="-7.719247341156006">
        <ele>581.68</ele>
      </trkpt>
      <trkpt lat="41.36502742767334" lon="-7.719054222106934">
        <ele>581.67</ele>
      </trkpt>
      <trkpt lat="41.36479156091809" lon="-7.718904102221131">
        <ele>581.69</ele>
      </trkpt>
      <trkpt lat="41.36455535888672" lon="-7.718753814697266">
        <ele>581.78</ele>
      </trkpt>
      <trkpt lat="41.36434807442129" lon="-7.718632277101278">
        <ele>581.86</ele>
      </trkpt>
      <trkpt lat="41.364140789955854" lon="-7.718510823324323">
        <ele>581.9</ele>
      </trkpt>
      <trkpt lat="41.363933086395264" lon="-7.71838903427124">
        <ele>581.85</ele>
      </trkpt>
      <trkpt lat="41.363654136657715" lon="-7.718303203582764">
        <ele>581.76</ele>
      </trkpt>
      <trkpt lat="41.36342916637659" lon="-7.718324577435851">
        <ele>581.79</ele>
      </trkpt>
      <trkpt lat="41.363203609362245" lon="-7.718346118927002">
        <ele>581.83</ele>
      </trkpt>
      <trkpt lat="41.36309623718262" lon="-7.718367576599121">
        <ele>581.85</ele>
      </trkpt>
      <trkpt lat="41.362855173647404" lon="-7.718421136960387">
        <ele>581.87</ele>
      </trkpt>
      <trkpt lat="41.36261411011219" lon="-7.718474697321653">
        <ele>581.9</ele>
      </trkpt>
      <trkpt lat="41.36237304657698" lon="-7.7185282576829195">
        <ele>581.92</ele>
      </trkpt>
      <trkpt lat="41.36213072575629" lon="-7.7185821533203125">
        <ele>581.91</ele>
      </trkpt>
      <trkpt lat="41.361852027475834" lon="-7.718667816370726">
        <ele>581.81</ele>
      </trkpt>
      <trkpt lat="41.36157274246216" lon="-7.718753814697266">
        <ele>581.63</ele>
      </trkpt>
      <trkpt lat="41.36129387654364" lon="-7.718818187713623">
        <ele>581.4</ele>
      </trkpt>
      <trkpt lat="41.36129379272461" lon="-7.718818187713623">
        <ele>581.26</ele>
      </trkpt>
      <trkpt lat="41.36110092513263" lon="-7.718882476910949">
        <ele>581.05</ele>
      </trkpt>
      <trkpt lat="41.3609076384455" lon="-7.718946933746338">
        <ele>580.82</ele>
      </trkpt>
      <trkpt lat="41.36075735092163" lon="-7.719011306762695">
        <ele>580.6</ele>
      </trkpt>
      <trkpt lat="41.36052140034735" lon="-7.719204425811768">
        <ele>580.4</ele>
      </trkpt>
      <trkpt lat="41.36034965515137" lon="-7.719390336424112">
        <ele>580.17</ele>
      </trkpt>
      <trkpt lat="41.360177993774414" lon="-7.719576330855489">
        <ele>579.92</ele>
      </trkpt>
      <trkpt lat="41.36000633239746" lon="-7.719762325286865">
        <ele>579.66</ele>
      </trkpt>
      <trkpt lat="41.35985612869263" lon="-7.719826698303223">
        <ele>579.36</ele>
      </trkpt>
      <trkpt lat="41.35959872044623" lon="-7.719848155975342">
        <ele>579.03</ele>
      </trkpt>
      <trkpt lat="41.3593412283808" lon="-7.719848155975342">
        <ele>578.73</ele>
      </trkpt>
      <trkpt lat="41.35906261391938" lon="-7.719862405210733">
        <ele>578.45</ele>
      </trkpt>
      <trkpt lat="41.35878408327699" lon="-7.719876654446125">
        <ele>578.18</ele>
      </trkpt>
      <trkpt lat="41.35850429534912" lon="-7.71989107131958">
        <ele>577.89</ele>
      </trkpt>
      <trkpt lat="41.35824705474079" lon="-7.720030378550291">
        <ele>577.54</ele>
      </trkpt>
      <trkpt lat="41.35798939503729" lon="-7.720170021057129">
        <ele>577.15</ele>
      </trkpt>
      <trkpt lat="41.35775327682495" lon="-7.720212936401367">
        <ele>576.77</ele>
      </trkpt>
      <trkpt lat="41.357571138069034" lon="-7.720202207565308">
        <ele>576.45</ele>
      </trkpt>
      <trkpt lat="41.35738858021796" lon="-7.720191478729248">
        <ele>576.13</ele>
      </trkpt>
      <trkpt lat="41.35710954666138" lon="-7.720191478729248">
        <ele>575.86</ele>
      </trkpt>
      <trkpt lat="41.35694878175855" lon="-7.720266496762633">
        <ele>575.69</ele>
      </trkpt>
      <trkpt lat="41.35678776539862" lon="-7.720341682434082">
        <ele>575.52</ele>
      </trkpt>
      <trkpt lat="41.356701934710145" lon="-7.7204060554504395">
        <ele>575.36</ele>
      </trkpt>
      <trkpt lat="41.35657318867743" lon="-7.720470428466797">
        <ele>575.21</ele>
      </trkpt>
      <trkpt lat="41.35629423893988" lon="-7.720599174499512">
        <ele>575.07</ele>
      </trkpt>
      <trkpt lat="41.35612257756293" lon="-7.720663547515869">
        <ele>574.96</ele>
      </trkpt>
      <trkpt lat="41.35605820454657" lon="-7.720685005187988">
        <ele>574.89</ele>
      </trkpt>
      <trkpt lat="41.355972373858094" lon="-7.720749378204346">
        <ele>574.85</ele>
      </trkpt>
      <trkpt lat="41.35574706830084" lon="-7.720974599942565">
        <ele>574.85</ele>
      </trkpt>
      <trkpt lat="41.35552176274359" lon="-7.721199989318848">
        <ele>574.88</ele>
      </trkpt>
      <trkpt lat="41.35536074638367" lon="-7.72138237953186">
        <ele>574.9</ele>
      </trkpt>
      <trkpt lat="41.355199897661805" lon="-7.721564769744873">
        <ele>574.96</ele>
      </trkpt>
      <trkpt lat="41.35506025515497" lon="-7.7217902429401875">
        <ele>575.11</ele>
      </trkpt>
      <trkpt lat="41.354920947924256" lon="-7.722015380859375">
        <ele>575.32</ele>
      </trkpt>
      <trkpt lat="41.35477057658136" lon="-7.722283853217959">
        <ele>575.53</ele>
      </trkpt>
      <trkpt lat="41.35462054051459" lon="-7.7225518226623535">
        <ele>575.74</ele>
      </trkpt>
      <trkpt lat="41.35451316833496" lon="-7.722659111022949">
        <ele>576.01</ele>
      </trkpt>
      <trkpt lat="41.35438450612128" lon="-7.722723484039307">
        <ele>576.31</ele>
      </trkpt>
      <trkpt lat="41.35423421859741" lon="-7.7227020263671875">
        <ele>576.69</ele>
      </trkpt>
      <trkpt lat="41.354148387908936" lon="-7.722659111022949">
        <ele>577.05</ele>
      </trkpt>
      <trkpt lat="41.35404109954834" lon="-7.722508907318115">
        <ele>577.45</ele>
      </trkpt>
      <trkpt lat="41.353933895006776" lon="-7.722229957580566">
        <ele>577.84</ele>
      </trkpt>
      <trkpt lat="41.353794168680906" lon="-7.72191840223968">
        <ele>578.25</ele>
      </trkpt>
      <trkpt lat="41.353654861450195" lon="-7.721607685089111">
        <ele>578.64</ele>
      </trkpt>
      <trkpt lat="41.35354765690863" lon="-7.721457481384277">
        <ele>579.06</ele>
      </trkpt>
      <trkpt lat="41.353397369384766" lon="-7.7213287353515625">
        <ele>579.4</ele>
      </trkpt>
      <trkpt lat="41.35324716567993" lon="-7.721307277679443">
        <ele>579.78</ele>
      </trkpt>
      <trkpt lat="41.353054298087955" lon="-7.7213929407298565">
        <ele>580.25</ele>
      </trkpt>
      <trkpt lat="41.35286101140082" lon="-7.7214789390563965">
        <ele>580.69</ele>
      </trkpt>
      <trkpt lat="41.35286092758179" lon="-7.7214789390563965">
        <ele>581.11</ele>
      </trkpt>
      <trkpt lat="41.35279663838446" lon="-7.721500396728516">
        <ele>581.52</ele>
      </trkpt>
      <trkpt lat="41.35261433199048" lon="-7.721586059778929">
        <ele>581.94</ele>
      </trkpt>
      <trkpt lat="41.352431774139404" lon="-7.721672058105469">
        <ele>582.36</ele>
      </trkpt>
      <trkpt lat="41.352388858795166" lon="-7.721693515777588">
        <ele>582.74</ele>
      </trkpt>
      <trkpt lat="41.35214586742222" lon="-7.721822094172239">
        <ele>583.12</ele>
      </trkpt>
      <trkpt lat="41.35190287604928" lon="-7.721950756385922">
        <ele>583.52</ele>
      </trkpt>
      <trkpt lat="41.351659297943115" lon="-7.722079753875732">
        <ele>583.92</ele>
      </trkpt>
      <trkpt lat="41.35146617889404" lon="-7.72214412689209">
        <ele>584.37</ele>
      </trkpt>
      <trkpt lat="41.35129451751709" lon="-7.722101211547852">
        <ele>584.71</ele>
      </trkpt>
      <trkpt lat="41.3510730676353" lon="-7.722008256241679">
        <ele>585.0</ele>
      </trkpt>
      <trkpt lat="41.350851617753506" lon="-7.7219153847545385">
        <ele>585.15</ele>
      </trkpt>
      <trkpt lat="41.35062941350043" lon="-7.721822261810303">
        <ele>585.28</ele>
      </trkpt>
      <trkpt lat="41.350371921435" lon="-7.721714973449707">
        <ele>585.42</ele>
      </trkpt>
      <trkpt lat="41.350093223154545" lon="-7.7215970400720835">
        <ele>585.6</ele>
      </trkpt>
      <trkpt lat="41.34981393814087" lon="-7.7214789390563965">
        <ele>585.83</ele>
      </trkpt>
      <trkpt lat="41.34957798756659" lon="-7.721371650695801">
        <ele>586.02</ele>
      </trkpt>
      <trkpt lat="41.34951361455023" lon="-7.721350193023682">
        <ele>586.13</ele>
      </trkpt>
      <trkpt lat="41.34925603866577" lon="-7.721242904663086">
        <ele>586.18</ele>
      </trkpt>
      <trkpt lat="41.3490629196167" lon="-7.721221446990967">
        <ele>586.14</ele>
      </trkpt>
      <trkpt lat="41.34890215471387" lon="-7.7212857361882925">
        <ele>586.16</ele>
      </trkpt>
      <trkpt lat="41.34874105453491" lon="-7.721350193023682">
        <ele>586.14</ele>
      </trkpt>
      <trkpt lat="41.34871959686279" lon="-7.721371650695801">
        <ele>586.09</ele>
      </trkpt>
      <trkpt lat="41.348473001271486" lon="-7.721532415598631">
        <ele>585.99</ele>
      </trkpt>
      <trkpt lat="41.348226154223084" lon="-7.721693515777588">
        <ele>585.84</ele>
      </trkpt>
      <trkpt lat="41.348022390156984" lon="-7.721832823008299">
        <ele>585.68</ele>
      </trkpt>
      <trkpt lat="41.34781845845282" lon="-7.721972465515137">
        <ele>585.49</ele>
      </trkpt>
      <trkpt lat="41.34764679707587" lon="-7.722079753875732">
        <ele>585.3</ele>
      </trkpt>
      <trkpt lat="41.34737874381244" lon="-7.722261976450682">
        <ele>585.11</ele>
      </trkpt>
      <trkpt lat="41.34711035527289" lon="-7.722444534301758">
        <ele>584.92</ele>
      </trkpt>
      <trkpt lat="41.34693877771497" lon="-7.722530197352171">
        <ele>584.68</ele>
      </trkpt>
      <trkpt lat="41.34676694869995" lon="-7.722616195678711">
        <ele>584.43</ele>
      </trkpt>
      <trkpt lat="41.34648833423853" lon="-7.722637569531798">
        <ele>584.15</ele>
      </trkpt>
      <trkpt lat="41.34620904922485" lon="-7.722659111022949">
        <ele>583.88</ele>
      </trkpt>
      <trkpt lat="41.346166133880615" lon="-7.722659111022949">
        <ele>583.6</ele>
      </trkpt>
      <trkpt lat="41.345973098650575" lon="-7.722659111022949">
        <ele>583.33</ele>
      </trkpt>
      <trkpt lat="41.34580168873072" lon="-7.7226590272039175">
        <ele>583.06</ele>
      </trkpt>
      <trkpt lat="41.34562977589667" lon="-7.722659111022949">
        <ele>582.79</ele>
      </trkpt>
      <trkpt lat="41.34535116143525" lon="-7.722673360258341">
        <ele>582.53</ele>
      </trkpt>
      <trkpt lat="41.345072630792856" lon="-7.7226876094937325">
        <ele>582.2</ele>
      </trkpt>
      <trkpt lat="41.34479284286499" lon="-7.7227020263671875">
        <ele>581.83</ele>
      </trkpt>
      <trkpt lat="41.344492519274354" lon="-7.7227020263671875">
        <ele>581.41</ele>
      </trkpt>
      <trkpt lat="41.34449243545532" lon="-7.7227020263671875">
        <ele>581.09</ele>
      </trkpt>
      <trkpt lat="41.344310296699405" lon="-7.722712671384215">
        <ele>580.71</ele>
      </trkpt>
      <trkpt lat="41.34412773884833" lon="-7.722723484039307">
        <ele>580.34</ele>
      </trkpt>
      <trkpt lat="41.343859853222966" lon="-7.7227341290563345">
        <ele>580.02</ele>
      </trkpt>
      <trkpt lat="41.34359129704535" lon="-7.722744941711426">
        <ele>579.71</ele>
      </trkpt>
      <trkpt lat="41.34351368062198" lon="-7.722744941711426">
        <ele>579.41</ele>
      </trkpt>
      <trkpt lat="41.343441093340516" lon="-7.722744941711426">
        <ele>579.12</ele>
      </trkpt>
      <trkpt lat="41.34335526265204" lon="-7.722744941711426">
        <ele>578.84</ele>
      </trkpt>
      <trkpt lat="41.3433123473078" lon="-7.722744941711426">
        <ele>578.58</ele>
      </trkpt>
      <trkpt lat="41.34330396540463" lon="-7.7227450255304575">
        <ele>578.36</ele>
      </trkpt>
      <trkpt lat="41.34331176057458" lon="-7.722744941711426">
        <ele>578.16</ele>
      </trkpt>
      <trkpt lat="41.34331217966974" lon="-7.722744941711426">
        <ele>577.98</ele>
      </trkpt>
      <trkpt lat="41.34331226348877" lon="-7.722744941711426">
        <ele>577.66</ele>
      </trkpt>
      <trkpt lat="41.3433123473078" lon="-7.722744941711426">
        <ele>578.58</ele>
      </trkpt>
      <trkpt lat="41.34331226348877" lon="-7.722744941711426">
        <ele>577.66</ele>
      </trkpt>
      <trkpt lat="41.343312012031674" lon="-7.722744941711426">
        <ele>577.31</ele>
      </trkpt>
      <trkpt lat="41.34331192821264" lon="-7.722744941711426">
        <ele>577.22</ele>
      </trkpt>
      <trkpt lat="41.34331176057458" lon="-7.722744941711426">
        <ele>578.16</ele>
      </trkpt>
      <trkpt lat="41.34331167675555" lon="-7.722744941711426">
        <ele>577.08</ele>
      </trkpt>
      <trkpt lat="41.34331142529845" lon="-7.722744941711426">
        <ele>577.02</ele>
      </trkpt>
      <trkpt lat="41.34331092238426" lon="-7.722744941711426">
        <ele>576.97</ele>
      </trkpt>
      <trkpt lat="41.34331000037491" lon="-7.722744941711426">
        <ele>576.93</ele>
      </trkpt>
      <trkpt lat="41.34330932982266" lon="-7.722744941711426">
        <ele>576.89</ele>
      </trkpt>
      <trkpt lat="41.34330924600363" lon="-7.722744941711426">
        <ele>576.85</ele>
      </trkpt>
      <trkpt lat="41.343309162184596" lon="-7.722744941711426">
        <ele>576.81</ele>
      </trkpt>
      <trkpt lat="41.34330874308944" lon="-7.722744941711426">
        <ele>576.77</ele>
      </trkpt>
      <trkpt lat="41.343308575451374" lon="-7.722744941711426">
        <ele>576.73</ele>
      </trkpt>
      <trkpt lat="41.34330824017525" lon="-7.722744941711426">
        <ele>576.67</ele>
      </trkpt>
      <trkpt lat="41.34304446168244" lon="-7.722750222310424">
        <ele>576.53</ele>
      </trkpt>
      <trkpt lat="41.34277665987611" lon="-7.722755586728454">
        <ele>576.42</ele>
      </trkpt>
      <trkpt lat="41.34250885806978" lon="-7.722760951146483">
        <ele>576.3</ele>
      </trkpt>
      <trkpt lat="41.342239463701844" lon="-7.722766399383545">
        <ele>576.19</ele>
      </trkpt>
      <trkpt lat="41.341953724622726" lon="-7.722816355526447">
        <ele>576.12</ele>
      </trkpt>
      <trkpt lat="41.34166806936264" lon="-7.72286631166935">
        <ele>576.01</ele>
      </trkpt>
      <trkpt lat="41.34142289869487" lon="-7.722909227013588">
        <ele>575.85</ele>
      </trkpt>
      <trkpt lat="41.34138115681708" lon="-7.722916603088379">
        <ele>575.67</ele>
      </trkpt>
      <trkpt lat="41.341293482109904" lon="-7.722989525645971">
        <ele>575.48</ele>
      </trkpt>
      <trkpt lat="41.34125232696533" lon="-7.723023891448975">
        <ele>575.25</ele>
      </trkpt>
      <trkpt lat="41.341188037768006" lon="-7.72313117980957">
        <ele>575.0</ele>
      </trkpt>
      <trkpt lat="41.34104839526117" lon="-7.723399652168155">
        <ele>574.76</ele>
      </trkpt>
      <trkpt lat="41.34090908803046" lon="-7.723667621612549">
        <ele>574.45</ele>
      </trkpt>
      <trkpt lat="41.34075863286853" lon="-7.723979093134403">
        <ele>574.0</ele>
      </trkpt>
      <trkpt lat="41.34060868062079" lon="-7.724289894104004">
        <ele>573.52</ele>
      </trkpt>
      <trkpt lat="41.34060859680176" lon="-7.724289894104004">
        <ele>573.07</ele>
      </trkpt>
      <trkpt lat="41.34054430760443" lon="-7.724440097808838">
        <ele>572.56</ele>
      </trkpt>
      <trkpt lat="41.34052284993231" lon="-7.724483013153076">
        <ele>572.03</ele>
      </trkpt>
      <trkpt lat="41.340393936261535" lon="-7.724730027839541">
        <ele>571.41</ele>
      </trkpt>
      <trkpt lat="41.34026535786688" lon="-7.724976539611816">
        <ele>570.74</ele>
      </trkpt>
      <trkpt lat="41.34017935954034" lon="-7.725169910117984">
        <ele>570.03</ele>
      </trkpt>
      <trkpt lat="41.34009369648993" lon="-7.725362777709961">
        <ele>569.28</ele>
      </trkpt>
      <trkpt lat="41.339964866638184" lon="-7.72564172744751">
        <ele>568.46</ele>
      </trkpt>
      <trkpt lat="41.33985766209662" lon="-7.725834846496582">
        <ele>567.67</ele>
      </trkpt>
      <trkpt lat="41.33981466293335" lon="-7.725920677185059">
        <ele>566.88</ele>
      </trkpt>
      <trkpt lat="41.339678540825844" lon="-7.726199878379703">
        <ele>566.06</ele>
      </trkpt>
      <trkpt lat="41.33954250253737" lon="-7.726479163393378">
        <ele>565.21</ele>
      </trkpt>
      <trkpt lat="41.339406967163086" lon="-7.726757526397705">
        <ele>564.33</ele>
      </trkpt>
      <trkpt lat="41.339256847277284" lon="-7.727057933807373">
        <ele>563.41</ele>
      </trkpt>
      <trkpt lat="41.33910655975342" lon="-7.7272725105285645">
        <ele>562.47</ele>
      </trkpt>
      <trkpt lat="41.3389778137207" lon="-7.727401256561279">
        <ele>561.5</ele>
      </trkpt>
      <trkpt lat="41.33878469467163" lon="-7.727508544921875">
        <ele>560.54</ele>
      </trkpt>
      <trkpt lat="41.33863457478583" lon="-7.727551460266113">
        <ele>559.57</ele>
      </trkpt>
      <trkpt lat="41.3386344909668" lon="-7.727551460266113">
        <ele>558.6</ele>
      </trkpt>
      <trkpt lat="41.33844162337482" lon="-7.727540731430054">
        <ele>557.61</ele>
      </trkpt>
      <trkpt lat="41.338248336687684" lon="-7.727530002593994">
        <ele>556.55</ele>
      </trkpt>
      <trkpt lat="41.338019762188196" lon="-7.727501420304179">
        <ele>555.45</ele>
      </trkpt>
      <trkpt lat="41.33779118768871" lon="-7.727472838014364">
        <ele>554.36</ele>
      </trkpt>
      <trkpt lat="41.33756169117987" lon="-7.727444171905518">
        <ele>553.26</ele>
      </trkpt>
      <trkpt lat="41.33751877583563" lon="-7.727422714233398">
        <ele>552.2</ele>
      </trkpt>
      <trkpt lat="41.3375186920166" lon="-7.727422714233398">
        <ele>551.15</ele>
      </trkpt>
      <trkpt lat="41.33736848831177" lon="-7.727336883544922">
        <ele>550.04</ele>
      </trkpt>
      <trkpt lat="41.33711099624634" lon="-7.727100849151611">
        <ele>548.99</ele>
      </trkpt>
      <trkpt lat="41.336982334032655" lon="-7.727036476135254">
        <ele>547.94</ele>
      </trkpt>
      <trkpt lat="41.33678913116455" lon="-7.727100849151611">
        <ele>546.78</ele>
      </trkpt>
      <trkpt lat="41.336617385968566" lon="-7.727326238527894">
        <ele>545.51</ele>
      </trkpt>
      <trkpt lat="41.336445892229676" lon="-7.727551460266113">
        <ele>544.31</ele>
      </trkpt>
      <trkpt lat="41.336445808410645" lon="-7.727551460266113">
        <ele>543.2</ele>
      </trkpt>
      <trkpt lat="41.33629560470581" lon="-7.727680206298828">
        <ele>542.08</ele>
      </trkpt>
      <trkpt lat="41.336166858673096" lon="-7.727723121643066">
        <ele>540.98</ele>
      </trkpt>
      <trkpt lat="41.335866870358586" lon="-7.727715913206339">
        <ele>539.85</ele>
      </trkpt>
      <trkpt lat="41.33556688204408" lon="-7.727708788588643">
        <ele>538.63</ele>
      </trkpt>
      <trkpt lat="41.33526563644409" lon="-7.727701663970947">
        <ele>537.43</ele>
      </trkpt>
      <trkpt lat="41.33507251739502" lon="-7.7277445793151855">
        <ele>536.32</ele>
      </trkpt>
      <trkpt lat="41.334922313690186" lon="-7.7278733253479">
        <ele>535.19</ele>
      </trkpt>
      <trkpt lat="41.33472902700305" lon="-7.728173900395632">
        <ele>533.99</ele>
      </trkpt>
      <trkpt lat="41.33453615941107" lon="-7.728474140167236">
        <ele>532.74</ele>
      </trkpt>
      <trkpt lat="41.33438587188721" lon="-7.728688716888428">
        <ele>531.62</ele>
      </trkpt>
      <trkpt lat="41.334235752001405" lon="-7.728817462921143">
        <ele>530.57</ele>
      </trkpt>
      <trkpt lat="41.33417137898505" lon="-7.728860378265381">
        <ele>529.56</ele>
      </trkpt>
      <trkpt lat="41.33404263295233" lon="-7.728946208953857">
        <ele>528.56</ele>
      </trkpt>
      <trkpt lat="41.33382814005017" lon="-7.729089120402932">
        <ele>527.55</ele>
      </trkpt>
      <trkpt lat="41.333613730967045" lon="-7.729232031852007">
        <ele>526.48</ele>
      </trkpt>
      <trkpt lat="41.33339890278876" lon="-7.72937536239624">
        <ele>525.48</ele>
      </trkpt>
      <trkpt lat="41.33339881896973" lon="-7.72937536239624">
        <ele>524.58</ele>
      </trkpt>
      <trkpt lat="41.333141662180424" lon="-7.729428922757506">
        <ele>523.66</ele>
      </trkpt>
      <trkpt lat="41.3328839186579" lon="-7.729482650756836">
        <ele>522.76</ele>
      </trkpt>
      <trkpt lat="41.3326695933938" lon="-7.7295254822820425">
        <ele>521.91</ele>
      </trkpt>
      <trkpt lat="41.33245535194874" lon="-7.729568313807249">
        <ele>521.11</ele>
      </trkpt>
      <trkpt lat="41.332240188494325" lon="-7.729611396789551">
        <ele>520.34</ele>
      </trkpt>
      <trkpt lat="41.3321328163147" lon="-7.72963285446167">
        <ele>519.61</ele>
      </trkpt>
      <trkpt lat="41.33185395039618" lon="-7.729697227478027">
        <ele>518.92</ele>
      </trkpt>
      <trkpt lat="41.33166083134711" lon="-7.729740142822266">
        <ele>518.26</ele>
      </trkpt>
      <trkpt lat="41.33159637451172" lon="-7.729761600494385">
        <ele>517.61</ele>
      </trkpt>
      <trkpt lat="41.33155354298651" lon="-7.729761600494385">
        <ele>516.97</ele>
      </trkpt>
      <trkpt lat="41.33131784386933" lon="-7.729804432019591">
        <ele>516.28</ele>
      </trkpt>
      <trkpt lat="41.33108147419989" lon="-7.729847431182861">
        <ele>515.57</ele>
      </trkpt>
      <trkpt lat="41.330931186676025" lon="-7.729804515838623">
        <ele>514.97</ele>
      </trkpt>
      <trkpt lat="41.33082389831543" lon="-7.729697227478027">
        <ele>514.43</ele>
      </trkpt>
      <trkpt lat="41.33068425580859" lon="-7.729428671300411">
        <ele>513.95</ele>
      </trkpt>
      <trkpt lat="41.33054503239691" lon="-7.729160785675049">
        <ele>513.43</ele>
      </trkpt>
      <trkpt lat="41.330459117889404" lon="-7.729074954986572">
        <ele>512.91</ele>
      </trkpt>
      <trkpt lat="41.33033037185669" lon="-7.729032039642334">
        <ele>512.4</ele>
      </trkpt>
      <trkpt lat="41.33013750426471" lon="-7.7290856000036">
        <ele>511.9</ele>
      </trkpt>
      <trkpt lat="41.32994421757758" lon="-7.72913932800293">
        <ele>511.44</ele>
      </trkpt>
      <trkpt lat="41.32990121841431" lon="-7.729203701019287">
        <ele>510.95</ele>
      </trkpt>
      <trkpt lat="41.32981538772583" lon="-7.729310989379883">
        <ele>510.47</ele>
      </trkpt>
      <trkpt lat="41.32974020205438" lon="-7.72950435988605">
        <ele>509.94</ele>
      </trkpt>
      <trkpt lat="41.32966526784003" lon="-7.729697227478027">
        <ele>509.46</ele>
      </trkpt>
      <trkpt lat="41.32964381016791" lon="-7.729761600494385">
        <ele>508.99</ele>
      </trkpt>
      <trkpt lat="41.32960089482367" lon="-7.7298688888549805">
        <ele>508.53</ele>
      </trkpt>
      <trkpt lat="41.32955797947943" lon="-7.730040550231934">
        <ele>508.07</ele>
      </trkpt>
      <trkpt lat="41.329493606463075" lon="-7.730147838592529">
        <ele>507.59</ele>
      </trkpt>
      <trkpt lat="41.32938623428345" lon="-7.730319499969482">
        <ele>507.11</ele>
      </trkpt>
      <trkpt lat="41.329257572069764" lon="-7.73038387298584">
        <ele>506.58</ele>
      </trkpt>
      <trkpt lat="41.32906436920166" lon="-7.73038387298584">
        <ele>506.04</ele>
      </trkpt>
      <trkpt lat="41.32889270782471" lon="-7.730276584625244">
        <ele>505.43</ele>
      </trkpt>
      <trkpt lat="41.32878541946411" lon="-7.73012638092041">
        <ele>504.9</ele>
      </trkpt>
      <trkpt lat="41.32867821492255" lon="-7.7298688888549805">
        <ele>504.37</ele>
      </trkpt>
      <trkpt lat="41.328592132776976" lon="-7.729471083730459">
        <ele>503.79</ele>
      </trkpt>
      <trkpt lat="41.32850646972656" lon="-7.729074954986572">
        <ele>503.15</ele>
      </trkpt>
      <trkpt lat="41.328506553545594" lon="-7.728667259216309">
        <ele>502.58</ele>
      </trkpt>
      <trkpt lat="41.32850646972656" lon="-7.728667259216309">
        <ele>502.1</ele>
      </trkpt>
      <trkpt lat="41.32852792739868" lon="-7.728452179580927">
        <ele>501.69</ele>
      </trkpt>
      <trkpt lat="41.3285493850708" lon="-7.728238105773926">
        <ele>501.31</ele>
      </trkpt>
      <trkpt lat="41.32852792739868" lon="-7.728066444396973">
        <ele>500.92</ele>
      </trkpt>
      <trkpt lat="41.32842047140002" lon="-7.727862345054746">
        <ele>500.5</ele>
      </trkpt>
      <trkpt lat="41.32831335067749" lon="-7.727658748626709">
        <ele>500.09</ele>
      </trkpt>
      <trkpt lat="41.328227519989014" lon="-7.727551460266113">
        <ele>499.69</ele>
      </trkpt>
      <trkpt lat="41.3279914855957" lon="-7.727508544921875">
        <ele>499.14</ele>
      </trkpt>
      <trkpt lat="41.32774497382343" lon="-7.727583479136229">
        <ele>498.57</ele>
      </trkpt>
      <trkpt lat="41.32749795913696" lon="-7.727658748626709">
        <ele>498.12</ele>
      </trkpt>
      <trkpt lat="41.327305091544986" lon="-7.727658664807677">
        <ele>497.82</ele>
      </trkpt>
      <trkpt lat="41.32711172103882" lon="-7.727658748626709">
        <ele>497.54</ele>
      </trkpt>
      <trkpt lat="41.3269401434809" lon="-7.727658748626709">
        <ele>497.22</ele>
      </trkpt>
      <trkpt lat="41.326682986691594" lon="-7.727648019790649">
        <ele>496.87</ele>
      </trkpt>
      <trkpt lat="41.326425075531006" lon="-7.72763729095459">
        <ele>496.52</ele>
      </trkpt>
      <trkpt lat="41.326274955645204" lon="-7.727680206298828">
        <ele>496.25</ele>
      </trkpt>
      <trkpt lat="41.32603355683386" lon="-7.727894699200988">
        <ele>496.03</ele>
      </trkpt>
      <trkpt lat="41.325792241841555" lon="-7.7281091921031475">
        <ele>495.9</ele>
      </trkpt>
      <trkpt lat="41.325550926849246" lon="-7.728323685005307">
        <ele>495.75</ele>
      </trkpt>
      <trkpt lat="41.32530936039984" lon="-7.728538513183594">
        <ele>495.63</ele>
      </trkpt>
      <trkpt lat="41.32528790272772" lon="-7.728559970855713">
        <ele>495.53</ele>
      </trkpt>
      <trkpt lat="41.32528781890869" lon="-7.728559970855713">
        <ele>495.45</ele>
      </trkpt>
      <trkpt lat="41.3250732421875" lon="-7.728763734921813">
        <ele>495.4</ele>
      </trkpt>
      <trkpt lat="41.32485866546631" lon="-7.728967666625977">
        <ele>495.37</ele>
      </trkpt>
      <trkpt lat="41.324622631073" lon="-7.7291178703308105">
        <ele>495.36</ele>
      </trkpt>
      <trkpt lat="41.3244083058089" lon="-7.729214262217283">
        <ele>495.36</ele>
      </trkpt>
      <trkpt lat="41.32419356144965" lon="-7.729310989379883">
        <ele>495.4</ele>
      </trkpt>
      <trkpt lat="41.32412910461426" lon="-7.729332447052002">
        <ele>495.37</ele>
      </trkpt>
      <trkpt lat="41.324000442400575" lon="-7.729396820068359">
        <ele>495.32</ele>
      </trkpt>
      <trkpt lat="41.32375384680927" lon="-7.729525398463011">
        <ele>495.26</ele>
      </trkpt>
      <trkpt lat="41.3235068321228" lon="-7.729654312133789">
        <ele>495.17</ele>
      </trkpt>
      <trkpt lat="41.323249423876405" lon="-7.729879533872008">
        <ele>495.01</ele>
      </trkpt>
      <trkpt lat="41.322991931810975" lon="-7.730104923248291">
        <ele>494.83</ele>
      </trkpt>
      <trkpt lat="41.32286318577826" lon="-7.730255126953125">
        <ele>494.64</ele>
      </trkpt>
      <trkpt lat="41.32266294211149" lon="-7.730426704511046">
        <ele>494.43</ele>
      </trkpt>
      <trkpt lat="41.322462782263756" lon="-7.730598282068968">
        <ele>494.18</ele>
      </trkpt>
      <trkpt lat="41.322262370958924" lon="-7.730770111083984">
        <ele>493.87</ele>
      </trkpt>
      <trkpt lat="41.32226228713989" lon="-7.730770111083984">
        <ele>493.54</ele>
      </trkpt>
      <trkpt lat="41.322004878893495" lon="-7.731006145477295">
        <ele>493.12</ele>
      </trkpt>
      <trkpt lat="41.32185467518866" lon="-7.731156349182129">
        <ele>492.68</ele>
      </trkpt>
      <trkpt lat="41.32163297384977" lon="-7.731356509029865">
        <ele>492.21</ele>
      </trkpt>
      <trkpt lat="41.321411272510886" lon="-7.731556752696633">
        <ele>491.7</ele>
      </trkpt>
      <trkpt lat="41.32118948735297" lon="-7.731757164001465">
        <ele>491.13</ele>
      </trkpt>
      <trkpt lat="41.32110365666449" lon="-7.731821537017822">
        <ele>490.55</ele>
      </trkpt>
      <trkpt lat="41.32082504220307" lon="-7.731885742396116">
        <ele>489.88</ele>
      </trkpt>
      <trkpt lat="41.32054575718939" lon="-7.731950283050537">
        <ele>489.11</ele>
      </trkpt>
      <trkpt lat="41.320238560438156" lon="-7.732021696865559">
        <ele>488.33</ele>
      </trkpt>
      <trkpt lat="41.31993144750595" lon="-7.73209311068058">
        <ele>487.66</ele>
      </trkpt>
      <trkpt lat="41.319624334573746" lon="-7.732164524495602">
        <ele>486.96</ele>
      </trkpt>
      <trkpt lat="41.31931713782251" lon="-7.732235938310623">
        <ele>486.22</ele>
      </trkpt>
      <trkpt lat="41.319010024890304" lon="-7.732307352125645">
        <ele>485.37</ele>
      </trkpt>
      <trkpt lat="41.31870039738715" lon="-7.73237943649292">
        <ele>484.51</ele>
      </trkpt>
      <trkpt lat="41.31849680095911" lon="-7.732432996854186">
        <ele>483.65</ele>
      </trkpt>
      <trkpt lat="41.31829270161688" lon="-7.732486724853516">
        <ele>482.82</ele>
      </trkpt>
      <trkpt lat="41.31805666722357" lon="-7.732551097869873">
        <ele>481.98</ele>
      </trkpt>
      <trkpt lat="41.317853070795536" lon="-7.73258320055902">
        <ele>481.12</ele>
      </trkpt>
      <trkpt lat="41.31764897145331" lon="-7.7326154708862305">
        <ele>480.25</ele>
      </trkpt>
      <trkpt lat="41.317397179082036" lon="-7.732610106468201">
        <ele>479.39</ele>
      </trkpt>
      <trkpt lat="41.31714538671076" lon="-7.732604742050171">
        <ele>478.42</ele>
      </trkpt>
      <trkpt lat="41.31689367815852" lon="-7.732599377632141">
        <ele>477.45</ele>
      </trkpt>
      <trkpt lat="41.31664046086371" lon="-7.732594013214111">
        <ele>476.57</ele>
      </trkpt>
      <trkpt lat="41.31664037704468" lon="-7.732594013214111">
        <ele>475.74</ele>
      </trkpt>
      <trkpt lat="41.31647969596088" lon="-7.732594013214111">
        <ele>474.92</ele>
      </trkpt>
      <trkpt lat="41.31631859578192" lon="-7.732594013214111">
        <ele>474.11</ele>
      </trkpt>
      <trkpt lat="41.31610401906073" lon="-7.7326154708862305">
        <ele>473.31</ele>
      </trkpt>
      <trkpt lat="41.315857507288456" lon="-7.732701133936644">
        <ele>472.46</ele>
      </trkpt>
      <trkpt lat="41.315795900300145" lon="-7.732722507789731">
        <ele>471.67</ele>
      </trkpt>
      <trkpt lat="41.31561049260199" lon="-7.732787132263184">
        <ele>470.88</ele>
      </trkpt>
      <trkpt lat="41.31561040878296" lon="-7.732787132263184">
        <ele>470.14</ele>
      </trkpt>
      <trkpt lat="41.315460205078125" lon="-7.732830047607422">
        <ele>469.38</ele>
      </trkpt>
      <trkpt lat="41.31542173214257" lon="-7.732857456430793">
        <ele>468.66</ele>
      </trkpt>
      <trkpt lat="41.31531000137329" lon="-7.732937335968018">
        <ele>467.93</ele>
      </trkpt>
      <trkpt lat="41.31505988538265" lon="-7.733080247417092">
        <ele>467.16</ele>
      </trkpt>
      <trkpt lat="41.31491714157164" lon="-7.73316171951592">
        <ele>466.44</ele>
      </trkpt>
      <trkpt lat="41.31480976939201" lon="-7.733223158866167">
        <ele>465.78</ele>
      </trkpt>
      <trkpt lat="41.31455898284912" lon="-7.7333664894104">
        <ele>465.11</ele>
      </trkpt>
      <trkpt lat="41.314537608996034" lon="-7.7333879470825195">
        <ele>464.48</ele>
      </trkpt>
      <trkpt lat="41.314473152160645" lon="-7.733516693115234">
        <ele>463.85</ele>
      </trkpt>
      <trkpt lat="41.31437064148486" lon="-7.733542257919908">
        <ele>463.23</ele>
      </trkpt>
      <trkpt lat="41.31430157460272" lon="-7.733559608459473">
        <ele>462.63</ele>
      </trkpt>
      <trkpt lat="41.31425857543945" lon="-7.7335381507873535">
        <ele>462.06</ele>
      </trkpt>
      <trkpt lat="41.313979709520936" lon="-7.733559608459473">
        <ele>461.48</ele>
      </trkpt>
      <trkpt lat="41.313979625701904" lon="-7.733559608459473">
        <ele>460.94</ele>
      </trkpt>
      <trkpt lat="41.31395825184882" lon="-7.733581066131592">
        <ele>460.4</ele>
      </trkpt>
      <trkpt lat="41.31367930211127" lon="-7.733709812164307">
        <ele>459.83</ele>
      </trkpt>
      <trkpt lat="41.31363638676703" lon="-7.733709812164307">
        <ele>459.31</ele>
      </trkpt>
      <trkpt lat="41.3134375680238" lon="-7.733780723065138">
        <ele>458.78</ele>
      </trkpt>
      <trkpt lat="41.31333589553833" lon="-7.733817100524902">
        <ele>458.27</ele>
      </trkpt>
      <trkpt lat="41.31331083364785" lon="-7.733829589560628">
        <ele>457.78</ele>
      </trkpt>
      <trkpt lat="41.31329306401312" lon="-7.7338385581970215">
        <ele>457.28</ele>
      </trkpt>
      <trkpt lat="41.31327152252197" lon="-7.733860015869141">
        <ele>456.8</ele>
      </trkpt>
      <trkpt lat="41.313162725418806" lon="-7.733911145478487">
        <ele>456.3</ele>
      </trkpt>
      <trkpt lat="41.31308929994702" lon="-7.733945678919554">
        <ele>455.81</ele>
      </trkpt>
      <trkpt lat="41.31290682591498" lon="-7.734031677246094">
        <ele>455.27</ele>
      </trkpt>
      <trkpt lat="41.31290674209595" lon="-7.734031677246094">
        <ele>454.79</ele>
      </trkpt>
      <trkpt lat="41.31264095194638" lon="-7.7341345231980085">
        <ele>454.21</ele>
      </trkpt>
      <trkpt lat="41.31237524561584" lon="-7.734237369149923">
        <ele>453.69</ele>
      </trkpt>
      <trkpt lat="41.312351105734706" lon="-7.734246673062444">
        <ele>453.21</ele>
      </trkpt>
      <trkpt lat="41.31210945546627" lon="-7.73434029892087">
        <ele>452.68</ele>
      </trkpt>
      <trkpt lat="41.31184374913573" lon="-7.734443144872785">
        <ele>452.15</ele>
      </trkpt>
      <trkpt lat="41.31157645024359" lon="-7.734546661376953">
        <ele>451.66</ele>
      </trkpt>
      <trkpt lat="41.31157636642456" lon="-7.734546661376953">
        <ele>451.21</ele>
      </trkpt>
      <trkpt lat="41.31128702312708" lon="-7.734664510935545">
        <ele>450.81</ele>
      </trkpt>
      <trkpt lat="41.310997009277344" lon="-7.734782695770264">
        <ele>450.43</ele>
      </trkpt>
      <trkpt lat="41.31073440425098" lon="-7.734889816492796">
        <ele>450.04</ele>
      </trkpt>
      <trkpt lat="41.310593504458666" lon="-7.734947316348553">
        <ele>449.58</ele>
      </trkpt>
      <trkpt lat="41.31047188304365" lon="-7.73499702103436">
        <ele>449.13</ele>
      </trkpt>
      <trkpt lat="41.310209361836314" lon="-7.735104141756892">
        <ele>448.65</ele>
      </trkpt>
      <trkpt lat="41.30994566716254" lon="-7.7352118492126465">
        <ele>448.25</ele>
      </trkpt>
      <trkpt lat="41.30988129414618" lon="-7.735254764556885">
        <ele>447.87</ele>
      </trkpt>
      <trkpt lat="41.309752548113465" lon="-7.735340595245361">
        <ele>447.51</ele>
      </trkpt>
      <trkpt lat="41.309688091278076" lon="-7.7353835105896">
        <ele>447.15</ele>
      </trkpt>
      <trkpt lat="41.3096022605896" lon="-7.735426425933838">
        <ele>446.79</ele>
      </trkpt>
      <trkpt lat="41.30947359837592" lon="-7.7353835105896">
        <ele>446.41</ele>
      </trkpt>
      <trkpt lat="41.309452056884766" lon="-7.735319137573242">
        <ele>446.07</ele>
      </trkpt>
      <trkpt lat="41.30928039550781" lon="-7.7352118492126465">
        <ele>445.69</ele>
      </trkpt>
      <trkpt lat="41.30910873413086" lon="-7.735104560852051">
        <ele>445.38</ele>
      </trkpt>
      <trkpt lat="41.3090443611145" lon="-7.735104560852051">
        <ele>445.09</ele>
      </trkpt>
      <trkpt lat="41.30904176272452" lon="-7.735105650499463">
        <ele>444.83</ele>
      </trkpt>
      <trkpt lat="41.308930115774274" lon="-7.735157199203968">
        <ele>444.57</ele>
      </trkpt>
      <trkpt lat="41.30893003195524" lon="-7.735157199203968">
        <ele>444.35</ele>
      </trkpt>
      <trkpt lat="41.30892978049815" lon="-7.735157199203968">
        <ele>444.15</ele>
      </trkpt>
      <trkpt lat="41.308929696679115" lon="-7.735157199203968">
        <ele>443.79</ele>
      </trkpt>
      <trkpt lat="41.308929612860084" lon="-7.735157283023">
        <ele>443.64</ele>
      </trkpt>
      <trkpt lat="41.30892936140299" lon="-7.735157450661063">
        <ele>443.5</ele>
      </trkpt>
      <trkpt lat="41.30892927758396" lon="-7.735157534480095">
        <ele>443.38</ele>
      </trkpt>
      <trkpt lat="41.308929193764925" lon="-7.735157702118158">
        <ele>443.27</ele>
      </trkpt>
      <trkpt lat="41.30892910994589" lon="-7.735157702118158">
        <ele>443.18</ele>
      </trkpt>
      <trkpt lat="41.30892902612686" lon="-7.735157702118158">
        <ele>443.1</ele>
      </trkpt>
      <trkpt lat="41.3089288584888" lon="-7.735157702118158">
        <ele>443.03</ele>
      </trkpt>
      <trkpt lat="41.30892843939364" lon="-7.735157869756222">
        <ele>442.98</ele>
      </trkpt>
      <trkpt lat="41.308928271755576" lon="-7.735157869756222">
        <ele>442.94</ele>
      </trkpt>
      <trkpt lat="41.30892709828913" lon="-7.735158372670412">
        <ele>442.91</ele>
      </trkpt>
      <trkpt lat="41.30892634391785" lon="-7.735158707946539">
        <ele>442.89</ele>
      </trkpt>
      <trkpt lat="41.308926260098815" lon="-7.735158791765571">
        <ele>442.88</ele>
      </trkpt>
      <trkpt lat="41.308926260098815" lon="-7.735158875584602">
        <ele>442.87</ele>
      </trkpt>
      <trkpt lat="41.308925757184625" lon="-7.7351591270416975">
        <ele>442.88</ele>
      </trkpt>
      <trkpt lat="41.30892558954656" lon="-7.735159294679761">
        <ele>442.9</ele>
      </trkpt>
      <trkpt lat="41.3089254219085" lon="-7.735159294679761">
        <ele>442.92</ele>
      </trkpt>
      <trkpt lat="41.308765495195985" lon="-7.735233306884766">
        <ele>442.93</ele>
      </trkpt>
      <trkpt lat="41.30876541137695" lon="-7.735233306884766">
        <ele>442.96</ele>
      </trkpt>
      <trkpt lat="41.30859375" lon="-7.735426425933838">
        <ele>442.98</ele>
      </trkpt>
      <trkpt lat="41.3084436301142" lon="-7.735683917999268">
        <ele>443.02</ele>
      </trkpt>
      <trkpt lat="41.308443546295166" lon="-7.735683917999268">
        <ele>443.08</ele>
      </trkpt>
      <trkpt lat="41.30830390378833" lon="-7.735952390357852">
        <ele>443.17</ele>
      </trkpt>
      <trkpt lat="41.30816468037665" lon="-7.736220359802246">
        <ele>443.23</ele>
      </trkpt>
      <trkpt lat="41.30801439285278" lon="-7.736520767211914">
        <ele>443.27</ele>
      </trkpt>
      <trkpt lat="41.30797156132758" lon="-7.736606597900391">
        <ele>443.35</ele>
      </trkpt>
      <trkpt lat="41.30787483416498" lon="-7.736799884587526">
        <ele>443.44</ele>
      </trkpt>
      <trkpt lat="41.307778442278504" lon="-7.736992835998535">
        <ele>443.56</ele>
      </trkpt>
      <trkpt lat="41.30777835845947" lon="-7.736992835998535">
        <ele>443.66</ele>
      </trkpt>
      <trkpt lat="41.30762823857367" lon="-7.737293243408203">
        <ele>443.78</ele>
      </trkpt>
      <trkpt lat="41.30762815475464" lon="-7.737293243408203">
        <ele>443.87</ele>
      </trkpt>
      <trkpt lat="41.30758532322943" lon="-7.737400531768799">
        <ele>443.98</ele>
      </trkpt>
      <trkpt lat="41.307542407885194" lon="-7.7375078201293945">
        <ele>444.07</ele>
      </trkpt>
      <trkpt lat="41.30754232406616" lon="-7.7375078201293945">
        <ele>444.16</ele>
      </trkpt>
      <trkpt lat="41.307520950213075" lon="-7.737593650817871">
        <ele>444.25</ele>
      </trkpt>
      <trkpt lat="41.30737074650824" lon="-7.7378082275390625">
        <ele>444.24</ele>
      </trkpt>
      <trkpt lat="41.30730628967285" lon="-7.737915515899658">
        <ele>444.25</ele>
      </trkpt>
      <trkpt lat="41.30717762745917" lon="-7.738215923309326">
        <ele>444.26</ele>
      </trkpt>
      <trkpt lat="41.30717754364014" lon="-7.738215923309326">
        <ele>444.33</ele>
      </trkpt>
      <trkpt lat="41.30705399438739" lon="-7.738489843904972">
        <ele>444.47</ele>
      </trkpt>
      <trkpt lat="41.30693044513464" lon="-7.738763764500618">
        <ele>444.58</ele>
      </trkpt>
      <trkpt lat="41.30680689588189" lon="-7.739037685096264">
        <ele>444.68</ele>
      </trkpt>
      <trkpt lat="41.3066840171814" lon="-7.739310264587402">
        <ele>444.75</ele>
      </trkpt>
      <trkpt lat="41.30653372965753" lon="-7.739492654800415">
        <ele>444.77</ele>
      </trkpt>
      <trkpt lat="41.30638360977173" lon="-7.739675045013428">
        <ele>444.84</ele>
      </trkpt>
      <trkpt lat="41.306244134902954" lon="-7.739803707227111">
        <ele>444.8</ele>
      </trkpt>
      <trkpt lat="41.30610474385321" lon="-7.739932537078857">
        <ele>444.72</ele>
      </trkpt>
      <trkpt lat="41.30586862564087" lon="-7.740082740783691">
        <ele>444.56</ele>
      </trkpt>
      <trkpt lat="41.30565430037677" lon="-7.740157674998045">
        <ele>444.39</ele>
      </trkpt>
      <trkpt lat="41.30543955601752" lon="-7.740232944488525">
        <ele>444.28</ele>
      </trkpt>
      <trkpt lat="41.305439472198486" lon="-7.740232944488525">
        <ele>444.15</ele>
      </trkpt>
      <trkpt lat="41.305246436968446" lon="-7.740275859832764">
        <ele>444.02</ele>
      </trkpt>
      <trkpt lat="41.30494602955878" lon="-7.74036169052124">
        <ele>443.95</ele>
      </trkpt>
      <trkpt lat="41.30463883280754" lon="-7.740447353571653">
        <ele>443.84</ele>
      </trkpt>
      <trkpt lat="41.304331636056304" lon="-7.740533100441098">
        <ele>443.59</ele>
      </trkpt>
      <trkpt lat="41.304047238081694" lon="-7.740612393245101">
        <ele>443.3</ele>
      </trkpt>
      <trkpt lat="41.30402326583862" lon="-7.74061918258667">
        <ele>443.08</ele>
      </trkpt>
      <trkpt lat="41.303758984431624" lon="-7.740683387964964">
        <ele>442.85</ele>
      </trkpt>
      <trkpt lat="41.303494703024626" lon="-7.74074767716229">
        <ele>442.54</ele>
      </trkpt>
      <trkpt lat="41.303229331970215" lon="-7.740812301635742">
        <ele>442.26</ele>
      </trkpt>
      <trkpt lat="41.30318641662598" lon="-7.740833759307861">
        <ele>442.01</ele>
      </trkpt>
      <trkpt lat="41.30295071750879" lon="-7.740897964686155">
        <ele>441.71</ele>
      </trkpt>
      <trkpt lat="41.30271443165839" lon="-7.740962505340576">
        <ele>441.37</ele>
      </trkpt>
      <trkpt lat="41.302714347839355" lon="-7.740962505340576">
        <ele>441.11</ele>
      </trkpt>
      <trkpt lat="41.302499854937196" lon="-7.740983963012695">
        <ele>440.8</ele>
      </trkpt>
      <trkpt lat="41.30232819356024" lon="-7.740983963012695">
        <ele>440.56</ele>
      </trkpt>
      <trkpt lat="41.30205670371652" lon="-7.740941047668457">
        <ele>440.21</ele>
      </trkpt>
      <trkpt lat="41.30191907286644" lon="-7.740919254720211">
        <ele>439.87</ele>
      </trkpt>
      <trkpt lat="41.30178529769182" lon="-7.7408982161432505">
        <ele>439.6</ele>
      </trkpt>
      <trkpt lat="41.301512718200684" lon="-7.7408552169799805">
        <ele>439.41</ele>
      </trkpt>
      <trkpt lat="41.30131985060871" lon="-7.740940880030394">
        <ele>439.34</ele>
      </trkpt>
      <trkpt lat="41.30112656392157" lon="-7.741026878356934">
        <ele>439.24</ele>
      </trkpt>
      <trkpt lat="41.30112648010254" lon="-7.741026878356934">
        <ele>439.01</ele>
      </trkpt>
      <trkpt lat="41.30112027749419" lon="-7.741026794537902">
        <ele>438.78</ele>
      </trkpt>
      <trkpt lat="41.30110510624945" lon="-7.741026878356934">
        <ele>438.56</ele>
      </trkpt>
      <trkpt lat="41.30110502243042" lon="-7.741026878356934">
        <ele>438.33</ele>
      </trkpt>
      <trkpt lat="41.30104064941406" lon="-7.741026878356934">
        <ele>438.11</ele>
      </trkpt>
      <trkpt lat="41.30097636021674" lon="-7.740941047668457">
        <ele>437.8</ele>
      </trkpt>
      <trkpt lat="41.300954818725586" lon="-7.740919589996338">
        <ele>437.55</ele>
      </trkpt>
      <trkpt lat="41.3008261565119" lon="-7.740812301635742">
        <ele>437.28</ele>
      </trkpt>
      <trkpt lat="41.30082607269287" lon="-7.740812301635742">
        <ele>437.03</ele>
      </trkpt>
      <trkpt lat="41.300697326660156" lon="-7.740812301635742">
        <ele>436.76</ele>
      </trkpt>
      <trkpt lat="41.300525749102235" lon="-7.7408552169799805">
        <ele>436.48</ele>
      </trkpt>
      <trkpt lat="41.3005256652832" lon="-7.7408552169799805">
        <ele>436.23</ele>
      </trkpt>
      <trkpt lat="41.300246799364686" lon="-7.740919589996338">
        <ele>435.92</ele>
      </trkpt>
      <trkpt lat="41.300086034461856" lon="-7.740951692685485">
        <ele>435.65</ele>
      </trkpt>
      <trkpt lat="41.2999249342829" lon="-7.740983963012695">
        <ele>435.38</ele>
      </trkpt>
      <trkpt lat="41.29990347661078" lon="-7.740983963012695">
        <ele>435.13</ele>
      </trkpt>
      <trkpt lat="41.29972125403583" lon="-7.741026794537902">
        <ele>434.86</ele>
      </trkpt>
      <trkpt lat="41.29953861236572" lon="-7.741069793701172">
        <ele>434.61</ele>
      </trkpt>
      <trkpt lat="41.29938849247992" lon="-7.741091251373291">
        <ele>434.34</ele>
      </trkpt>
      <trkpt lat="41.299152709543705" lon="-7.741150176152587">
        <ele>434.06</ele>
      </trkpt>
      <trkpt lat="41.29891701042652" lon="-7.741209100931883">
        <ele>433.78</ele>
      </trkpt>
      <trkpt lat="41.298681227490306" lon="-7.741268025711179">
        <ele>433.51</ele>
      </trkpt>
      <trkpt lat="41.29844427108765" lon="-7.741327285766602">
        <ele>433.33</ele>
      </trkpt>
      <trkpt lat="41.29841007292271" lon="-7.74134430103004">
        <ele>433.16</ele>
      </trkpt>
      <trkpt lat="41.298294235020876" lon="-7.741402303799987">
        <ele>433.05</ele>
      </trkpt>
      <trkpt lat="41.29825299605727" lon="-7.741422671824694">
        <ele>432.9</ele>
      </trkpt>
      <trkpt lat="41.29825299605727" lon="-7.741422755643725">
        <ele>432.58</ele>
      </trkpt>
      <trkpt lat="41.29825299605727" lon="-7.741422839462757">
        <ele>432.43</ele>
      </trkpt>
      <trkpt lat="41.29825291223824" lon="-7.741422839462757">
        <ele>432.28</ele>
      </trkpt>
      <trkpt lat="41.29825282841921" lon="-7.741422839462757">
        <ele>432.12</ele>
      </trkpt>
      <trkpt lat="41.29825274460018" lon="-7.741422839462757">
        <ele>431.97</ele>
      </trkpt>
      <trkpt lat="41.29825249314308" lon="-7.741422839462757">
        <ele>431.81</ele>
      </trkpt>
      <trkpt lat="41.29825240932405" lon="-7.741422923281789">
        <ele>431.64</ele>
      </trkpt>
      <trkpt lat="41.29825224168599" lon="-7.7414230071008205">
        <ele>431.46</ele>
      </trkpt>
      <trkpt lat="41.298252157866955" lon="-7.741423090919852">
        <ele>431.27</ele>
      </trkpt>
      <trkpt lat="41.29825131967664" lon="-7.741423510015011">
        <ele>431.07</ele>
      </trkpt>
      <trkpt lat="41.29813992418349" lon="-7.741469945758581">
        <ele>430.85</ele>
      </trkpt>
      <trkpt lat="41.29809373989701" lon="-7.7415243443101645">
        <ele>430.61</ele>
      </trkpt>
      <trkpt lat="41.29809373989701" lon="-7.741524428129196">
        <ele>430.36</ele>
      </trkpt>
      <trkpt lat="41.29809373989701" lon="-7.741524511948228">
        <ele>430.09</ele>
      </trkpt>
      <trkpt lat="41.29809373989701" lon="-7.74152459576726">
        <ele>429.79</ele>
      </trkpt>
      <trkpt lat="41.29809373989701" lon="-7.741524679586291">
        <ele>429.47</ele>
      </trkpt>
      <trkpt lat="41.29809373989701" lon="-7.741524763405323">
        <ele>429.13</ele>
      </trkpt>
      <trkpt lat="41.29809365607798" lon="-7.7415249310433865">
        <ele>428.76</ele>
      </trkpt>
      <trkpt lat="41.29809357225895" lon="-7.741525182500482">
        <ele>428.37</ele>
      </trkpt>
      <trkpt lat="41.29809348843992" lon="-7.741525350138545">
        <ele>427.95</ele>
      </trkpt>
      <trkpt lat="41.298093320801854" lon="-7.74152560159564">
        <ele>427.52</ele>
      </trkpt>
      <trkpt lat="41.298093320801854" lon="-7.741525769233704">
        <ele>427.06</ele>
      </trkpt>
      <trkpt lat="41.2980926502496" lon="-7.741526607424021">
        <ele>426.58</ele>
      </trkpt>
      <trkpt lat="41.298089968040586" lon="-7.741529960185289">
        <ele>426.08</ele>
      </trkpt>
      <trkpt lat="41.29791738465428" lon="-7.741339188069105">
        <ele>425.36</ele>
      </trkpt>
      <trkpt lat="41.29791730083525" lon="-7.741339104250073">
        <ele>424.3</ele>
      </trkpt>
      <trkpt lat="41.29791721701622" lon="-7.741339020431042">
        <ele>423.76</ele>
      </trkpt>
      <trkpt lat="41.29791713319719" lon="-7.74133893661201">
        <ele>423.23</ele>
      </trkpt>
      <trkpt lat="41.29791704937816" lon="-7.741338852792978">
        <ele>422.69</ele>
      </trkpt>
      <trkpt lat="41.29791688174009" lon="-7.741338685154915">
        <ele>422.16</ele>
      </trkpt>
      <trkpt lat="41.29791671410203" lon="-7.741338517516851">
        <ele>421.65</ele>
      </trkpt>
      <trkpt lat="41.297916546463966" lon="-7.741338349878788">
        <ele>421.15</ele>
      </trkpt>
      <trkpt lat="41.297916462644935" lon="-7.741338266059756">
        <ele>420.66</ele>
      </trkpt>
      <trkpt lat="41.29791579209268" lon="-7.741337511688471">
        <ele>420.21</ele>
      </trkpt>
      <trkpt lat="41.29789995029569" lon="-7.741319993510842">
        <ele>419.76</ele>
      </trkpt>
      <trkpt lat="41.297757709398866" lon="-7.741262912750244">
        <ele>419.23</ele>
      </trkpt>
      <trkpt lat="41.297543132677674" lon="-7.741069793701172">
        <ele>418.61</ele>
      </trkpt>
      <trkpt lat="41.29739292897284" lon="-7.740941047668457">
        <ele>418.07</ele>
      </trkpt>
      <trkpt lat="41.2971462495625" lon="-7.740765865892172">
        <ele>417.43</ele>
      </trkpt>
      <trkpt lat="41.296899653971195" lon="-7.740590767934918">
        <ele>416.91</ele>
      </trkpt>
      <trkpt lat="41.29665305837989" lon="-7.740415669977665">
        <ele>416.75</ele>
      </trkpt>
      <trkpt lat="41.29640646278858" lon="-7.74024048820138">
        <ele>417.0</ele>
      </trkpt>
      <trkpt lat="41.29615978337824" lon="-7.740065390244126">
        <ele>417.43</ele>
      </trkpt>
      <trkpt lat="41.29591226577759" lon="-7.739889621734619">
        <ele>417.84</ele>
      </trkpt>
      <trkpt lat="41.295762145891786" lon="-7.739825248718262">
        <ele>418.08</ele>
      </trkpt>
      <trkpt lat="41.29567631520331" lon="-7.739803791046143">
        <ele>418.4</ele>
      </trkpt>
      <trkpt lat="41.29556894302368" lon="-7.739760875701904">
        <ele>418.79</ele>
      </trkpt>
      <trkpt lat="41.29544019699097" lon="-7.7396321296691895">
        <ele>419.13</ele>
      </trkpt>
      <trkpt lat="41.295290077105165" lon="-7.739503383636475">
        <ele>419.4</ele>
      </trkpt>
      <trkpt lat="41.29513987340033" lon="-7.73937463760376">
        <ele>419.68</ele>
      </trkpt>
      <trkpt lat="41.2951397895813" lon="-7.73937463760376">
        <ele>419.98</ele>
      </trkpt>
      <trkpt lat="41.2949360255152" lon="-7.7392245177179575">
        <ele>420.18</ele>
      </trkpt>
      <trkpt lat="41.29473217763007" lon="-7.739074230194092">
        <ele>420.47</ele>
      </trkpt>
      <trkpt lat="41.294517600908875" lon="-7.73891338147223">
        <ele>420.77</ele>
      </trkpt>
      <trkpt lat="41.29430294036865" lon="-7.738752365112305">
        <ele>421.08</ele>
      </trkpt>
      <trkpt lat="41.29443185403943" lon="-7.738401331007481">
        <ele>421.36</ele>
      </trkpt>
      <trkpt lat="41.29456076771021" lon="-7.7380502969026566">
        <ele>421.65</ele>
      </trkpt>
      <trkpt lat="41.2946891784668" lon="-7.737700939178467">
        <ele>421.91</ele>
      </trkpt>
      <trkpt lat="41.29466772079468" lon="-7.7376580238342285">
        <ele>422.09</ele>
      </trkpt>
      <trkpt lat="41.29466772079468" lon="-7.737550735473633">
        <ele>422.23</ele>
      </trkpt>
      <trkpt lat="41.29460334777832" lon="-7.737464904785156">
        <ele>422.33</ele>
      </trkpt>
      <trkpt lat="41.294560516253114" lon="-7.737400531768799">
        <ele>422.41</ele>
      </trkpt>
      <trkpt lat="41.29453897476196" lon="-7.7373576164245605">
        <ele>422.47</ele>
      </trkpt>
      <trkpt lat="41.294474601745605" lon="-7.737271785736084">
        <ele>422.51</ele>
      </trkpt>
      <trkpt lat="41.29441022872925" lon="-7.737271785736084">
        <ele>422.51</ele>
      </trkpt>
      <trkpt lat="41.29420302808285" lon="-7.73733607493341">
        <ele>422.44</ele>
      </trkpt>
      <trkpt lat="41.29399591125548" lon="-7.737400364130735">
        <ele>422.35</ele>
      </trkpt>
      <trkpt lat="41.293788040056825" lon="-7.737464904785156">
        <ele>422.2</ele>
      </trkpt>
      <trkpt lat="41.293487548828125" lon="-7.737572193145752">
        <ele>421.95</ele>
      </trkpt>
      <trkpt lat="41.29332686774433" lon="-7.737572193145752">
        <ele>421.74</ele>
      </trkpt>
      <trkpt lat="41.29316576756537" lon="-7.737572193145752">
        <ele>421.49</ele>
      </trkpt>
      <trkpt lat="41.29300500266254" lon="-7.73758283816278">
        <ele>421.21</ele>
      </trkpt>
      <trkpt lat="41.29284381866455" lon="-7.737593650817871">
        <ele>420.91</ele>
      </trkpt>
      <trkpt lat="41.29267240874469" lon="-7.737550735473633">
        <ele>420.61</ele>
      </trkpt>
      <trkpt lat="41.292500579729676" lon="-7.7375078201293945">
        <ele>420.31</ele>
      </trkpt>
      <trkpt lat="41.292500495910645" lon="-7.7375078201293945">
        <ele>420.03</ele>
      </trkpt>
      <trkpt lat="41.29235037602484" lon="-7.7374327182769775">
        <ele>419.72</ele>
      </trkpt>
      <trkpt lat="41.29220008850098" lon="-7.7373576164245605">
        <ele>419.41</ele>
      </trkpt>
      <trkpt lat="41.2919641379267" lon="-7.737153768539429">
        <ele>419.12</ele>
      </trkpt>
      <trkpt lat="41.291728019714355" lon="-7.736949920654297">
        <ele>418.82</ele>
      </trkpt>
      <trkpt lat="41.291728019714355" lon="-7.736907005310059">
        <ele>418.53</ele>
      </trkpt>
      <trkpt lat="41.2915563583374" lon="-7.736799716949463">
        <ele>418.26</ele>
      </trkpt>
      <trkpt lat="41.29140615463257" lon="-7.736821174621582">
        <ele>417.99</ele>
      </trkpt>
      <trkpt lat="41.29127740859985" lon="-7.736799716949463">
        <ele>417.74</ele>
      </trkpt>
      <trkpt lat="41.291213035583496" lon="-7.736692428588867">
        <ele>417.51</ele>
      </trkpt>
      <trkpt lat="41.29119861871004" lon="-7.736607603728771">
        <ele>417.26</ele>
      </trkpt>
      <trkpt lat="41.29119861871004" lon="-7.7366075199097395">
        <ele>417.02</ele>
      </trkpt>
      <trkpt lat="41.29119861871004" lon="-7.736607436090708">
        <ele>416.8</ele>
      </trkpt>
      <trkpt lat="41.29119861871004" lon="-7.736607352271676">
        <ele>416.58</ele>
      </trkpt>
      <trkpt lat="41.29119861871004" lon="-7.736607184633613">
        <ele>416.38</ele>
      </trkpt>
      <trkpt lat="41.29119861871004" lon="-7.736607016995549">
        <ele>416.18</ele>
      </trkpt>
      <trkpt lat="41.29119861871004" lon="-7.736606681719422">
        <ele>415.99</ele>
      </trkpt>
      <trkpt lat="41.29119861871004" lon="-7.736606430262327">
        <ele>415.82</ele>
      </trkpt>
      <trkpt lat="41.29119861871004" lon="-7.7366060949862">
        <ele>415.65</ele>
      </trkpt>
      <trkpt lat="41.29119861871004" lon="-7.736606011167169">
        <ele>415.5</ele>
      </trkpt>
      <trkpt lat="41.29119845107198" lon="-7.736604921519756">
        <ele>415.35</ele>
      </trkpt>
      <trkpt lat="41.29119166173041" lon="-7.736563682556152">
        <ele>415.22</ele>
      </trkpt>
      <trkpt lat="41.29122007638216" lon="-7.736491011455655">
        <ele>415.08</ele>
      </trkpt>
      <trkpt lat="41.291220244020224" lon="-7.736490927636623">
        <ele>414.97</ele>
      </trkpt>
      <trkpt lat="41.291220327839255" lon="-7.736490843817592">
        <ele>414.86</ele>
      </trkpt>
      <trkpt lat="41.29122041165829" lon="-7.736490843817592">
        <ele>414.76</ele>
      </trkpt>
      <trkpt lat="41.29122049547732" lon="-7.73649075999856">
        <ele>414.67</ele>
      </trkpt>
      <trkpt lat="41.29122057929635" lon="-7.7364905923604965">
        <ele>414.59</ele>
      </trkpt>
      <trkpt lat="41.291220746934414" lon="-7.736490340903401">
        <ele>414.52</ele>
      </trkpt>
      <trkpt lat="41.291220830753446" lon="-7.73649025708437">
        <ele>414.46</ele>
      </trkpt>
      <trkpt lat="41.29122099839151" lon="-7.736489921808243">
        <ele>414.41</ele>
      </trkpt>
      <trkpt lat="41.29122108221054" lon="-7.736489837989211">
        <ele>414.37</ele>
      </trkpt>
      <trkpt lat="41.291234493255615" lon="-7.736456394195557">
        <ele>414.34</ele>
      </trkpt>
      <trkpt lat="41.29123801365495" lon="-7.736453460529447">
        <ele>414.32</ele>
      </trkpt>
      <trkpt lat="41.29136332310736" lon="-7.736349105834961">
        <ele>414.24</ele>
      </trkpt>
      <trkpt lat="41.291663646698" lon="-7.736327648162842">
        <ele>414.25</ele>
      </trkpt>
      <trkpt lat="41.29187822341919" lon="-7.7362847328186035">
        <ele>414.29</ele>
      </trkpt>
      <trkpt lat="41.292049968615174" lon="-7.736263275146484">
        <ele>414.38</ele>
      </trkpt>
      <trkpt lat="41.292063128203154" lon="-7.736260928213596">
        <ele>414.43</ele>
      </trkpt>
      <trkpt lat="41.292063212022185" lon="-7.736260928213596">
        <ele>414.5</ele>
      </trkpt>
      <trkpt lat="41.29206329584122" lon="-7.736260928213596">
        <ele>414.58</ele>
      </trkpt>
      <trkpt lat="41.29206337966025" lon="-7.736260928213596">
        <ele>414.68</ele>
      </trkpt>
      <trkpt lat="41.29206346347928" lon="-7.736260928213596">
        <ele>414.8</ele>
      </trkpt>
      <trkpt lat="41.29206354729831" lon="-7.736260928213596">
        <ele>414.93</ele>
      </trkpt>
      <trkpt lat="41.292063714936376" lon="-7.736260928213596">
        <ele>415.09</ele>
      </trkpt>
      <trkpt lat="41.29206396639347" lon="-7.736260928213596">
        <ele>415.26</ele>
      </trkpt>
      <trkpt lat="41.2920640502125" lon="-7.736260928213596">
        <ele>415.44</ele>
      </trkpt>
      <trkpt lat="41.29206438548863" lon="-7.736260928213596">
        <ele>415.65</ele>
      </trkpt>
      <trkpt lat="41.29206446930766" lon="-7.736260928213596">
        <ele>415.88</ele>
      </trkpt>
      <trkpt lat="41.29209715873003" lon="-7.73625573143363">
        <ele>416.14</ele>
      </trkpt>
      <trkpt lat="41.292128171771765" lon="-7.7362503670156">
        <ele>416.41</ele>
      </trkpt>
      <trkpt lat="41.29212833940983" lon="-7.7362502831965685">
        <ele>416.7</ele>
      </trkpt>
      <trkpt lat="41.29212951287627" lon="-7.736250199377537">
        <ele>417.0</ele>
      </trkpt>
      <trkpt lat="41.292130099609494" lon="-7.736250115558505">
        <ele>417.33</ele>
      </trkpt>
      <trkpt lat="41.292131608352065" lon="-7.736249947920442">
        <ele>417.67</ele>
      </trkpt>
      <trkpt lat="41.292132614180446" lon="-7.73624986410141">
        <ele>418.04</ele>
      </trkpt>
      <trkpt lat="41.29213278181851" lon="-7.73624986410141">
        <ele>418.42</ele>
      </trkpt>
      <trkpt lat="41.29213286563754" lon="-7.736249780282378">
        <ele>418.81</ele>
      </trkpt>
      <trkpt lat="41.292133620008826" lon="-7.736249780282378">
        <ele>419.23</ele>
      </trkpt>
      <trkpt lat="41.29213378764689" lon="-7.736249780282378">
        <ele>419.65</ele>
      </trkpt>
      <trkpt lat="41.29213387146592" lon="-7.7362496964633465">
        <ele>420.08</ele>
      </trkpt>
      <trkpt lat="41.292145773768425" lon="-7.7362479362636805">
        <ele>420.53</ele>
      </trkpt>
      <trkpt lat="41.292317770421505" lon="-7.736220359802246">
        <ele>421.06</ele>
      </trkpt>
      <trkpt lat="41.29258641041815" lon="-7.736177444458008">
        <ele>421.65</ele>
      </trkpt>
      <trkpt lat="41.29258632659912" lon="-7.736177444458008">
        <ele>422.1</ele>
      </trkpt>
      <trkpt lat="41.29283828660846" lon="-7.736135367304087">
        <ele>422.67</ele>
      </trkpt>
      <trkpt lat="41.29284339956939" lon="-7.7361345291137695">
        <ele>423.1</ele>
      </trkpt>
      <trkpt lat="41.29310131072998" lon="-7.736091613769531">
        <ele>423.61</ele>
      </trkpt>
      <trkpt lat="41.293315971270204" lon="-7.736027240753174">
        <ele>424.05</ele>
      </trkpt>
      <trkpt lat="41.29353046417236" lon="-7.735812664031982">
        <ele>424.47</ele>
      </trkpt>
      <trkpt lat="41.29361629486084" lon="-7.735598087310791">
        <ele>424.87</ele>
      </trkpt>
      <trkpt lat="41.29361629486084" lon="-7.735426425933838">
        <ele>425.22</ele>
      </trkpt>
      <trkpt lat="41.29354102537036" lon="-7.735168430954218">
        <ele>425.51</ele>
      </trkpt>
      <trkpt lat="41.293466091156006" lon="-7.7349114418029785">
        <ele>425.78</ele>
      </trkpt>
      <trkpt lat="41.293423008173704" lon="-7.734696362167597">
        <ele>426.05</ele>
      </trkpt>
      <trkpt lat="41.29338026046753" lon="-7.734482288360596">
        <ele>426.31</ele>
      </trkpt>
      <trkpt lat="41.29333717748523" lon="-7.734278021380305">
        <ele>426.51</ele>
      </trkpt>
      <trkpt lat="41.29329442977905" lon="-7.734074592590332">
        <ele>426.68</ele>
      </trkpt>
      <trkpt lat="41.29322988912463" lon="-7.7338488679379225">
        <ele>426.79</ele>
      </trkpt>
      <trkpt lat="41.29316568374634" lon="-7.73362398147583">
        <ele>426.88</ele>
      </trkpt>
      <trkpt lat="41.29303677007556" lon="-7.733312342315912">
        <ele>427.04</ele>
      </trkpt>
      <trkpt lat="41.29290827549994" lon="-7.733001708984375">
        <ele>427.17</ele>
      </trkpt>
      <trkpt lat="41.29290819168091" lon="-7.733001708984375">
        <ele>427.27</ele>
      </trkpt>
      <trkpt lat="41.29283292219043" lon="-7.732711443677545">
        <ele>427.33</ele>
      </trkpt>
      <trkpt lat="41.292757987976074" lon="-7.732422351837158">
        <ele>427.42</ele>
      </trkpt>
      <trkpt lat="41.29266486503184" lon="-7.732171565294266">
        <ele>427.45</ele>
      </trkpt>
      <trkpt lat="41.2925717420876" lon="-7.731920862570405">
        <ele>427.49</ele>
      </trkpt>
      <trkpt lat="41.29247912205756" lon="-7.731671333312988">
        <ele>427.47</ele>
      </trkpt>
      <trkpt lat="41.29244685173035" lon="-7.731445524841547">
        <ele>427.49</ele>
      </trkpt>
      <trkpt lat="41.2924147490412" lon="-7.731220722198486">
        <ele>427.45</ele>
      </trkpt>
      <trkpt lat="41.29241466522217" lon="-7.731220722198486">
        <ele>427.42</ele>
      </trkpt>
      <trkpt lat="41.2923716660589" lon="-7.730951914563775">
        <ele>427.43</ele>
      </trkpt>
      <trkpt lat="41.29232891835272" lon="-7.730684280395508">
        <ele>427.44</ele>
      </trkpt>
      <trkpt lat="41.29232883453369" lon="-7.730684280395508">
        <ele>427.36</ele>
      </trkpt>
      <trkpt lat="41.29226429387927" lon="-7.730286391451955">
        <ele>427.3</ele>
      </trkpt>
      <trkpt lat="41.29220017232001" lon="-7.7298903465271">
        <ele>427.16</ele>
      </trkpt>
      <trkpt lat="41.29220008850098" lon="-7.7298903465271">
        <ele>427.03</ele>
      </trkpt>
      <trkpt lat="41.29206396639347" lon="-7.72957518696785">
        <ele>426.82</ele>
      </trkpt>
      <trkpt lat="41.291927844285965" lon="-7.7292600274086">
        <ele>426.64</ele>
      </trkpt>
      <trkpt lat="41.29179239273071" lon="-7.728946208953857">
        <ele>426.49</ele>
      </trkpt>
      <trkpt lat="41.29168518818915" lon="-7.728796005249023">
        <ele>426.31</ele>
      </trkpt>
      <trkpt lat="41.29168510437012" lon="-7.728796005249023">
        <ele>426.13</ele>
      </trkpt>
      <trkpt lat="41.29159927368164" lon="-7.728602886199951">
        <ele>425.99</ele>
      </trkpt>
      <trkpt lat="41.29148100502789" lon="-7.7282697055488825">
        <ele>425.85</ele>
      </trkpt>
      <trkpt lat="41.29136323928833" lon="-7.727937698364258">
        <ele>425.6</ele>
      </trkpt>
      <trkpt lat="41.29134169779718" lon="-7.727643745020032">
        <ele>425.38</ele>
      </trkpt>
      <trkpt lat="41.29132015630603" lon="-7.727349791675806">
        <ele>425.19</ele>
      </trkpt>
      <trkpt lat="41.29129886627197" lon="-7.727057933807373">
        <ele>424.97</ele>
      </trkpt>
      <trkpt lat="41.29122359678149" lon="-7.7267892099916935">
        <ele>424.71</ele>
      </trkpt>
      <trkpt lat="41.29114866256714" lon="-7.7265214920043945">
        <ele>424.46</ele>
      </trkpt>
      <trkpt lat="41.29107347689569" lon="-7.7263064961880445">
        <ele>424.22</ele>
      </trkpt>
      <trkpt lat="41.290998542681336" lon="-7.726092338562012">
        <ele>424.03</ele>
      </trkpt>
      <trkpt lat="41.290998458862305" lon="-7.726092338562012">
        <ele>423.82</ele>
      </trkpt>
      <trkpt lat="41.290912544354796" lon="-7.7258774265646935">
        <ele>423.65</ele>
      </trkpt>
      <trkpt lat="41.29082688130438" lon="-7.725663185119629">
        <ele>423.5</ele>
      </trkpt>
      <trkpt lat="41.290762508288026" lon="-7.725512981414795">
        <ele>423.3</ele>
      </trkpt>
      <trkpt lat="41.29069813527167" lon="-7.725341320037842">
        <ele>423.1</ele>
      </trkpt>
      <trkpt lat="41.29063359461725" lon="-7.725147865712643">
        <ele>422.93</ele>
      </trkpt>
      <trkpt lat="41.29056930541992" lon="-7.724955081939697">
        <ele>422.77</ele>
      </trkpt>
      <trkpt lat="41.29056930541992" lon="-7.724664732813835">
        <ele>422.68</ele>
      </trkpt>
      <trkpt lat="41.29056930541992" lon="-7.7243757247924805">
        <ele>422.61</ele>
      </trkpt>
      <trkpt lat="41.29049403592944" lon="-7.724107000976801">
        <ele>422.54</ele>
      </trkpt>
      <trkpt lat="41.29041910171509" lon="-7.723839282989502">
        <ele>422.45</ele>
      </trkpt>
      <trkpt lat="41.29033327102661" lon="-7.723538875579834">
        <ele>422.42</ele>
      </trkpt>
      <trkpt lat="41.2903010006994" lon="-7.723183985799551">
        <ele>422.39</ele>
      </trkpt>
      <trkpt lat="41.290268898010254" lon="-7.722830772399902">
        <ele>422.43</ele>
      </trkpt>
      <trkpt lat="41.29018315114081" lon="-7.7225518226623535">
        <ele>422.51</ele>
      </trkpt>
      <trkpt lat="41.29014023579657" lon="-7.722530364990234">
        <ele>422.65</ele>
      </trkpt>
      <trkpt lat="41.29011869430542" lon="-7.722508907318115">
        <ele>422.85</ele>
      </trkpt>
      <trkpt lat="41.2900972366333" lon="-7.7224016189575195">
        <ele>423.1</ele>
      </trkpt>
      <trkpt lat="41.29014015197754" lon="-7.7222514152526855">
        <ele>423.42</ele>
      </trkpt>
      <trkpt lat="41.29016160964966" lon="-7.722229957580566">
        <ele>423.8</ele>
      </trkpt>
      <trkpt lat="41.290247440338135" lon="-7.721908092498779">
        <ele>424.29</ele>
      </trkpt>
      <trkpt lat="41.290290439501405" lon="-7.721607014536858">
        <ele>424.83</ele>
      </trkpt>
      <trkpt lat="41.290309550240636" lon="-7.7214733231812716">
        <ele>425.43</ele>
      </trkpt>
      <trkpt lat="41.29033335484564" lon="-7.721307277679443">
        <ele>426.13</ele>
      </trkpt>
      <trkpt lat="41.29031181335449" lon="-7.72113561630249">
        <ele>426.92</ele>
      </trkpt>
      <trkpt lat="41.290225982666016" lon="-7.7210283279418945">
        <ele>427.73</ele>
      </trkpt>
      <trkpt lat="41.29007586278021" lon="-7.7208781242370605">
        <ele>428.59</ele>
      </trkpt>
      <trkpt lat="41.290032947435975" lon="-7.720835208892822">
        <ele>429.53</ele>
      </trkpt>
      <trkpt lat="41.28986128605902" lon="-7.720663547515869">
        <ele>430.6</ele>
      </trkpt>
      <trkpt lat="41.28967889584601" lon="-7.720491886138916">
        <ele>431.74</ele>
      </trkpt>
      <trkpt lat="41.289496421813965" lon="-7.720320224761963">
        <ele>432.94</ele>
      </trkpt>
      <trkpt lat="41.2893892172724" lon="-7.720170021057129">
        <ele>434.23</ele>
      </trkpt>
      <trkpt lat="41.28938913345337" lon="-7.720170021057129">
        <ele>435.54</ele>
      </trkpt>
      <trkpt lat="41.289238929748535" lon="-7.719848155975342">
        <ele>437.02</ele>
      </trkpt>
      <trkpt lat="41.289152931421995" lon="-7.719590160995722">
        <ele>438.48</ele>
      </trkpt>
      <trkpt lat="41.28906726837158" lon="-7.719333171844482">
        <ele>440.01</ele>
      </trkpt>
      <trkpt lat="41.28900272771716" lon="-7.719085905700922">
        <ele>441.65</ele>
      </trkpt>
      <trkpt lat="41.28893852233887" lon="-7.718839645385742">
        <ele>443.39</ele>
      </trkpt>
      <trkpt lat="41.28890625201166" lon="-7.7185815665870905">
        <ele>445.17</ele>
      </trkpt>
      <trkpt lat="41.28887414932251" lon="-7.718324661254883">
        <ele>446.96</ele>
      </trkpt>
      <trkpt lat="41.28878831863403" lon="-7.718067169189453">
        <ele>448.8</ele>
      </trkpt>
      <trkpt lat="41.288734590634704" lon="-7.717723092064261">
        <ele>450.8</ele>
      </trkpt>
      <trkpt lat="41.28868111409247" lon="-7.717380523681641">
        <ele>452.82</ele>
      </trkpt>
      <trkpt lat="41.28865957260132" lon="-7.717316150665283">
        <ele>454.72</ele>
      </trkpt>
      <trkpt lat="41.28863819874823" lon="-7.717230319976807">
        <ele>456.62</ele>
      </trkpt>
      <trkpt lat="41.28857374191284" lon="-7.7170586585998535">
        <ele>458.62</ele>
      </trkpt>
      <trkpt lat="41.2886381149292" lon="-7.716951370239258">
        <ele>460.5</ele>
      </trkpt>
      <trkpt lat="41.28865957260132" lon="-7.716844081878662">
        <ele>462.4</ele>
      </trkpt>
      <trkpt lat="41.28865957260132" lon="-7.716479301452637">
        <ele>464.39</ele>
      </trkpt>
      <trkpt lat="41.288645239546895" lon="-7.716192472726107">
        <ele>466.36</ele>
      </trkpt>
      <trkpt lat="41.28863090649247" lon="-7.715905727818608">
        <ele>468.32</ele>
      </trkpt>
      <trkpt lat="41.28861674107611" lon="-7.715620994567871">
        <ele>470.25</ele>
      </trkpt>
      <trkpt lat="41.28861665725708" lon="-7.715213298797607">
        <ele>472.12</ele>
      </trkpt>
      <trkpt lat="41.28857374191284" lon="-7.714955806732178">
        <ele>473.9</ele>
      </trkpt>
      <trkpt lat="41.28845555707812" lon="-7.7146118972450495">
        <ele>475.73</ele>
      </trkpt>
      <trkpt lat="41.28833779133856" lon="-7.714269161224365">
        <ele>477.52</ele>
      </trkpt>
      <trkpt lat="41.28833770751953" lon="-7.714269161224365">
        <ele>479.16</ele>
      </trkpt>
      <trkpt lat="41.28833770751953" lon="-7.714032540097833">
        <ele>480.74</ele>
      </trkpt>
      <trkpt lat="41.28833770751953" lon="-7.713797092437744">
        <ele>482.25</ele>
      </trkpt>
      <trkpt lat="41.28829479217529" lon="-7.713582515716553">
        <ele>483.77</ele>
      </trkpt>
      <trkpt lat="41.28810863010585" lon="-7.713260315358639">
        <ele>485.38</ele>
      </trkpt>
      <trkpt lat="41.28792246803641" lon="-7.7129381988197565">
        <ele>486.84</ele>
      </trkpt>
      <trkpt lat="41.287736892700195" lon="-7.712616920471191">
        <ele>488.22</ele>
      </trkpt>
      <trkpt lat="41.28760823048651" lon="-7.712488174438477">
        <ele>489.55</ele>
      </trkpt>
      <trkpt lat="41.28742600791156" lon="-7.712413156405091">
        <ele>490.84</ele>
      </trkpt>
      <trkpt lat="41.287243366241455" lon="-7.712337970733643">
        <ele>492.02</ele>
      </trkpt>
      <trkpt lat="41.28709324635565" lon="-7.7121663093566895">
        <ele>493.05</ele>
      </trkpt>
      <trkpt lat="41.286964416503906" lon="-7.712016021832824">
        <ele>493.93</ele>
      </trkpt>
      <trkpt lat="41.28683575429022" lon="-7.7118659019470215">
        <ele>494.78</ele>
      </trkpt>
      <trkpt lat="41.286792838945985" lon="-7.711737155914307">
        <ele>495.52</ele>
      </trkpt>
      <trkpt lat="41.286749839782715" lon="-7.711544036865234">
        <ele>496.18</ele>
      </trkpt>
      <trkpt lat="41.286749839782715" lon="-7.711350917816162">
        <ele>496.76</ele>
      </trkpt>
      <trkpt lat="41.286803567782044" lon="-7.711135921999812">
        <ele>497.3</ele>
      </trkpt>
      <trkpt lat="41.28685712814331" lon="-7.710921764373779">
        <ele>497.83</ele>
      </trkpt>
      <trkpt lat="41.28685712814331" lon="-7.710673995316029">
        <ele>498.32</ele>
      </trkpt>
      <trkpt lat="41.28685712814331" lon="-7.710449695587158">
        <ele>498.76</ele>
      </trkpt>
      <trkpt lat="41.286805495619774" lon="-7.710210727527738">
        <ele>499.13</ele>
      </trkpt>
      <trkpt lat="41.286805495619774" lon="-7.710210643708706">
        <ele>499.39</ele>
      </trkpt>
      <trkpt lat="41.286805495619774" lon="-7.710210559889674">
        <ele>499.62</ele>
      </trkpt>
      <trkpt lat="41.286805495619774" lon="-7.710210392251611">
        <ele>499.82</ele>
      </trkpt>
      <trkpt lat="41.286805495619774" lon="-7.710210308432579">
        <ele>499.98</ele>
      </trkpt>
      <trkpt lat="41.286805495619774" lon="-7.710210140794516">
        <ele>500.13</ele>
      </trkpt>
      <trkpt lat="41.286805495619774" lon="-7.7102098893374205">
        <ele>500.26</ele>
      </trkpt>
      <trkpt lat="41.286805495619774" lon="-7.710209637880325">
        <ele>500.38</ele>
      </trkpt>
      <trkpt lat="41.286805495619774" lon="-7.71020938642323">
        <ele>500.5</ele>
      </trkpt>
      <trkpt lat="41.28680541180074" lon="-7.710209051147103">
        <ele>500.64</ele>
      </trkpt>
      <trkpt lat="41.28680541180074" lon="-7.710208799690008">
        <ele>500.78</ele>
      </trkpt>
      <trkpt lat="41.28679652698338" lon="-7.710167141631246">
        <ele>500.95</ele>
      </trkpt>
      <trkpt lat="41.28679275512695" lon="-7.71014928817749">
        <ele>501.15</ele>
      </trkpt>
      <trkpt lat="41.28678194247186" lon="-7.710132021456957">
        <ele>501.38</ele>
      </trkpt>
      <trkpt lat="41.286781104281545" lon="-7.710130596533418">
        <ele>501.65</ele>
      </trkpt>
      <trkpt lat="41.28678076900542" lon="-7.710130009800196">
        <ele>501.97</ele>
      </trkpt>
      <trkpt lat="41.28677976317704" lon="-7.710128417238593">
        <ele>502.34</ele>
      </trkpt>
      <trkpt lat="41.286779176443815" lon="-7.710127495229244">
        <ele>502.77</ele>
      </trkpt>
      <trkpt lat="41.28677909262478" lon="-7.710127327591181">
        <ele>503.26</ele>
      </trkpt>
      <trkpt lat="41.28677850589156" lon="-7.710126405581832">
        <ele>503.82</ele>
      </trkpt>
      <trkpt lat="41.2867783382535" lon="-7.710126154124737">
        <ele>504.44</ele>
      </trkpt>
      <trkpt lat="41.28677071072161" lon="-7.710113832727075">
        <ele>505.14</ele>
      </trkpt>
      <trkpt lat="41.28659234382212" lon="-7.709827171638608">
        <ele>505.93</ele>
      </trkpt>
      <trkpt lat="41.28639193251729" lon="-7.709505055099726">
        <ele>506.83</ele>
      </trkpt>
      <trkpt lat="41.28619202412665" lon="-7.709183692932129">
        <ele>507.76</ele>
      </trkpt>
      <trkpt lat="41.28614910878241" lon="-7.7091193199157715">
        <ele>508.76</ele>
      </trkpt>
      <trkpt lat="41.28599865362048" lon="-7.708850763738155">
        <ele>509.88</ele>
      </trkpt>
      <trkpt lat="41.28584861755371" lon="-7.708582878112793">
        <ele>511.17</ele>
      </trkpt>
      <trkpt lat="41.285784328356385" lon="-7.70841121673584">
        <ele>512.49</ele>
      </trkpt>
      <trkpt lat="41.285784328356385" lon="-7.7080464363098145">
        <ele>513.99</ele>
      </trkpt>
      <trkpt lat="41.28578424453735" lon="-7.7080464363098145">
        <ele>515.28</ele>
      </trkpt>
      <trkpt lat="41.28582724370062" lon="-7.707831859588623">
        <ele>516.71</ele>
      </trkpt>
      <trkpt lat="41.28584870137274" lon="-7.707788944244385">
        <ele>518.08</ele>
      </trkpt>
      <trkpt lat="41.28593444824219" lon="-7.707617282867432">
        <ele>519.55</ele>
      </trkpt>
      <trkpt lat="41.28607383929193" lon="-7.707499265670776">
        <ele>520.96</ele>
      </trkpt>
      <trkpt lat="41.286213397979736" lon="-7.707381248474121">
        <ele>522.45</ele>
      </trkpt>
      <trkpt lat="41.286353040486574" lon="-7.707112692296505">
        <ele>524.06</ele>
      </trkpt>
      <trkpt lat="41.28649243153632" lon="-7.706844806671143">
        <ele>525.62</ele>
      </trkpt>
      <trkpt lat="41.28664255142212" lon="-7.706608772277832">
        <ele>527.17</ele>
      </trkpt>
      <trkpt lat="41.28685721196234" lon="-7.706501483917236">
        <ele>528.71</ele>
      </trkpt>
      <trkpt lat="41.28703926689923" lon="-7.7064478397369385">
        <ele>530.17</ele>
      </trkpt>
      <trkpt lat="41.287221908569336" lon="-7.706394195556641">
        <ele>531.58</ele>
      </trkpt>
      <trkpt lat="41.28732919692993" lon="-7.706308364868164">
        <ele>532.99</ele>
      </trkpt>
      <trkpt lat="41.28743648529053" lon="-7.70615816116333">
        <ele>534.44</ele>
      </trkpt>
      <trkpt lat="41.287565315142274" lon="-7.705857753753662">
        <ele>535.94</ele>
      </trkpt>
      <trkpt lat="41.28758668899536" lon="-7.705729007720947">
        <ele>537.31</ele>
      </trkpt>
      <trkpt lat="41.28766187466681" lon="-7.705428013578057">
        <ele>538.73</ele>
      </trkpt>
      <trkpt lat="41.287736892700195" lon="-7.705128192901611">
        <ele>540.07</ele>
      </trkpt>
      <trkpt lat="41.287747621536255" lon="-7.704805573448539">
        <ele>541.39</ele>
      </trkpt>
      <trkpt lat="41.287758350372314" lon="-7.704484462738037">
        <ele>542.57</ele>
      </trkpt>
      <trkpt lat="41.287715435028076" lon="-7.704248428344727">
        <ele>543.72</ele>
      </trkpt>
      <trkpt lat="41.2876296043396" lon="-7.704076766967773">
        <ele>544.82</ele>
      </trkpt>
      <trkpt lat="41.28754377365112" lon="-7.703969478607178">
        <ele>545.87</ele>
      </trkpt>
      <trkpt lat="41.2873721960932" lon="-7.703862190246582">
        <ele>546.94</ele>
      </trkpt>
      <trkpt lat="41.28737211227417" lon="-7.703862190246582">
        <ele>547.89</ele>
      </trkpt>
      <trkpt lat="41.28718980588019" lon="-7.703754985705018">
        <ele>548.88</ele>
      </trkpt>
      <trkpt lat="41.287007331848145" lon="-7.703647613525391">
        <ele>549.79</ele>
      </trkpt>
      <trkpt lat="41.28692150115967" lon="-7.703518867492676">
        <ele>550.61</ele>
      </trkpt>
      <trkpt lat="41.28684765659273" lon="-7.703253077343106">
        <ele>551.39</ele>
      </trkpt>
      <trkpt lat="41.28681421279907" lon="-7.703132629394531">
        <ele>552.14</ele>
      </trkpt>
      <trkpt lat="41.28670700825751" lon="-7.702875137329102">
        <ele>552.89</ele>
      </trkpt>
      <trkpt lat="41.28644943237305" lon="-7.702767848968506">
        <ele>553.7</ele>
      </trkpt>
      <trkpt lat="41.28619202412665" lon="-7.702596187591553">
        <ele>554.42</ele>
      </trkpt>
      <trkpt lat="41.28598457202315" lon="-7.702410276979208">
        <ele>555.07</ele>
      </trkpt>
      <trkpt lat="41.28577720373869" lon="-7.702224366366863">
        <ele>555.62</ele>
      </trkpt>
      <trkpt lat="41.285669915378094" lon="-7.702128142118454">
        <ele>556.21</ele>
      </trkpt>
      <trkpt lat="41.28556966781616" lon="-7.702038288116455">
        <ele>556.74</ele>
      </trkpt>
      <trkpt lat="41.28533363342285" lon="-7.702038288116455">
        <ele>557.29</ele>
      </trkpt>
      <trkpt lat="41.28531217575073" lon="-7.702059745788574">
        <ele>557.81</ele>
      </trkpt>
      <trkpt lat="41.285226345062256" lon="-7.702059745788574">
        <ele>558.31</ele>
      </trkpt>
      <trkpt lat="41.2851619720459" lon="-7.7019524574279785">
        <ele>558.79</ele>
      </trkpt>
      <trkpt lat="41.2851619720459" lon="-7.701930999755859">
        <ele>559.26</ele>
      </trkpt>
      <trkpt lat="41.2851255107671" lon="-7.701784987002611">
        <ele>559.72</ele>
      </trkpt>
      <trkpt lat="41.28511914052069" lon="-7.701759338378906">
        <ele>560.19</ele>
      </trkpt>
      <trkpt lat="41.285033226013184" lon="-7.701566219329834">
        <ele>560.68</ele>
      </trkpt>
      <trkpt lat="41.28488310612738" lon="-7.701437473297119">
        <ele>561.18</ele>
      </trkpt>
      <trkpt lat="41.28473290242255" lon="-7.701308727264404">
        <ele>561.71</ele>
      </trkpt>
      <trkpt lat="41.28462561406195" lon="-7.701201438903809">
        <ele>562.19</ele>
      </trkpt>
      <trkpt lat="41.284518325701356" lon="-7.701094150543213">
        <ele>562.71</ele>
      </trkpt>
      <trkpt lat="41.284518241882324" lon="-7.701094150543213">
        <ele>563.2</ele>
      </trkpt>
      <trkpt lat="41.284317998215556" lon="-7.700908156111836">
        <ele>563.75</ele>
      </trkpt>
      <trkpt lat="41.28411775454879" lon="-7.700722245499492">
        <ele>564.27</ele>
      </trkpt>
      <trkpt lat="41.28391742706299" lon="-7.700536251068115">
        <ele>564.87</ele>
      </trkpt>
      <trkpt lat="41.28371341153979" lon="-7.7002248633652925">
        <ele>565.5</ele>
      </trkpt>
      <trkpt lat="41.283509815111756" lon="-7.69991397857666">
        <ele>566.12</ele>
      </trkpt>
      <trkpt lat="41.283509731292725" lon="-7.69991397857666">
        <ele>566.65</ele>
      </trkpt>
      <trkpt lat="41.28342390060425" lon="-7.6996564865112305">
        <ele>567.16</ele>
      </trkpt>
      <trkpt lat="41.28338098526001" lon="-7.699377536773682">
        <ele>567.72</ele>
      </trkpt>
      <trkpt lat="41.28338106907904" lon="-7.699313163757324">
        <ele>568.26</ele>
      </trkpt>
      <trkpt lat="41.2833487149328" lon="-7.698926003649831">
        <ele>568.91</ele>
      </trkpt>
      <trkpt lat="41.28331661224365" lon="-7.698540687561035">
        <ele>569.63</ele>
      </trkpt>
      <trkpt lat="41.28320932388306" lon="-7.698261737823486">
        <ele>570.22</ele>
      </trkpt>
      <trkpt lat="41.283037746325135" lon="-7.697961330413818">
        <ele>570.76</ele>
      </trkpt>
      <trkpt lat="41.282812440767884" lon="-7.697725296020508">
        <ele>571.37</ele>
      </trkpt>
      <trkpt lat="41.28258713521063" lon="-7.697489261627197">
        <ele>571.93</ele>
      </trkpt>
      <trkpt lat="41.28240114077926" lon="-7.697281809523702">
        <ele>572.47</ele>
      </trkpt>
      <trkpt lat="41.28221514634788" lon="-7.697074357420206">
        <ele>573.0</ele>
      </trkpt>
      <trkpt lat="41.282029235735536" lon="-7.696866989135742">
        <ele>573.46</ele>
      </trkpt>
      <trkpt lat="41.28180384635925" lon="-7.69662014208734">
        <ele>573.93</ele>
      </trkpt>
      <trkpt lat="41.281578540802" lon="-7.69637337885797">
        <ele>574.39</ele>
      </trkpt>
      <trkpt lat="41.28135323524475" lon="-7.6961266156286">
        <ele>574.85</ele>
      </trkpt>
      <trkpt lat="41.28112801350653" lon="-7.695879936218262">
        <ele>575.39</ele>
      </trkpt>
      <trkpt lat="41.2811279296875" lon="-7.695879936218262">
        <ele>575.94</ele>
      </trkpt>
      <trkpt lat="41.28090790472925" lon="-7.6956223603338">
        <ele>576.51</ele>
      </trkpt>
      <trkpt lat="41.280687963590026" lon="-7.695364784449339">
        <ele>577.11</ele>
      </trkpt>
      <trkpt lat="41.2805253546685" lon="-7.695174515247345">
        <ele>577.74</ele>
      </trkpt>
      <trkpt lat="41.28046793863177" lon="-7.695107292383909">
        <ele>578.34</ele>
      </trkpt>
      <trkpt lat="41.280248165130615" lon="-7.694849967956543">
        <ele>579.02</ele>
      </trkpt>
      <trkpt lat="41.2801194190979" lon="-7.694528102874756">
        <ele>579.71</ele>
      </trkpt>
      <trkpt lat="41.28010869026184" lon="-7.694313023239374">
        <ele>580.35</ele>
      </trkpt>
      <trkpt lat="41.28009804524481" lon="-7.694098949432373">
        <ele>581.02</ele>
      </trkpt>
      <trkpt lat="41.28015168942511" lon="-7.693797871470451">
        <ele>581.72</ele>
      </trkpt>
      <trkpt lat="41.28020524978638" lon="-7.693498134613037">
        <ele>582.36</ele>
      </trkpt>
      <trkpt lat="41.28016233444214" lon="-7.693326473236084">
        <ele>582.95</ele>
      </trkpt>
      <trkpt lat="41.280055129900575" lon="-7.693047523498535">
        <ele>583.52</ele>
      </trkpt>
      <trkpt lat="41.280000898987055" lon="-7.692885082215071">
        <ele>584.1</ele>
      </trkpt>
      <trkpt lat="41.279979860410094" lon="-7.692821798846126">
        <ele>584.67</ele>
      </trkpt>
      <trkpt lat="41.27990492619574" lon="-7.692596912384033">
        <ele>585.25</ele>
      </trkpt>
      <trkpt lat="41.2797652836889" lon="-7.692382168024778">
        <ele>585.8</ele>
      </trkpt>
      <trkpt lat="41.27962597645819" lon="-7.69216775894165">
        <ele>586.34</ele>
      </trkpt>
      <trkpt lat="41.279540061950684" lon="-7.692060470581055">
        <ele>586.86</ele>
      </trkpt>
      <trkpt lat="41.27947577275336" lon="-7.691953182220459">
        <ele>587.35</ele>
      </trkpt>
      <trkpt lat="41.279282569885254" lon="-7.691652774810791">
        <ele>587.84</ele>
      </trkpt>
      <trkpt lat="41.279239654541016" lon="-7.691459655761719">
        <ele>588.3</ele>
      </trkpt>
      <trkpt lat="41.27926119603217" lon="-7.691245079040527">
        <ele>588.75</ele>
      </trkpt>
      <trkpt lat="41.27930402755737" lon="-7.691030502319336">
        <ele>589.18</ele>
      </trkpt>
      <trkpt lat="41.27936840057373" lon="-7.69068717956543">
        <ele>589.6</ele>
      </trkpt>
      <trkpt lat="41.27943277359009" lon="-7.690365314483643">
        <ele>590.04</ele>
      </trkpt>
      <trkpt lat="41.279493290930986" lon="-7.690069265663624">
        <ele>590.4</ele>
      </trkpt>
      <trkpt lat="41.27955364063382" lon="-7.6897745579481125">
        <ele>590.76</ele>
      </trkpt>
      <trkpt lat="41.27955364063382" lon="-7.689774474129081">
        <ele>591.06</ele>
      </trkpt>
      <trkpt lat="41.27962589263916" lon="-7.6894211769104">
        <ele>591.38</ele>
      </trkpt>
      <trkpt lat="41.27965682186186" lon="-7.689258735626936">
        <ele>591.63</ele>
      </trkpt>
      <trkpt lat="41.279656905680895" lon="-7.689258735626936">
        <ele>591.84</ele>
      </trkpt>
      <trkpt lat="41.27965698949993" lon="-7.689258651807904">
        <ele>592.02</ele>
      </trkpt>
      <trkpt lat="41.27965707331896" lon="-7.689258484169841">
        <ele>592.16</ele>
      </trkpt>
      <trkpt lat="41.27965715713799" lon="-7.689258484169841">
        <ele>592.28</ele>
      </trkpt>
      <trkpt lat="41.27965724095702" lon="-7.689258316531777">
        <ele>592.37</ele>
      </trkpt>
      <trkpt lat="41.27965732477605" lon="-7.689258148893714">
        <ele>592.42</ele>
      </trkpt>
      <trkpt lat="41.279657408595085" lon="-7.689257813617587">
        <ele>592.45</ele>
      </trkpt>
      <trkpt lat="41.27965749241412" lon="-7.689257645979524">
        <ele>592.44</ele>
      </trkpt>
      <trkpt lat="41.27965757623315" lon="-7.689257310703397">
        <ele>592.41</ele>
      </trkpt>
      <trkpt lat="41.27965766005218" lon="-7.689257059246302">
        <ele>592.34</ele>
      </trkpt>
      <trkpt lat="41.27966587431729" lon="-7.689214898273349">
        <ele>592.25</ele>
      </trkpt>
      <trkpt lat="41.27967366948724" lon="-7.689175168052316">
        <ele>592.12</ele>
      </trkpt>
      <trkpt lat="41.27967375330627" lon="-7.689175168052316">
        <ele>591.97</ele>
      </trkpt>
      <trkpt lat="41.27967417240143" lon="-7.68917340785265">
        <ele>591.8</ele>
      </trkpt>
      <trkpt lat="41.27967425622046" lon="-7.6891731563955545">
        <ele>591.6</ele>
      </trkpt>
      <trkpt lat="41.27967467531562" lon="-7.689171060919762">
        <ele>591.38</ele>
      </trkpt>
      <trkpt lat="41.27967484295368" lon="-7.689170306548476">
        <ele>591.14</ele>
      </trkpt>
      <trkpt lat="41.279674926772714" lon="-7.689170138910413">
        <ele>590.87</ele>
      </trkpt>
      <trkpt lat="41.279675010591745" lon="-7.689170138910413">
        <ele>590.59</ele>
      </trkpt>
      <trkpt lat="41.27967517822981" lon="-7.689169468358159">
        <ele>590.29</ele>
      </trkpt>
      <trkpt lat="41.27967517822981" lon="-7.689169216901064">
        <ele>589.98</ele>
      </trkpt>
      <trkpt lat="41.27967526204884" lon="-7.689169216901064">
        <ele>589.65</ele>
      </trkpt>
      <trkpt lat="41.27967827953398" lon="-7.689154213294387">
        <ele>589.31</ele>
      </trkpt>
      <trkpt lat="41.279746843501925" lon="-7.688806112855673">
        <ele>588.92</ele>
      </trkpt>
      <trkpt lat="41.27981532365084" lon="-7.6884580962359905">
        <ele>588.53</ele>
      </trkpt>
      <trkpt lat="41.27988338470459" lon="-7.688112258911133">
        <ele>588.14</ele>
      </trkpt>
      <trkpt lat="41.279920265078545" lon="-7.687933724373579">
        <ele>587.76</ele>
      </trkpt>
      <trkpt lat="41.27994784153998" lon="-7.6878004521131516">
        <ele>587.39</ele>
      </trkpt>
      <trkpt lat="41.280012130737305" lon="-7.687489986419678">
        <ele>587.03</ele>
      </trkpt>
      <trkpt lat="41.28009796142578" lon="-7.687232494354248">
        <ele>586.66</ele>
      </trkpt>
      <trkpt lat="41.28024824894965" lon="-7.68693208694458">
        <ele>586.28</ele>
      </trkpt>
      <trkpt lat="41.28033399581909" lon="-7.686738967895508">
        <ele>586.01</ele>
      </trkpt>
      <trkpt lat="41.28035545349121" lon="-7.686567306518555">
        <ele>585.78</ele>
      </trkpt>
      <trkpt lat="41.28033399581909" lon="-7.686309814453125">
        <ele>585.57</ele>
      </trkpt>
      <trkpt lat="41.280240789055824" lon="-7.6860160287469625">
        <ele>585.29</ele>
      </trkpt>
      <trkpt lat="41.28014766611159" lon="-7.6857222430408">
        <ele>585.06</ele>
      </trkpt>
      <trkpt lat="41.28005504608154" lon="-7.68543004989624">
        <ele>584.89</ele>
      </trkpt>
      <trkpt lat="41.27995831891894" lon="-7.685172138735652">
        <ele>584.68</ele>
      </trkpt>
      <trkpt lat="41.27986192703247" lon="-7.684915065765381">
        <ele>584.57</ele>
      </trkpt>
      <trkpt lat="41.27968297339976" lon="-7.6846645306795835">
        <ele>584.4</ele>
      </trkpt>
      <trkpt lat="41.27950410358608" lon="-7.684414079412818">
        <ele>584.29</ele>
      </trkpt>
      <trkpt lat="41.27932548522949" lon="-7.684164047241211">
        <ele>584.27</ele>
      </trkpt>
      <trkpt lat="41.27911099232733" lon="-7.683999594300985">
        <ele>584.18</ele>
      </trkpt>
      <trkpt lat="41.27889649942517" lon="-7.68383514136076">
        <ele>584.09</ele>
      </trkpt>
      <trkpt lat="41.27868175506592" lon="-7.683670520782471">
        <ele>584.1</ele>
      </trkpt>
      <trkpt lat="41.278488636016846" lon="-7.683413028717041">
        <ele>584.19</ele>
      </trkpt>
      <trkpt lat="41.27844572067261" lon="-7.683112621307373">
        <ele>584.3</ele>
      </trkpt>
      <trkpt lat="41.27846717834473" lon="-7.68294095993042">
        <ele>584.44</ele>
      </trkpt>
      <trkpt lat="41.2785530090332" lon="-7.682769298553467">
        <ele>584.68</ele>
      </trkpt>
      <trkpt lat="41.278735399246216" lon="-7.682522367686033">
        <ele>584.98</ele>
      </trkpt>
      <trkpt lat="41.27891778945923" lon="-7.682275772094727">
        <ele>585.38</ele>
      </trkpt>
      <trkpt lat="41.278982162475586" lon="-7.682039737701416">
        <ele>585.75</ele>
      </trkpt>
      <trkpt lat="41.27893933095038" lon="-7.681825160980225">
        <ele>586.14</ele>
      </trkpt>
      <trkpt lat="41.27885341644287" lon="-7.68169641494751">
        <ele>586.6</ele>
      </trkpt>
      <trkpt lat="41.278767585754395" lon="-7.6816534996032715">
        <ele>587.07</ele>
      </trkpt>
      <trkpt lat="41.278467597439885" lon="-7.6816856022924185">
        <ele>587.52</ele>
      </trkpt>
      <trkpt lat="41.27816677093506" lon="-7.681717872619629">
        <ele>588.04</ele>
      </trkpt>
      <trkpt lat="41.27800600603223" lon="-7.681674957275391">
        <ele>588.64</ele>
      </trkpt>
      <trkpt lat="41.27784490585327" lon="-7.681632041931152">
        <ele>589.15</ele>
      </trkpt>
      <trkpt lat="41.277630580589175" lon="-7.6815462950617075">
        <ele>589.74</ele>
      </trkpt>
      <trkpt lat="41.27741625532508" lon="-7.681460548192263">
        <ele>590.33</ele>
      </trkpt>
      <trkpt lat="41.2772011756897" lon="-7.681374549865723">
        <ele>590.82</ele>
      </trkpt>
      <trkpt lat="41.277029514312744" lon="-7.6812028884887695">
        <ele>591.36</ele>
      </trkpt>
      <trkpt lat="41.276986598968506" lon="-7.681031227111816">
        <ele>591.92</ele>
      </trkpt>
      <trkpt lat="41.276986598968506" lon="-7.680859565734863">
        <ele>592.48</ele>
      </trkpt>
      <trkpt lat="41.277115512639284" lon="-7.680501323193312">
        <ele>593.11</ele>
      </trkpt>
      <trkpt lat="41.27724442631006" lon="-7.680143164470792">
        <ele>593.74</ele>
      </trkpt>
      <trkpt lat="41.27737283706665" lon="-7.679786682128906">
        <ele>594.41</ele>
      </trkpt>
      <trkpt lat="41.27741575241089" lon="-7.679486274719238">
        <ele>595.0</ele>
      </trkpt>
      <trkpt lat="41.27739429473877" lon="-7.679271697998047">
        <ele>595.47</ele>
      </trkpt>
      <trkpt lat="41.27727602608502" lon="-7.678916975855827">
        <ele>595.85</ele>
      </trkpt>
      <trkpt lat="41.2771578412503" lon="-7.6785623375326395">
        <ele>596.23</ele>
      </trkpt>
      <trkpt lat="41.27703957259655" lon="-7.678207699209452">
        <ele>596.56</ele>
      </trkpt>
      <trkpt lat="41.27692222595215" lon="-7.677855491638184">
        <ele>596.54</ele>
      </trkpt>
      <trkpt lat="41.27687939442694" lon="-7.677640914916992">
        <ele>596.6</ele>
      </trkpt>
      <trkpt lat="41.27687931060791" lon="-7.6775336265563965">
        <ele>596.64</ele>
      </trkpt>
      <trkpt lat="41.2769437674433" lon="-7.677307901903987">
        <ele>596.66</ele>
      </trkpt>
      <trkpt lat="41.277008056640625" lon="-7.6770830154418945">
        <ele>596.65</ele>
      </trkpt>
      <trkpt lat="41.277008056640625" lon="-7.676782608032227">
        <ele>596.49</ele>
      </trkpt>
      <trkpt lat="41.276932787150145" lon="-7.676556883379817">
        <ele>596.15</ele>
      </trkpt>
      <trkpt lat="41.27685785293579" lon="-7.676331996917725">
        <ele>595.71</ele>
      </trkpt>
      <trkpt lat="41.27681493759155" lon="-7.676031589508057">
        <ele>595.18</ele>
      </trkpt>
      <trkpt lat="41.27680412493646" lon="-7.6757842395454645">
        <ele>594.62</ele>
      </trkpt>
      <trkpt lat="41.276793479919434" lon="-7.675538063049316">
        <ele>593.96</ele>
      </trkpt>
      <trkpt lat="41.27681493759155" lon="-7.675215443596244">
        <ele>593.26</ele>
      </trkpt>
      <trkpt lat="41.27683639526367" lon="-7.674894332885742">
        <ele>592.54</ele>
      </trkpt>
      <trkpt lat="41.27681493759155" lon="-7.674722671508789">
        <ele>591.73</ele>
      </trkpt>
      <trkpt lat="41.27671821042895" lon="-7.6745508424937725">
        <ele>590.78</ele>
      </trkpt>
      <trkpt lat="41.27662181854248" lon="-7.674379348754883">
        <ele>589.67</ele>
      </trkpt>
      <trkpt lat="41.27657873556018" lon="-7.674142811447382">
        <ele>588.56</ele>
      </trkpt>
      <trkpt lat="41.276535987854004" lon="-7.673907279968262">
        <ele>587.45</ele>
      </trkpt>
      <trkpt lat="41.27638578414917" lon="-7.673671245574951">
        <ele>586.3</ele>
      </trkpt>
      <trkpt lat="41.27617129124701" lon="-7.673510396853089">
        <ele>585.07</ele>
      </trkpt>
      <trkpt lat="41.27595663070679" lon="-7.673349380493164">
        <ele>583.81</ele>
      </trkpt>
      <trkpt lat="41.27582788467407" lon="-7.67319917678833">
        <ele>582.4</ele>
      </trkpt>
      <trkpt lat="41.275641806423664" lon="-7.6729487255215645">
        <ele>580.85</ele>
      </trkpt>
      <trkpt lat="41.275455728173256" lon="-7.672698274254799">
        <ele>579.21</ele>
      </trkpt>
      <trkpt lat="41.275269985198975" lon="-7.67244815826416">
        <ele>577.62</ele>
      </trkpt>
      <trkpt lat="41.2751841545105" lon="-7.672233581542969">
        <ele>576.13</ele>
      </trkpt>
      <trkpt lat="41.2751841545105" lon="-7.672061920166016">
        <ele>574.67</ele>
      </trkpt>
      <trkpt lat="41.275269985198975" lon="-7.671718597412109">
        <ele>573.18</ele>
      </trkpt>
      <trkpt lat="41.275291442871094" lon="-7.671525478363037">
        <ele>571.71</ele>
      </trkpt>
      <trkpt lat="41.275194715708494" lon="-7.671278296038508">
        <ele>570.18</ele>
      </trkpt>
      <trkpt lat="41.27509832382202" lon="-7.671031951904297">
        <ele>568.66</ele>
      </trkpt>
      <trkpt lat="41.2750768661499" lon="-7.670860290527344">
        <ele>567.21</ele>
      </trkpt>
      <trkpt lat="41.27518432214856" lon="-7.670537838712335">
        <ele>565.73</ele>
      </trkpt>
      <trkpt lat="41.275291442871094" lon="-7.6702165603637695">
        <ele>564.29</ele>
      </trkpt>
      <trkpt lat="41.27535581588745" lon="-7.669937610626221">
        <ele>563.0</ele>
      </trkpt>
      <trkpt lat="41.275291442871094" lon="-7.669680118560791">
        <ele>561.73</ele>
      </trkpt>
      <trkpt lat="41.27509824000299" lon="-7.669444000348449">
        <ele>560.34</ele>
      </trkpt>
      <trkpt lat="41.27490520477295" lon="-7.66920804977417">
        <ele>558.98</ele>
      </trkpt>
      <trkpt lat="41.27466917037964" lon="-7.669036388397217">
        <ele>557.59</ele>
      </trkpt>
      <trkpt lat="41.27445484511554" lon="-7.6689613703638315">
        <ele>556.34</ele>
      </trkpt>
      <trkpt lat="41.274240016937256" lon="-7.668886184692383">
        <ele>555.17</ele>
      </trkpt>
      <trkpt lat="41.27408981323242" lon="-7.66871452331543">
        <ele>554.1</ele>
      </trkpt>
      <trkpt lat="41.274046897888184" lon="-7.668499946594238">
        <ele>553.02</ele>
      </trkpt>
      <trkpt lat="41.27411127090454" lon="-7.668263912200928">
        <ele>551.97</ele>
      </trkpt>
      <trkpt lat="41.27430430613458" lon="-7.668081521987915">
        <ele>551.08</ele>
      </trkpt>
      <trkpt lat="41.274497509002686" lon="-7.667899131774902">
        <ele>550.27</ele>
      </trkpt>
      <trkpt lat="41.27466925419867" lon="-7.667641472071409">
        <ele>549.41</ele>
      </trkpt>
      <trkpt lat="41.27484083175659" lon="-7.667384147644043">
        <ele>548.72</ele>
      </trkpt>
      <trkpt lat="41.27501802518964" lon="-7.667067311704159">
        <ele>548.11</ele>
      </trkpt>
      <trkpt lat="41.275195218622684" lon="-7.666750475764275">
        <ele>547.57</ele>
      </trkpt>
      <trkpt lat="41.27537241205573" lon="-7.666433723643422">
        <ele>547.1</ele>
      </trkpt>
      <trkpt lat="41.275549018755555" lon="-7.666118144989014">
        <ele>546.64</ele>
      </trkpt>
      <trkpt lat="41.275570476427674" lon="-7.666075229644775">
        <ele>546.33</ele>
      </trkpt>
      <trkpt lat="41.27568857744336" lon="-7.665860401466489">
        <ele>546.06</ele>
      </trkpt>
      <trkpt lat="41.275806510820985" lon="-7.665646076202393">
        <ele>545.99</ele>
      </trkpt>
      <trkpt lat="41.27584934234619" lon="-7.66545295715332">
        <ele>545.96</ele>
      </trkpt>
      <trkpt lat="41.27584934234619" lon="-7.665238380432129">
        <ele>545.95</ele>
      </trkpt>
      <trkpt lat="41.27577407285571" lon="-7.664894303306937">
        <ele>545.9</ele>
      </trkpt>
      <trkpt lat="41.27569913864136" lon="-7.664551734924316">
        <ele>546.08</ele>
      </trkpt>
      <trkpt lat="41.2755380384624" lon="-7.664304804056883">
        <ele>546.32</ele>
      </trkpt>
      <trkpt lat="41.27537727355957" lon="-7.664058208465576">
        <ele>546.6</ele>
      </trkpt>
      <trkpt lat="41.27533435821533" lon="-7.663822174072266">
        <ele>546.96</ele>
      </trkpt>
      <trkpt lat="41.27537727355957" lon="-7.663607597351074">
        <ele>547.42</ele>
      </trkpt>
      <trkpt lat="41.275506019592285" lon="-7.663371562957764">
        <ele>547.95</ele>
      </trkpt>
      <trkpt lat="41.275570476427674" lon="-7.663156986236572">
        <ele>548.56</ele>
      </trkpt>
      <trkpt lat="41.275570476427674" lon="-7.663049697875977">
        <ele>549.18</ele>
      </trkpt>
      <trkpt lat="41.275527477264404" lon="-7.662878036499023">
        <ele>549.95</ele>
      </trkpt>
      <trkpt lat="41.27537727355957" lon="-7.662749290466309">
        <ele>550.7</ele>
      </trkpt>
      <trkpt lat="41.27514123916626" lon="-7.662663459777832">
        <ele>551.5</ele>
      </trkpt>
      <trkpt lat="41.27495901659131" lon="-7.662738393992186">
        <ele>552.05</ele>
      </trkpt>
      <trkpt lat="41.274776458740234" lon="-7.662813663482666">
        <ele>552.75</ele>
      </trkpt>
      <trkpt lat="41.2746262550354" lon="-7.662953054532409">
        <ele>553.52</ele>
      </trkpt>
      <trkpt lat="41.274476051330566" lon="-7.663092613220215">
        <ele>554.47</ele>
      </trkpt>
      <trkpt lat="41.27434730529785" lon="-7.663307189941406">
        <ele>555.38</ele>
      </trkpt>
      <trkpt lat="41.27432584762573" lon="-7.663543224334717">
        <ele>556.15</ele>
      </trkpt>
      <trkpt lat="41.27437957562506" lon="-7.663844218477607">
        <ele>556.88</ele>
      </trkpt>
      <trkpt lat="41.27443313598633" lon="-7.664144039154053">
        <ele>557.71</ele>
      </trkpt>
      <trkpt lat="41.27450832165778" lon="-7.664401950314641">
        <ele>558.51</ele>
      </trkpt>
      <trkpt lat="41.27458333969116" lon="-7.664659023284912">
        <ele>559.33</ele>
      </trkpt>
      <trkpt lat="41.27456188201904" lon="-7.664916515350342">
        <ele>560.33</ele>
      </trkpt>
      <trkpt lat="41.27443313598633" lon="-7.665109634399414">
        <ele>561.45</ele>
      </trkpt>
      <trkpt lat="41.274240016937256" lon="-7.665152549743652">
        <ele>562.55</ele>
      </trkpt>
      <trkpt lat="41.274046897888184" lon="-7.665045261383057">
        <ele>563.62</ele>
      </trkpt>
      <trkpt lat="41.27391815185547" lon="-7.664830684661865">
        <ele>564.65</ele>
      </trkpt>
      <trkpt lat="41.27386434003711" lon="-7.6645296066999435">
        <ele>565.74</ele>
      </trkpt>
      <trkpt lat="41.27381086349487" lon="-7.664229869842529">
        <ele>566.84</ele>
      </trkpt>
      <trkpt lat="41.27370357513428" lon="-7.663993835449219">
        <ele>567.86</ele>
      </trkpt>
      <trkpt lat="41.27355337142944" lon="-7.663865089416504">
        <ele>568.94</ele>
      </trkpt>
      <trkpt lat="41.273371232673526" lon="-7.663865005597472">
        <ele>569.93</ele>
      </trkpt>
      <trkpt lat="41.27318859100342" lon="-7.663865089416504">
        <ele>570.95</ele>
      </trkpt>
      <trkpt lat="41.27295255661011" lon="-7.6638007164001465">
        <ele>572.06</ele>
      </trkpt>
      <trkpt lat="41.272780895233154" lon="-7.663843631744385">
        <ele>573.09</ele>
      </trkpt>
      <trkpt lat="41.27265214920044" lon="-7.664015293121338">
        <ele>573.96</ele>
      </trkpt>
      <trkpt lat="41.272544860839844" lon="-7.664251327514648">
        <ele>574.77</ele>
      </trkpt>
      <trkpt lat="41.27239465713501" lon="-7.66446590423584">
        <ele>575.68</ele>
      </trkpt>
      <trkpt lat="41.27218008041382" lon="-7.664616107940674">
        <ele>576.65</ele>
      </trkpt>
      <trkpt lat="41.27188009209931" lon="-7.664680313318968">
        <ele>577.62</ele>
      </trkpt>
      <trkpt lat="41.27157926559448" lon="-7.664744853973389">
        <ele>578.42</ele>
      </trkpt>
      <trkpt lat="41.27140777185559" lon="-7.664669835940003">
        <ele>579.28</ele>
      </trkpt>
      <trkpt lat="41.271235942840576" lon="-7.664594650268555">
        <ele>580.1</ele>
      </trkpt>
      <trkpt lat="41.27110719680786" lon="-7.664594650268555">
        <ele>580.85</ele>
      </trkpt>
      <trkpt lat="41.27097845077515" lon="-7.664744853973389">
        <ele>581.48</ele>
      </trkpt>
      <trkpt lat="41.27082824707031" lon="-7.6650238037109375">
        <ele>582.05</ele>
      </trkpt>
      <trkpt lat="41.27067804336548" lon="-7.665152549743652">
        <ele>582.67</ele>
      </trkpt>
      <trkpt lat="41.270484924316406" lon="-7.6651740074157715">
        <ele>583.34</ele>
      </trkpt>
      <trkpt lat="41.27033472061157" lon="-7.665088176727295">
        <ele>583.92</ele>
      </trkpt>
      <trkpt lat="41.270313346758485" lon="-7.665066719055176">
        <ele>584.4</ele>
      </trkpt>
      <trkpt lat="41.27016314305365" lon="-7.664744853973389">
        <ele>584.91</ele>
      </trkpt>
      <trkpt lat="41.270077312365174" lon="-7.664530277252197">
        <ele>585.35</ele>
      </trkpt>
      <trkpt lat="41.27001293934882" lon="-7.664422988891602">
        <ele>585.69</ele>
      </trkpt>
      <trkpt lat="41.269891150295734" lon="-7.664150828495622">
        <ele>585.98</ele>
      </trkpt>
      <trkpt lat="41.26976936124265" lon="-7.663878668099642">
        <ele>586.2</ele>
      </trkpt>
      <trkpt lat="41.26964807510376" lon="-7.663607597351074">
        <ele>586.41</ele>
      </trkpt>
      <trkpt lat="41.26964815892279" lon="-7.663586139678955">
        <ele>586.58</ele>
      </trkpt>
      <trkpt lat="41.26947649754584" lon="-7.663371562957764">
        <ele>586.71</ele>
      </trkpt>
      <trkpt lat="41.26927264966071" lon="-7.663178443908691">
        <ele>586.75</ele>
      </trkpt>
      <trkpt lat="41.26906871795654" lon="-7.662985324859619">
        <ele>586.72</ele>
      </trkpt>
      <trkpt lat="41.269004344940186" lon="-7.662835121154785">
        <ele>586.71</ele>
      </trkpt>
      <trkpt lat="41.26898741349578" lon="-7.662650970742106">
        <ele>586.71</ele>
      </trkpt>
      <trkpt lat="41.26898741349578" lon="-7.662650886923075">
        <ele>586.66</ele>
      </trkpt>
      <trkpt lat="41.26898741349578" lon="-7.662650719285011">
        <ele>586.59</ele>
      </trkpt>
      <trkpt lat="41.26898741349578" lon="-7.662650467827916">
        <ele>586.5</ele>
      </trkpt>
      <trkpt lat="41.26898741349578" lon="-7.662650384008884">
        <ele>586.39</ele>
      </trkpt>
      <trkpt lat="41.26898741349578" lon="-7.662650216370821">
        <ele>586.26</ele>
      </trkpt>
      <trkpt lat="41.26898741349578" lon="-7.662650048732758">
        <ele>586.12</ele>
      </trkpt>
      <trkpt lat="41.26898741349578" lon="-7.662649713456631">
        <ele>585.96</ele>
      </trkpt>
      <trkpt lat="41.26898741349578" lon="-7.662649461999536">
        <ele>585.8</ele>
      </trkpt>
      <trkpt lat="41.26898741349578" lon="-7.662649126723409">
        <ele>585.63</ele>
      </trkpt>
      <trkpt lat="41.26898741349578" lon="-7.662648791447282">
        <ele>585.46</ele>
      </trkpt>
      <trkpt lat="41.26898355782032" lon="-7.662605624645948">
        <ele>585.28</ele>
      </trkpt>
      <trkpt lat="41.2689829710871" lon="-7.662599086761475">
        <ele>585.11</ele>
      </trkpt>
      <trkpt lat="41.268982887268066" lon="-7.662564385682344">
        <ele>584.94</ele>
      </trkpt>
      <trkpt lat="41.268982887268066" lon="-7.662562541663647">
        <ele>584.76</ele>
      </trkpt>
      <trkpt lat="41.268982887268066" lon="-7.6625617034733295">
        <ele>584.6</ele>
      </trkpt>
      <trkpt lat="41.268982887268066" lon="-7.662559524178505">
        <ele>584.44</ele>
      </trkpt>
      <trkpt lat="41.268982887268066" lon="-7.6625581830739975">
        <ele>584.28</ele>
      </trkpt>
      <trkpt lat="41.268982887268066" lon="-7.662557847797871">
        <ele>584.14</ele>
      </trkpt>
      <trkpt lat="41.268982887268066" lon="-7.6625564228743315">
        <ele>584.01</ele>
      </trkpt>
      <trkpt lat="41.268982887268066" lon="-7.6625563390553">
        <ele>583.9</ele>
      </trkpt>
      <trkpt lat="41.268982887268066" lon="-7.662556087598205">
        <ele>583.8</ele>
      </trkpt>
      <trkpt lat="41.268982887268066" lon="-7.662540078163147">
        <ele>583.71</ele>
      </trkpt>
      <trkpt lat="41.2689829710871" lon="-7.66247034072876">
        <ele>583.63</ele>
      </trkpt>
      <trkpt lat="41.2689829710871" lon="-7.662298679351807">
        <ele>583.58</ele>
      </trkpt>
      <trkpt lat="41.26900442875922" lon="-7.662169933319092">
        <ele>583.57</ele>
      </trkpt>
      <trkpt lat="41.26906871795654" lon="-7.6619553565979">
        <ele>583.6</ele>
      </trkpt>
      <trkpt lat="41.26925127580762" lon="-7.661643885076046">
        <ele>583.65</ele>
      </trkpt>
      <trkpt lat="41.2694335822016" lon="-7.661333084106445">
        <ele>583.7</ele>
      </trkpt>
      <trkpt lat="41.26943349838257" lon="-7.661333084106445">
        <ele>583.75</ele>
      </trkpt>
      <trkpt lat="41.26962670125067" lon="-7.661010883748531">
        <ele>583.79</ele>
      </trkpt>
      <trkpt lat="41.26981973648071" lon="-7.660689353942871">
        <ele>583.84</ele>
      </trkpt>
      <trkpt lat="41.26996994018555" lon="-7.660410404205322">
        <ele>583.96</ele>
      </trkpt>
      <trkpt lat="41.27001293934882" lon="-7.660195827484131">
        <ele>584.09</ele>
      </trkpt>
      <trkpt lat="41.270002126693726" lon="-7.659873208031058">
        <ele>584.25</ele>
      </trkpt>
      <trkpt lat="41.269991397857666" lon="-7.659550588577986">
        <ele>584.46</ele>
      </trkpt>
      <trkpt lat="41.269980669021606" lon="-7.659227969124913">
        <ele>584.7</ele>
      </trkpt>
      <trkpt lat="41.26997002400458" lon="-7.658908367156982">
        <ele>584.92</ele>
      </trkpt>
      <trkpt lat="41.26995560713112" lon="-7.658517602831125">
        <ele>585.23</ele>
      </trkpt>
      <trkpt lat="41.2699412740767" lon="-7.6581269223243">
        <ele>585.57</ele>
      </trkpt>
      <trkpt lat="41.26992694102228" lon="-7.657736241817474">
        <ele>585.9</ele>
      </trkpt>
      <trkpt lat="41.26991260796785" lon="-7.657345477491617">
        <ele>586.24</ele>
      </trkpt>
      <trkpt lat="41.26989827491343" lon="-7.656954796984792">
        <ele>586.65</ele>
      </trkpt>
      <trkpt lat="41.2698841933161" lon="-7.656569480895996">
        <ele>587.1</ele>
      </trkpt>
      <trkpt lat="41.26992719247937" lon="-7.656300673261285">
        <ele>587.56</ele>
      </trkpt>
      <trkpt lat="41.26997002400458" lon="-7.656033039093018">
        <ele>588.05</ele>
      </trkpt>
      <trkpt lat="41.270063146948814" lon="-7.655746378004551">
        <ele>588.6</ele>
      </trkpt>
      <trkpt lat="41.27015626989305" lon="-7.655459800735116">
        <ele>589.18</ele>
      </trkpt>
      <trkpt lat="41.27024897374213" lon="-7.655174732208252">
        <ele>589.76</ele>
      </trkpt>
      <trkpt lat="41.27038853242993" lon="-7.654873905703425">
        <ele>590.38</ele>
      </trkpt>
      <trkpt lat="41.270527839660645" lon="-7.654573917388916">
        <ele>591.02</ele>
      </trkpt>
      <trkpt lat="41.270549297332764" lon="-7.654380798339844">
        <ele>591.52</ele>
      </trkpt>
      <trkpt lat="41.27050646580756" lon="-7.654166221618652">
        <ele>591.92</ele>
      </trkpt>
      <trkpt lat="41.270441925153136" lon="-7.653897413983941">
        <ele>592.28</ele>
      </trkpt>
      <trkpt lat="41.27037763595581" lon="-7.653629779815674">
        <ele>592.56</ele>
      </trkpt>
      <trkpt lat="41.27042055130005" lon="-7.653372287750244">
        <ele>592.84</ele>
      </trkpt>
      <trkpt lat="41.270506381988525" lon="-7.653136253356934">
        <ele>593.12</ele>
      </trkpt>
      <trkpt lat="41.270592212677" lon="-7.6528143882751465">
        <ele>593.38</ele>
      </trkpt>
      <trkpt lat="41.270563462749124" lon="-7.652506101876497">
        <ele>593.5</ele>
      </trkpt>
      <trkpt lat="41.27053479664028" lon="-7.652197815477848">
        <ele>593.7</ele>
      </trkpt>
      <trkpt lat="41.270506381988525" lon="-7.651891708374023">
        <ele>593.88</ele>
      </trkpt>
      <trkpt lat="41.270549297332764" lon="-7.65172004699707">
        <ele>594.04</ele>
      </trkpt>
      <trkpt lat="41.27067804336548" lon="-7.651548385620117">
        <ele>594.22</ele>
      </trkpt>
      <trkpt lat="41.27084945328534" lon="-7.651462638750672">
        <ele>594.45</ele>
      </trkpt>
      <trkpt lat="41.271021366119385" lon="-7.651376724243164">
        <ele>594.67</ele>
      </trkpt>
      <trkpt lat="41.27119302749634" lon="-7.651205062866211">
        <ele>594.85</ele>
      </trkpt>
      <trkpt lat="41.271235942840576" lon="-7.6509690284729">
        <ele>594.94</ele>
      </trkpt>
      <trkpt lat="41.27112127840519" lon="-7.650632243603468">
        <ele>595.0</ele>
      </trkpt>
      <trkpt lat="41.2710066139698" lon="-7.650295542553067">
        <ele>595.07</ele>
      </trkpt>
      <trkpt lat="41.27089262008667" lon="-7.649960517883301">
        <ele>595.12</ele>
      </trkpt>
      <trkpt lat="41.27082824707031" lon="-7.649703025817871">
        <ele>595.17</ele>
      </trkpt>
      <trkpt lat="41.27087116241455" lon="-7.649552822113037">
        <ele>595.24</ele>
      </trkpt>
      <trkpt lat="41.27091407775879" lon="-7.649445533752441">
        <ele>595.29</ele>
      </trkpt>
      <trkpt lat="41.271042823791504" lon="-7.649338245391846">
        <ele>595.32</ele>
      </trkpt>
      <trkpt lat="41.271278439089656" lon="-7.649348890408874">
        <ele>595.46</ele>
      </trkpt>
      <trkpt lat="41.271514892578125" lon="-7.649359703063965">
        <ele>595.75</ele>
      </trkpt>
      <trkpt lat="41.27168655395508" lon="-7.64923095703125">
        <ele>595.83</ele>
      </trkpt>
      <trkpt lat="41.271750926971436" lon="-7.648909091949463">
        <ele>595.67</ele>
      </trkpt>
      <trkpt lat="41.271772384643555" lon="-7.648587226867676">
        <ele>595.64</ele>
      </trkpt>
      <trkpt lat="41.27172930166125" lon="-7.648339876905084">
        <ele>595.69</ele>
      </trkpt>
      <trkpt lat="41.27168655395508" lon="-7.6480937004089355">
        <ele>595.69</ele>
      </trkpt>
      <trkpt lat="41.2717080116272" lon="-7.647792538627982">
        <ele>595.71</ele>
      </trkpt>
      <trkpt lat="41.271729469299316" lon="-7.6474928855896">
        <ele>595.8</ele>
      </trkpt>
      <trkpt lat="41.271632658317685" lon="-7.647116621956229">
        <ele>595.84</ele>
      </trkpt>
      <trkpt lat="41.271536350250244" lon="-7.64674186706543">
        <ele>595.93</ele>
      </trkpt>
      <trkpt lat="41.271579349413514" lon="-7.646462246775627">
        <ele>596.04</ele>
      </trkpt>
      <trkpt lat="41.27162218093872" lon="-7.646183967590332">
        <ele>596.15</ele>
      </trkpt>
      <trkpt lat="41.27172242850065" lon="-7.645868640393019">
        <ele>596.26</ele>
      </trkpt>
      <trkpt lat="41.271822759881616" lon="-7.645553397014737">
        <ele>596.28</ele>
      </trkpt>
      <trkpt lat="41.27192258834839" lon="-7.64523983001709">
        <ele>596.24</ele>
      </trkpt>
      <trkpt lat="41.27209961414337" lon="-7.644998263567686">
        <ele>596.32</ele>
      </trkpt>
      <trkpt lat="41.272276723757386" lon="-7.644756780937314">
        <ele>596.42</ele>
      </trkpt>
      <trkpt lat="41.2724538333714" lon="-7.644515298306942">
        <ele>596.39</ele>
      </trkpt>
      <trkpt lat="41.27263069152832" lon="-7.6442742347717285">
        <ele>596.12</ele>
      </trkpt>
      <trkpt lat="41.27282381057739" lon="-7.644145488739014">
        <ele>596.01</ele>
      </trkpt>
      <trkpt lat="41.2730598449707" lon="-7.644145488739014">
        <ele>596.14</ele>
      </trkpt>
      <trkpt lat="41.273295460268855" lon="-7.64418832026422">
        <ele>596.22</ele>
      </trkpt>
      <trkpt lat="41.273531913757324" lon="-7.64423131942749">
        <ele>596.26</ele>
      </trkpt>
      <trkpt lat="41.27368211746216" lon="-7.644166946411133">
        <ele>596.4</ele>
      </trkpt>
      <trkpt lat="41.273767948150635" lon="-7.643952369689941">
        <ele>596.52</ele>
      </trkpt>
      <trkpt lat="41.27376073971391" lon="-7.643644083291292">
        <ele>596.56</ele>
      </trkpt>
      <trkpt lat="41.27375353127718" lon="-7.643335796892643">
        <ele>596.62</ele>
      </trkpt>
      <trkpt lat="41.273746490478516" lon="-7.643029689788818">
        <ele>596.73</ele>
      </trkpt>
      <trkpt lat="41.27387523651123" lon="-7.642664909362793">
        <ele>597.03</ele>
      </trkpt>
      <trkpt lat="41.273989817127585" lon="-7.642371207475662">
        <ele>597.23</ele>
      </trkpt>
      <trkpt lat="41.27410439774394" lon="-7.6420775055885315">
        <ele>597.29</ele>
      </trkpt>
      <trkpt lat="41.27421855926514" lon="-7.641785144805908">
        <ele>597.25</ele>
      </trkpt>
      <trkpt lat="41.27435795031488" lon="-7.6416778564453125">
        <ele>597.37</ele>
      </trkpt>
      <trkpt lat="41.274497509002686" lon="-7.641570568084717">
        <ele>597.49</ele>
      </trkpt>
      <trkpt lat="41.27460479736328" lon="-7.641398906707764">
        <ele>597.55</ele>
      </trkpt>
      <trkpt lat="41.27460479736328" lon="-7.641184329986572">
        <ele>597.68</ele>
      </trkpt>
      <trkpt lat="41.27450807020068" lon="-7.640980230644345">
        <ele>597.67</ele>
      </trkpt>
      <trkpt lat="41.27441167831421" lon="-7.640776634216309">
        <ele>597.66</ele>
      </trkpt>
      <trkpt lat="41.274379407987" lon="-7.640561554580927">
        <ele>597.74</ele>
      </trkpt>
      <trkpt lat="41.27434730529785" lon="-7.640347480773926">
        <ele>597.86</ele>
      </trkpt>
      <trkpt lat="41.27431855536997" lon="-7.639988986775279">
        <ele>597.96</ele>
      </trkpt>
      <trkpt lat="41.27428988926113" lon="-7.639630576595664">
        <ele>598.05</ele>
      </trkpt>
      <trkpt lat="41.274261474609375" lon="-7.639274597167969">
        <ele>598.03</ele>
      </trkpt>
      <trkpt lat="41.274325931444764" lon="-7.639017105102539">
        <ele>598.15</ele>
      </trkpt>
      <trkpt lat="41.27432584762573" lon="-7.639017105102539">
        <ele>598.34</ele>
      </trkpt>
      <trkpt lat="41.27432584762573" lon="-7.638952732086182">
        <ele>598.54</ele>
      </trkpt>
      <trkpt lat="41.274476051330566" lon="-7.63873815536499">
        <ele>598.73</ele>
      </trkpt>
      <trkpt lat="41.27469062805176" lon="-7.638673782348633">
        <ele>599.07</ele>
      </trkpt>
      <trkpt lat="41.274862037971616" lon="-7.63870588503778">
        <ele>599.46</ele>
      </trkpt>
      <trkpt lat="41.275033950805664" lon="-7.63873815536499">
        <ele>599.9</ele>
      </trkpt>
      <trkpt lat="41.27511986531317" lon="-7.638716697692871">
        <ele>600.32</ele>
      </trkpt>
      <trkpt lat="41.27531290054321" lon="-7.638587951660156">
        <ele>600.8</ele>
      </trkpt>
      <trkpt lat="41.27539881505072" lon="-7.638416290283203">
        <ele>601.36</ele>
      </trkpt>
      <trkpt lat="41.27539873123169" lon="-7.63824462890625">
        <ele>601.96</ele>
      </trkpt>
      <trkpt lat="41.27531290054321" lon="-7.638030052185059">
        <ele>602.55</ele>
      </trkpt>
      <trkpt lat="41.275148363783956" lon="-7.637836849316955">
        <ele>603.09</ele>
      </trkpt>
      <trkpt lat="41.2749838270247" lon="-7.637643730267882">
        <ele>603.79</ele>
      </trkpt>
      <trkpt lat="41.27481937408447" lon="-7.637450695037842">
        <ele>604.55</ele>
      </trkpt>
      <trkpt lat="41.27459431998432" lon="-7.637364948168397">
        <ele>605.21</ele>
      </trkpt>
      <trkpt lat="41.27436876296997" lon="-7.637279033660889">
        <ele>605.92</ele>
      </trkpt>
      <trkpt lat="41.27408981323242" lon="-7.637128829956055">
        <ele>606.72</ele>
      </trkpt>
      <trkpt lat="41.27389669418335" lon="-7.636935710906982">
        <ele>607.55</ele>
      </trkpt>
      <trkpt lat="41.273767948150635" lon="-7.636656761169434">
        <ele>608.37</ele>
      </trkpt>
      <trkpt lat="41.27368186600506" lon="-7.636280497536063">
        <ele>609.2</ele>
      </trkpt>
      <trkpt lat="41.27359628677368" lon="-7.635905742645264">
        <ele>610.08</ele>
      </trkpt>
      <trkpt lat="41.27344608306885" lon="-7.635626792907715">
        <ele>610.9</ele>
      </trkpt>
      <trkpt lat="41.273274505510926" lon="-7.635412216186523">
        <ele>611.74</ele>
      </trkpt>
      <trkpt lat="41.27318867482245" lon="-7.635283470153809">
        <ele>612.59</ele>
      </trkpt>
      <trkpt lat="41.272995388135314" lon="-7.635020446032286">
        <ele>613.47</ele>
      </trkpt>
      <trkpt lat="41.27280218526721" lon="-7.6347575057297945">
        <ele>614.38</ele>
      </trkpt>
      <trkpt lat="41.272608982399106" lon="-7.634494481608272">
        <ele>615.28</ele>
      </trkpt>
      <trkpt lat="41.27241619862616" lon="-7.634232044219971">
        <ele>616.13</ele>
      </trkpt>
      <trkpt lat="41.272298097610474" lon="-7.634081756696105">
        <ele>616.97</ele>
      </trkpt>
      <trkpt lat="41.27218008041382" lon="-7.633931636810303">
        <ele>617.76</ele>
      </trkpt>
      <trkpt lat="41.272029876708984" lon="-7.633845806121826">
        <ele>618.52</ele>
      </trkpt>
      <trkpt lat="41.27185821533203" lon="-7.633824348449707">
        <ele>619.26</ele>
      </trkpt>
      <trkpt lat="41.27168655395508" lon="-7.633845806121826">
        <ele>619.99</ele>
      </trkpt>
      <trkpt lat="41.27155780792236" lon="-7.633974552154541">
        <ele>620.7</ele>
      </trkpt>
      <trkpt lat="41.27145051956177" lon="-7.634189128875732">
        <ele>621.39</ele>
      </trkpt>
      <trkpt lat="41.27142914570868" lon="-7.634296417236328">
        <ele>622.06</ele>
      </trkpt>
      <trkpt lat="41.27140768803656" lon="-7.634382247924805">
        <ele>622.72</ele>
      </trkpt>
      <trkpt lat="41.27134314738214" lon="-7.634683242067695">
        <ele>623.35</ele>
      </trkpt>
      <trkpt lat="41.271278942003846" lon="-7.634983062744141">
        <ele>624.06</ele>
      </trkpt>
      <trkpt lat="41.27119311131537" lon="-7.6352620124816895">
        <ele>624.78</ele>
      </trkpt>
      <trkpt lat="41.27117156982422" lon="-7.635304927825928">
        <ele>625.38</ele>
      </trkpt>
      <trkpt lat="41.271021366119385" lon="-7.63545504771173">
        <ele>625.96</ele>
      </trkpt>
      <trkpt lat="41.27087116241455" lon="-7.635605335235596">
        <ele>626.43</ele>
      </trkpt>
      <trkpt lat="41.270592212677" lon="-7.635626792907715">
        <ele>626.96</ele>
      </trkpt>
      <trkpt lat="41.27035626210272" lon="-7.63544088229537">
        <ele>627.53</ele>
      </trkpt>
      <trkpt lat="41.270120395347476" lon="-7.635254971683025">
        <ele>628.03</ele>
      </trkpt>
      <trkpt lat="41.2698841933161" lon="-7.635068893432617">
        <ele>628.45</ele>
      </trkpt>
      <trkpt lat="41.269841277971864" lon="-7.635025978088379">
        <ele>628.81</ele>
      </trkpt>
      <trkpt lat="41.26963743008673" lon="-7.634859681129456">
        <ele>629.14</ele>
      </trkpt>
      <trkpt lat="41.26943366602063" lon="-7.634693467989564">
        <ele>629.41</ele>
      </trkpt>
      <trkpt lat="41.26922990195453" lon="-7.634527254849672">
        <ele>629.69</ele>
      </trkpt>
      <trkpt lat="41.269069304689765" lon="-7.634396245703101">
        <ele>629.87</ele>
      </trkpt>
      <trkpt lat="41.269025802612305" lon="-7.6343607902526855">
        <ele>630.04</ele>
      </trkpt>
      <trkpt lat="41.26881122589111" lon="-7.634189128875732">
        <ele>630.13</ele>
      </trkpt>
      <trkpt lat="41.268532359972596" lon="-7.634038925170898">
        <ele>630.19</ele>
      </trkpt>
      <trkpt lat="41.268489360809326" lon="-7.634060382843018">
        <ele>630.27</ele>
      </trkpt>
      <trkpt lat="41.268459521234035" lon="-7.634054012596607">
        <ele>630.32</ele>
      </trkpt>
      <trkpt lat="41.268459437415004" lon="-7.634054012596607">
        <ele>630.35</ele>
      </trkpt>
      <trkpt lat="41.26845935359597" lon="-7.634054012596607">
        <ele>630.36</ele>
      </trkpt>
      <trkpt lat="41.26845918595791" lon="-7.634054012596607">
        <ele>630.35</ele>
      </trkpt>
      <trkpt lat="41.26845910213888" lon="-7.634054012596607">
        <ele>630.33</ele>
      </trkpt>
      <trkpt lat="41.26845893450081" lon="-7.634054012596607">
        <ele>630.29</ele>
      </trkpt>
      <trkpt lat="41.26845885068178" lon="-7.634054012596607">
        <ele>630.25</ele>
      </trkpt>
      <trkpt lat="41.26845859922469" lon="-7.634054012596607">
        <ele>630.19</ele>
      </trkpt>
      <trkpt lat="41.26845843158662" lon="-7.634054012596607">
        <ele>630.13</ele>
      </trkpt>
      <trkpt lat="41.268458096310496" lon="-7.634054012596607">
        <ele>630.07</ele>
      </trkpt>
      <trkpt lat="41.26845792867243" lon="-7.634054012596607">
        <ele>630.01</ele>
      </trkpt>
      <trkpt lat="41.26842498779297" lon="-7.634047390893102">
        <ele>629.94</ele>
      </trkpt>
      <trkpt lat="41.26839380711317" lon="-7.634041104465723">
        <ele>629.89</ele>
      </trkpt>
      <trkpt lat="41.26839363947511" lon="-7.634041020646691">
        <ele>629.84</ele>
      </trkpt>
      <trkpt lat="41.26839246600866" lon="-7.634040853008628">
        <ele>629.8</ele>
      </trkpt>
      <trkpt lat="41.268391543999314" lon="-7.6340406853705645">
        <ele>629.77</ele>
      </trkpt>
      <trkpt lat="41.26838986761868" lon="-7.634040350094438">
        <ele>629.74</ele>
      </trkpt>
      <trkpt lat="41.268388610333204" lon="-7.6340400986373425">
        <ele>629.74</ele>
      </trkpt>
      <trkpt lat="41.26838207244873" lon="-7.634038925170898">
        <ele>629.74</ele>
      </trkpt>
      <trkpt lat="41.268296241760254" lon="-7.633931636810303">
        <ele>629.8</ele>
      </trkpt>
      <trkpt lat="41.268274784088135" lon="-7.633867263793945">
        <ele>629.85</ele>
      </trkpt>
      <trkpt lat="41.268274784088135" lon="-7.633802890777588">
        <ele>629.92</ele>
      </trkpt>
      <trkpt lat="41.26813522540033" lon="-7.633641874417663">
        <ele>630.02</ele>
      </trkpt>
      <trkpt lat="41.267995834350586" lon="-7.633481025695801">
        <ele>630.11</ele>
      </trkpt>
      <trkpt lat="41.26791008748114" lon="-7.633309364318848">
        <ele>630.23</ele>
      </trkpt>
      <trkpt lat="41.26784563064575" lon="-7.633116245269775">
        <ele>630.4</ele>
      </trkpt>
      <trkpt lat="41.26782417297363" lon="-7.632772922515869">
        <ele>630.65</ele>
      </trkpt>
      <trkpt lat="41.267824256792665" lon="-7.632708549499512">
        <ele>630.84</ele>
      </trkpt>
      <trkpt lat="41.267802715301514" lon="-7.632428929209709">
        <ele>631.05</ele>
      </trkpt>
      <trkpt lat="41.267781341448426" lon="-7.632150650024414">
        <ele>631.29</ele>
      </trkpt>
      <trkpt lat="41.26775988377631" lon="-7.631957530975342">
        <ele>631.54</ele>
      </trkpt>
      <trkpt lat="41.26773842610419" lon="-7.631721496582031">
        <ele>631.84</ele>
      </trkpt>
      <trkpt lat="41.267738342285156" lon="-7.631721496582031">
        <ele>632.13</ele>
      </trkpt>
      <trkpt lat="41.26771252602339" lon="-7.631368786096573">
        <ele>632.43</ele>
      </trkpt>
      <trkpt lat="41.26768670976162" lon="-7.6310160756111145">
        <ele>632.76</ele>
      </trkpt>
      <trkpt lat="41.26766089349985" lon="-7.630663365125656">
        <ele>633.2</ele>
      </trkpt>
      <trkpt lat="41.26763507723808" lon="-7.630310654640198">
        <ele>633.6</ele>
      </trkpt>
      <trkpt lat="41.26760959625244" lon="-7.629961967468262">
        <ele>634.08</ele>
      </trkpt>
      <trkpt lat="41.26757732592523" lon="-7.62974688783288">
        <ele>634.58</ele>
      </trkpt>
      <trkpt lat="41.267545223236084" lon="-7.629532814025879">
        <ele>635.07</ele>
      </trkpt>
      <trkpt lat="41.267448496073484" lon="-7.629231819882989">
        <ele>635.61</ele>
      </trkpt>
      <trkpt lat="41.26735210418701" lon="-7.628931999206543">
        <ele>636.09</ele>
      </trkpt>
      <trkpt lat="41.267329724505544" lon="-7.628869386389852">
        <ele>636.69</ele>
      </trkpt>
      <trkpt lat="41.267244815826416" lon="-7.628631591796875">
        <ele>637.3</ele>
      </trkpt>
      <trkpt lat="41.267309272661805" lon="-7.62850284576416">
        <ele>638.04</ele>
      </trkpt>
      <trkpt lat="41.26737356185913" lon="-7.628459930419922">
        <ele>638.81</ele>
      </trkpt>
      <trkpt lat="41.26743793487549" lon="-7.628309726715088">
        <ele>639.63</ele>
      </trkpt>
      <trkpt lat="41.26745947636664" lon="-7.6280951499938965">
        <ele>640.46</ele>
      </trkpt>
      <trkpt lat="41.26741647720337" lon="-7.6279449462890625">
        <ele>641.33</ele>
      </trkpt>
      <trkpt lat="41.26739501953125" lon="-7.627837657928467">
        <ele>642.25</ele>
      </trkpt>
      <trkpt lat="41.267217826098204" lon="-7.6275423634797335">
        <ele>643.2</ele>
      </trkpt>
      <trkpt lat="41.26704063266516" lon="-7.627247069031">
        <ele>644.21</ele>
      </trkpt>
      <trkpt lat="41.26686343923211" lon="-7.626951774582267">
        <ele>645.24</ele>
      </trkpt>
      <trkpt lat="41.26668691635132" lon="-7.626657485961914">
        <ele>646.39</ele>
      </trkpt>
      <trkpt lat="41.266605192795396" lon="-7.626304859295487">
        <ele>647.51</ele>
      </trkpt>
      <trkpt lat="41.26652346923947" lon="-7.625952232629061">
        <ele>648.66</ele>
      </trkpt>
      <trkpt lat="41.26644174568355" lon="-7.625599605962634">
        <ele>649.79</ele>
      </trkpt>
      <trkpt lat="41.26636010594666" lon="-7.625247063115239">
        <ele>651.02</ele>
      </trkpt>
      <trkpt lat="41.266279220581055" lon="-7.6248979568481445">
        <ele>652.31</ele>
      </trkpt>
      <trkpt lat="41.26625784672797" lon="-7.6247477531433105">
        <ele>653.5</ele>
      </trkpt>
      <trkpt lat="41.26625784672797" lon="-7.624468803405762">
        <ele>654.72</ele>
      </trkpt>
      <trkpt lat="41.266257762908936" lon="-7.624404430389404">
        <ele>655.86</ele>
      </trkpt>
      <trkpt lat="41.266279220581055" lon="-7.624340057373047">
        <ele>656.98</ele>
      </trkpt>
      <trkpt lat="41.266306042671204" lon="-7.623925991356373">
        <ele>658.17</ele>
      </trkpt>
      <trkpt lat="41.266332948580384" lon="-7.6235120091587305">
        <ele>659.26</ele>
      </trkpt>
      <trkpt lat="41.266359854489565" lon="-7.623098026961088">
        <ele>660.36</ele>
      </trkpt>
      <trkpt lat="41.26638650894165" lon="-7.622687816619873">
        <ele>661.43</ele>
      </trkpt>
      <trkpt lat="41.2664080504328" lon="-7.622397467494011">
        <ele>662.45</ele>
      </trkpt>
      <trkpt lat="41.26642950810492" lon="-7.622108459472656">
        <ele>663.45</ele>
      </trkpt>
      <trkpt lat="41.26645096577704" lon="-7.621882567182183">
        <ele>664.34</ele>
      </trkpt>
      <trkpt lat="41.26647233963013" lon="-7.621657848358154">
        <ele>665.13</ele>
      </trkpt>
      <trkpt lat="41.26652246341109" lon="-7.621306562796235">
        <ele>665.87</ele>
      </trkpt>
      <trkpt lat="41.26657267101109" lon="-7.620955361053348">
        <ele>666.54</ele>
      </trkpt>
      <trkpt lat="41.26662254333496" lon="-7.620606422424316">
        <ele>667.14</ele>
      </trkpt>
      <trkpt lat="41.26660108566284" lon="-7.620456218719482">
        <ele>667.67</ele>
      </trkpt>
      <trkpt lat="41.26654727384448" lon="-7.620176682248712">
        <ele>668.12</ele>
      </trkpt>
      <trkpt lat="41.26650083810091" lon="-7.619935283437371">
        <ele>668.5</ele>
      </trkpt>
      <trkpt lat="41.266493797302246" lon="-7.619898319244385">
        <ele>668.8</ele>
      </trkpt>
      <trkpt lat="41.26647342927754" lon="-7.619796562939882">
        <ele>669.03</ele>
      </trkpt>
      <trkpt lat="41.26640796661377" lon="-7.619469165802002">
        <ele>669.18</ele>
      </trkpt>
      <trkpt lat="41.26636505126953" lon="-7.619082927703857">
        <ele>669.3</ele>
      </trkpt>
      <trkpt lat="41.26630051061511" lon="-7.618717309087515">
        <ele>669.32</ele>
      </trkpt>
      <trkpt lat="41.266236305236816" lon="-7.618353366851807">
        <ele>669.27</ele>
      </trkpt>
      <trkpt lat="41.26625784672797" lon="-7.618224620819092">
        <ele>669.15</ele>
      </trkpt>
      <trkpt lat="41.26625784672797" lon="-7.6181817054748535">
        <ele>668.98</ele>
      </trkpt>
      <trkpt lat="41.266300762072206" lon="-7.617955897003412">
        <ele>668.73</ele>
      </trkpt>
      <trkpt lat="41.26634359359741" lon="-7.617731094360352">
        <ele>668.42</ele>
      </trkpt>
      <trkpt lat="41.26634359359741" lon="-7.617526659741998">
        <ele>668.06</ele>
      </trkpt>
      <trkpt lat="41.266343677416444" lon="-7.6174092292785645">
        <ele>667.65</ele>
      </trkpt>
      <trkpt lat="41.26634359359741" lon="-7.6174092292785645">
        <ele>667.24</ele>
      </trkpt>
      <trkpt lat="41.26623613759875" lon="-7.617140589281917">
        <ele>666.74</ele>
      </trkpt>
      <trkpt lat="41.26612910069525" lon="-7.616872787475586">
        <ele>666.23</ele>
      </trkpt>
      <trkpt lat="41.266064727678895" lon="-7.616679668426514">
        <ele>665.7</ele>
      </trkpt>
      <trkpt lat="41.2659400049597" lon="-7.616363922134042">
        <ele>665.12</ele>
      </trkpt>
      <trkpt lat="41.26581536605954" lon="-7.61604817584157">
        <ele>664.51</ele>
      </trkpt>
      <trkpt lat="41.2656913138926" lon="-7.615733938291669">
        <ele>663.9</ele>
      </trkpt>
      <trkpt lat="41.26569106243551" lon="-7.6157337706536055">
        <ele>663.31</ele>
      </trkpt>
      <trkpt lat="41.26569106243551" lon="-7.615733686834574">
        <ele>662.71</ele>
      </trkpt>
      <trkpt lat="41.26569055952132" lon="-7.615732261911035">
        <ele>662.11</ele>
      </trkpt>
      <trkpt lat="41.26569072715938" lon="-7.6157325971871614">
        <ele>661.5</ele>
      </trkpt>
      <trkpt lat="41.26569064334035" lon="-7.615732261911035">
        <ele>660.88</ele>
      </trkpt>
      <trkpt lat="41.265685111284256" lon="-7.615718180313706">
        <ele>660.27</ele>
      </trkpt>
      <trkpt lat="41.26556768082082" lon="-7.61542079038918">
        <ele>659.66</ele>
      </trkpt>
      <trkpt lat="41.26545033417642" lon="-7.615123400464654">
        <ele>659.08</ele>
      </trkpt>
      <trkpt lat="41.26533298753202" lon="-7.614826010540128">
        <ele>658.5</ele>
      </trkpt>
      <trkpt lat="41.265215557068586" lon="-7.6145286206156015">
        <ele>657.86</ele>
      </trkpt>
      <trkpt lat="41.265099132433534" lon="-7.614233493804932">
        <ele>657.23</ele>
      </trkpt>
      <trkpt lat="41.26498446799815" lon="-7.613946916535497">
        <ele>656.65</ele>
      </trkpt>
      <trkpt lat="41.26486988738179" lon="-7.6136604230850935">
        <ele>656.07</ele>
      </trkpt>
      <trkpt lat="41.26475580967963" lon="-7.613375186920166">
        <ele>655.42</ele>
      </trkpt>
      <trkpt lat="41.26462681218982" lon="-7.613047454506159">
        <ele>654.8</ele>
      </trkpt>
      <trkpt lat="41.26449781470001" lon="-7.612719722092152">
        <ele>654.29</ele>
      </trkpt>
      <trkpt lat="41.26436890102923" lon="-7.6123919896781445">
        <ele>653.77</ele>
      </trkpt>
      <trkpt lat="41.264240741729736" lon="-7.612066268920898">
        <ele>653.29</ele>
      </trkpt>
      <trkpt lat="41.26415491104126" lon="-7.611744403839111">
        <ele>652.84</ele>
      </trkpt>
      <trkpt lat="41.26412264071405" lon="-7.611411055549979">
        <ele>652.48</ele>
      </trkpt>
      <trkpt lat="41.264090621843934" lon="-7.611079216003418">
        <ele>652.09</ele>
      </trkpt>
      <trkpt lat="41.26405826769769" lon="-7.610751232132316">
        <ele>651.69</ele>
      </trkpt>
      <trkpt lat="41.26402599737048" lon="-7.610423248261213">
        <ele>651.31</ele>
      </trkpt>
      <trkpt lat="41.26399372704327" lon="-7.610095264390111">
        <ele>650.95</ele>
      </trkpt>
      <trkpt lat="41.26396179199219" lon="-7.60977029800415">
        <ele>650.61</ele>
      </trkpt>
      <trkpt lat="41.26389741897583" lon="-7.609448432922363">
        <ele>650.35</ele>
      </trkpt>
      <trkpt lat="41.26375777646899" lon="-7.609201418235898">
        <ele>650.14</ele>
      </trkpt>
      <trkpt lat="41.26361846923828" lon="-7.608954906463623">
        <ele>649.97</ele>
      </trkpt>
      <trkpt lat="41.263554096221924" lon="-7.608633041381836">
        <ele>649.77</ele>
      </trkpt>
      <trkpt lat="41.26358133740723" lon="-7.608446376398206">
        <ele>649.6</ele>
      </trkpt>
      <trkpt lat="41.26358142122626" lon="-7.608446292579174">
        <ele>649.44</ele>
      </trkpt>
      <trkpt lat="41.263581505045295" lon="-7.608446208760142">
        <ele>649.29</ele>
      </trkpt>
      <trkpt lat="41.26358158886433" lon="-7.608445957303047">
        <ele>649.14</ele>
      </trkpt>
      <trkpt lat="41.26358167268336" lon="-7.608445957303047">
        <ele>649.0</ele>
      </trkpt>
      <trkpt lat="41.26358175650239" lon="-7.608445789664984">
        <ele>648.86</ele>
      </trkpt>
      <trkpt lat="41.26358184032142" lon="-7.608445538207889">
        <ele>648.71</ele>
      </trkpt>
      <trkpt lat="41.26358192414045" lon="-7.608445202931762">
        <ele>648.56</ele>
      </trkpt>
      <trkpt lat="41.263582007959485" lon="-7.608445035293698">
        <ele>648.39</ele>
      </trkpt>
      <trkpt lat="41.26358209177852" lon="-7.6084447000175714">
        <ele>648.21</ele>
      </trkpt>
      <trkpt lat="41.26358217559755" lon="-7.608444448560476">
        <ele>648.01</ele>
      </trkpt>
      <trkpt lat="41.26358862966299" lon="-7.60840161703527">
        <ele>647.79</ele>
      </trkpt>
      <trkpt lat="41.263594748452306" lon="-7.608360880985856">
        <ele>647.54</ele>
      </trkpt>
      <trkpt lat="41.26359483227134" lon="-7.608360880985856">
        <ele>647.26</ele>
      </trkpt>
      <trkpt lat="41.263595167547464" lon="-7.60835912078619">
        <ele>646.95</ele>
      </trkpt>
      <trkpt lat="41.263595251366496" lon="-7.608358617872">
        <ele>646.61</ele>
      </trkpt>
      <trkpt lat="41.26359558664262" lon="-7.608356438577175">
        <ele>646.23</ele>
      </trkpt>
      <trkpt lat="41.263595754280686" lon="-7.6083554327487946">
        <ele>645.81</ele>
      </trkpt>
      <trkpt lat="41.26359583809972" lon="-7.608355181291699">
        <ele>645.35</ele>
      </trkpt>
      <trkpt lat="41.26359592191875" lon="-7.608355181291699">
        <ele>644.85</ele>
      </trkpt>
      <trkpt lat="41.26359634101391" lon="-7.608352834358811">
        <ele>644.31</ele>
      </trkpt>
      <trkpt lat="41.26359634101391" lon="-7.60835325345397">
        <ele>643.73</ele>
      </trkpt>
      <trkpt lat="41.26359642483294" lon="-7.608352918177843">
        <ele>643.11</ele>
      </trkpt>
      <trkpt lat="41.26359885558486" lon="-7.608337411656976">
        <ele>642.44</ele>
      </trkpt>
      <trkpt lat="41.26363012008369" lon="-7.608130713924766">
        <ele>641.67</ele>
      </trkpt>
      <trkpt lat="41.26366138458252" lon="-7.607924938201904">
        <ele>640.85</ele>
      </trkpt>
      <trkpt lat="41.263790130615234" lon="-7.6076459884643555">
        <ele>639.94</ele>
      </trkpt>
      <trkpt lat="41.264026165008545" lon="-7.607431411743164">
        <ele>638.95</ele>
      </trkpt>
      <trkpt lat="41.264254823327065" lon="-7.607295624911785">
        <ele>638.02</ele>
      </trkpt>
      <trkpt lat="41.264483481645584" lon="-7.607159838080406">
        <ele>637.13</ele>
      </trkpt>
      <trkpt lat="41.26471281051636" lon="-7.6070237159729">
        <ele>636.25</ele>
      </trkpt>
      <trkpt lat="41.26492738723755" lon="-7.6070451736450195">
        <ele>635.36</ele>
      </trkpt>
      <trkpt lat="41.26513106748462" lon="-7.6071844808757305">
        <ele>634.52</ele>
      </trkpt>
      <trkpt lat="41.26533508300781" lon="-7.607324123382568">
        <ele>633.76</ele>
      </trkpt>
      <trkpt lat="41.26557111740112" lon="-7.607302665710449">
        <ele>632.91</ele>
      </trkpt>
      <trkpt lat="41.265785694122314" lon="-7.607216835021973">
        <ele>632.03</ele>
      </trkpt>
      <trkpt lat="41.26595735549927" lon="-7.6070451736450195">
        <ele>631.2</ele>
      </trkpt>
      <trkpt lat="41.26597881317139" lon="-7.606959342956543">
        <ele>630.36</ele>
      </trkpt>
      <trkpt lat="41.266021728515625" lon="-7.606744766235352">
        <ele>629.56</ele>
      </trkpt>
      <trkpt lat="41.26591444015503" lon="-7.606508731842041">
        <ele>628.76</ele>
      </trkpt>
      <trkpt lat="41.265714364126325" lon="-7.606408651918173">
        <ele>627.89</ele>
      </trkpt>
      <trkpt lat="41.26551428809762" lon="-7.606308655813336">
        <ele>627.06</ele>
      </trkpt>
      <trkpt lat="41.26531362533569" lon="-7.606208324432373">
        <ele>626.21</ele>
      </trkpt>
      <trkpt lat="41.26505630090833" lon="-7.606047475710511">
        <ele>625.43</ele>
      </trkpt>
      <trkpt lat="41.264798641204834" lon="-7.605886459350586">
        <ele>624.61</ele>
      </trkpt>
      <trkpt lat="41.26458406448364" lon="-7.605650424957275">
        <ele>623.85</ele>
      </trkpt>
      <trkpt lat="41.26443386077881" lon="-7.605307102203369">
        <ele>623.13</ele>
      </trkpt>
      <trkpt lat="41.26433704979718" lon="-7.604920109733939">
        <ele>622.42</ele>
      </trkpt>
      <trkpt lat="41.264240741729736" lon="-7.60453462600708">
        <ele>621.61</ele>
      </trkpt>
      <trkpt lat="41.26421928405762" lon="-7.604169845581055">
        <ele>620.8</ele>
      </trkpt>
      <trkpt lat="41.264283740893006" lon="-7.603788133710623">
        <ele>620.12</ele>
      </trkpt>
      <trkpt lat="41.26434828154743" lon="-7.603406421840191">
        <ele>619.43</ele>
      </trkpt>
      <trkpt lat="41.264412738382816" lon="-7.603024793788791">
        <ele>618.66</ele>
      </trkpt>
      <trkpt lat="41.26447677612305" lon="-7.602646350860596">
        <ele>618.01</ele>
      </trkpt>
      <trkpt lat="41.264498233795166" lon="-7.60228157043457">
        <ele>617.41</ele>
      </trkpt>
      <trkpt lat="41.26443386077881" lon="-7.601959705352783">
        <ele>616.83</ele>
      </trkpt>
      <trkpt lat="41.26417653635144" lon="-7.6018203143030405">
        <ele>616.04</ele>
      </trkpt>
      <trkpt lat="41.26391887664795" lon="-7.601680755615234">
        <ele>615.28</ele>
      </trkpt>
      <trkpt lat="41.263768672943115" lon="-7.601487636566162">
        <ele>614.66</ele>
      </trkpt>
      <trkpt lat="41.26372575759888" lon="-7.601208686828613">
        <ele>614.06</ele>
      </trkpt>
      <trkpt lat="41.26377948559821" lon="-7.600918337702751">
        <ele>613.44</ele>
      </trkpt>
      <trkpt lat="41.26383304595947" lon="-7.6006293296813965">
        <ele>612.85</ele>
      </trkpt>
      <trkpt lat="41.26383304595947" lon="-7.60028600692749">
        <ele>612.43</ele>
      </trkpt>
      <trkpt lat="41.263747215270996" lon="-7.599964141845703">
        <ele>611.99</ele>
      </trkpt>
      <trkpt lat="41.263618217781186" lon="-7.599641773849726">
        <ele>611.53</ele>
      </trkpt>
      <trkpt lat="41.26348930411041" lon="-7.599319405853748">
        <ele>611.1</ele>
      </trkpt>
      <trkpt lat="41.26336097717285" lon="-7.598998546600342">
        <ele>610.69</ele>
      </trkpt>
      <trkpt lat="41.26333407126367" lon="-7.598659750074148">
        <ele>610.27</ele>
      </trkpt>
      <trkpt lat="41.26330716535449" lon="-7.598321037366986">
        <ele>609.88</ele>
      </trkpt>
      <trkpt lat="41.26328025944531" lon="-7.597982324659824">
        <ele>609.57</ele>
      </trkpt>
      <trkpt lat="41.263253688812256" lon="-7.597646713256836">
        <ele>609.27</ele>
      </trkpt>
      <trkpt lat="41.26317707821727" lon="-7.59751251898706">
        <ele>609.04</ele>
      </trkpt>
      <trkpt lat="41.26316794194281" lon="-7.597496509552002">
        <ele>608.84</ele>
      </trkpt>
      <trkpt lat="41.26301773823798" lon="-7.597389221191406">
        <ele>608.66</ele>
      </trkpt>
      <trkpt lat="41.263027461245656" lon="-7.597354017198086">
        <ele>608.51</ele>
      </trkpt>
      <trkpt lat="41.26302754506469" lon="-7.597353933379054">
        <ele>608.39</ele>
      </trkpt>
      <trkpt lat="41.26302762888372" lon="-7.597353849560022">
        <ele>608.29</ele>
      </trkpt>
      <trkpt lat="41.26302779652178" lon="-7.5973535142838955">
        <ele>608.21</ele>
      </trkpt>
      <trkpt lat="41.263027880340815" lon="-7.597353430464864">
        <ele>608.14</ele>
      </trkpt>
      <trkpt lat="41.263027964159846" lon="-7.5973532628268">
        <ele>608.1</ele>
      </trkpt>
      <trkpt lat="41.26302804797888" lon="-7.597353095188737">
        <ele>608.06</ele>
      </trkpt>
      <trkpt lat="41.26302821561694" lon="-7.59735275991261">
        <ele>608.04</ele>
      </trkpt>
      <trkpt lat="41.26302829943597" lon="-7.597352592274547">
        <ele>608.03</ele>
      </trkpt>
      <trkpt lat="41.26302846707404" lon="-7.59735225699842">
        <ele>608.02</ele>
      </trkpt>
      <trkpt lat="41.26302855089307" lon="-7.597352089360356">
        <ele>608.01</ele>
      </trkpt>
      <trkpt lat="41.263040620833635" lon="-7.597310934215784">
        <ele>608.01</ele>
      </trkpt>
      <trkpt lat="41.26305218786001" lon="-7.597271790727973">
        <ele>608.0</ele>
      </trkpt>
      <trkpt lat="41.263052271679044" lon="-7.597271790727973">
        <ele>607.99</ele>
      </trkpt>
      <trkpt lat="41.263052858412266" lon="-7.597270114347339">
        <ele>607.97</ele>
      </trkpt>
      <trkpt lat="41.26305319368839" lon="-7.5972692761570215">
        <ele>607.94</ele>
      </trkpt>
      <trkpt lat="41.263053864240646" lon="-7.597267180681229">
        <ele>607.89</ele>
      </trkpt>
      <trkpt lat="41.263054283335805" lon="-7.597265839576721">
        <ele>607.83</ele>
      </trkpt>
      <trkpt lat="41.26305445097387" lon="-7.597265504300594">
        <ele>607.75</ele>
      </trkpt>
      <trkpt lat="41.2630545347929" lon="-7.597265420481563">
        <ele>607.64</ele>
      </trkpt>
      <trkpt lat="41.26305545680225" lon="-7.597262486815453">
        <ele>607.52</ele>
      </trkpt>
      <trkpt lat="41.26305554062128" lon="-7.597262486815453">
        <ele>607.38</ele>
      </trkpt>
      <trkpt lat="41.263055708259344" lon="-7.597262235358357">
        <ele>607.2</ele>
      </trkpt>
      <trkpt lat="41.26306031830609" lon="-7.597247064113617">
        <ele>607.01</ele>
      </trkpt>
      <trkpt lat="41.263082111254334" lon="-7.597174644470215">
        <ele>606.78</ele>
      </trkpt>
      <trkpt lat="41.263203816488385" lon="-7.596837943419814">
        <ele>606.54</ele>
      </trkpt>
      <trkpt lat="41.26332560554147" lon="-7.596501242369413">
        <ele>606.32</ele>
      </trkpt>
      <trkpt lat="41.26344689168036" lon="-7.596166133880615">
        <ele>606.03</ele>
      </trkpt>
      <trkpt lat="41.263554096221924" lon="-7.595844268798828">
        <ele>605.67</ele>
      </trkpt>
      <trkpt lat="41.263597095385194" lon="-7.595694065093994">
        <ele>605.27</ele>
      </trkpt>
      <trkpt lat="41.26366146840155" lon="-7.595522403717041">
        <ele>604.85</ele>
      </trkpt>
      <trkpt lat="41.26376884058118" lon="-7.595232222229242">
        <ele>604.38</ele>
      </trkpt>
      <trkpt lat="41.26387596130371" lon="-7.594943046569824">
        <ele>603.89</ele>
      </trkpt>
      <trkpt lat="41.26398333348334" lon="-7.594621181488037">
        <ele>603.39</ele>
      </trkpt>
      <trkpt lat="41.26409791409969" lon="-7.5942629389464855">
        <ele>602.8</ele>
      </trkpt>
      <trkpt lat="41.26421249471605" lon="-7.593904696404934">
        <ele>602.23</ele>
      </trkpt>
      <trkpt lat="41.26432657241821" lon="-7.59354829788208">
        <ele>601.74</ele>
      </trkpt>
      <trkpt lat="41.26438030041754" lon="-7.593322489410639">
        <ele>601.27</ele>
      </trkpt>
      <trkpt lat="41.26443394459784" lon="-7.593097686767578">
        <ele>600.82</ele>
      </trkpt>
      <trkpt lat="41.26445540226996" lon="-7.592904567718506">
        <ele>600.36</ele>
      </trkpt>
      <trkpt lat="41.26445531845093" lon="-7.59279727935791">
        <ele>599.91</ele>
      </trkpt>
      <trkpt lat="41.26445531845093" lon="-7.592604160308838">
        <ele>599.46</ele>
      </trkpt>
      <trkpt lat="41.26442304812372" lon="-7.592356810346246">
        <ele>599.02</ele>
      </trkpt>
      <trkpt lat="41.26439094543457" lon="-7.592110633850098">
        <ele>598.59</ele>
      </trkpt>
      <trkpt lat="41.26429413445294" lon="-7.5917881820350885">
        <ele>598.13</ele>
      </trkpt>
      <trkpt lat="41.2641978263855" lon="-7.591466903686523">
        <ele>597.73</ele>
      </trkpt>
      <trkpt lat="41.26410470344126" lon="-7.591294990852475">
        <ele>597.4</ele>
      </trkpt>
      <trkpt lat="41.26405818387866" lon="-7.591209076344967">
        <ele>597.09</ele>
      </trkpt>
      <trkpt lat="41.26391887664795" lon="-7.590951919555664">
        <ele>596.73</ele>
      </trkpt>
      <trkpt lat="41.26387604512274" lon="-7.590930461883545">
        <ele>596.43</ele>
      </trkpt>
      <trkpt lat="41.263833129778504" lon="-7.590887546539307">
        <ele>596.15</ele>
      </trkpt>
      <trkpt lat="41.263811672106385" lon="-7.590758800506592">
        <ele>595.92</ele>
      </trkpt>
      <trkpt lat="41.26383304595947" lon="-7.590672969818115">
        <ele>595.74</ele>
      </trkpt>
      <trkpt lat="41.26372550614178" lon="-7.590328976511955">
        <ele>595.6</ele>
      </trkpt>
      <trkpt lat="41.26361846923828" lon="-7.589986324310303">
        <ele>595.47</ele>
      </trkpt>
      <trkpt lat="41.26353247091174" lon="-7.589760599657893">
        <ele>595.35</ele>
      </trkpt>
      <trkpt lat="41.26344689168036" lon="-7.589535713195801">
        <ele>595.27</ele>
      </trkpt>
      <trkpt lat="41.26331789419055" lon="-7.589220469817519">
        <ele>595.24</ele>
      </trkpt>
      <trkpt lat="41.26318898051977" lon="-7.588905310258269">
        <ele>595.24</ele>
      </trkpt>
      <trkpt lat="41.263060653582215" lon="-7.588591575622559">
        <ele>595.24</ele>
      </trkpt>
      <trkpt lat="41.26299628056586" lon="-7.588441371917725">
        <ele>595.28</ele>
      </trkpt>
      <trkpt lat="41.26299628056586" lon="-7.588398456573486">
        <ele>595.37</ele>
      </trkpt>
      <trkpt lat="41.2629319075495" lon="-7.5882697105407715">
        <ele>595.48</ele>
      </trkpt>
      <trkpt lat="41.26280291005969" lon="-7.5879366137087345">
        <ele>595.58</ele>
      </trkpt>
      <trkpt lat="41.26267391256988" lon="-7.5876035168766975">
        <ele>595.78</ele>
      </trkpt>
      <trkpt lat="41.2625449988991" lon="-7.587270420044661">
        <ele>596.0</ele>
      </trkpt>
      <trkpt lat="41.26241683959961" lon="-7.586939334869385">
        <ele>596.3</ele>
      </trkpt>
      <trkpt lat="41.26230929978192" lon="-7.5866384245455265">
        <ele>596.47</ele>
      </trkpt>
      <trkpt lat="41.26220184378326" lon="-7.586337514221668">
        <ele>596.65</ele>
      </trkpt>
      <trkpt lat="41.26209497451782" lon="-7.586038112640381">
        <ele>596.77</ele>
      </trkpt>
      <trkpt lat="41.262030601501465" lon="-7.585694789886475">
        <ele>597.01</ele>
      </trkpt>
      <trkpt lat="41.262009143829346" lon="-7.585351467132568">
        <ele>597.39</ele>
      </trkpt>
      <trkpt lat="41.262041330337524" lon="-7.585007306188345">
        <ele>597.77</ele>
      </trkpt>
      <trkpt lat="41.2620735168457" lon="-7.584664821624756">
        <ele>598.15</ele>
      </trkpt>
      <trkpt lat="41.26207343302667" lon="-7.584599861875176">
        <ele>598.4</ele>
      </trkpt>
      <trkpt lat="41.2620735168457" lon="-7.584428200498223">
        <ele>598.64</ele>
      </trkpt>
      <trkpt lat="41.2620735168457" lon="-7.584192752838135">
        <ele>598.86</ele>
      </trkpt>
      <trkpt lat="41.262052142992616" lon="-7.584128379821777">
        <ele>598.99</ele>
      </trkpt>
      <trkpt lat="41.262052142992616" lon="-7.583978176116943">
        <ele>599.09</ele>
      </trkpt>
      <trkpt lat="41.262052059173584" lon="-7.583978176116943">
        <ele>599.16</ele>
      </trkpt>
      <trkpt lat="41.26209497451782" lon="-7.583870887756348">
        <ele>599.2</ele>
      </trkpt>
      <trkpt lat="41.26218088902533" lon="-7.583827972412109">
        <ele>599.22</ele>
      </trkpt>
      <trkpt lat="41.26220226287842" lon="-7.583827972412109">
        <ele>599.14</ele>
      </trkpt>
      <trkpt lat="41.26232028007507" lon="-7.583688413724303">
        <ele>599.02</ele>
      </trkpt>
      <trkpt lat="41.26243829727173" lon="-7.5835490226745605">
        <ele>598.82</ele>
      </trkpt>
      <trkpt lat="41.262545669451356" lon="-7.583377193659544">
        <ele>598.53</ele>
      </trkpt>
      <trkpt lat="41.26265295781195" lon="-7.583205699920654">
        <ele>598.2</ele>
      </trkpt>
      <trkpt lat="41.26280860975385" lon="-7.582958685234189">
        <ele>597.78</ele>
      </trkpt>
      <trkpt lat="41.26296426169574" lon="-7.5827117543667555">
        <ele>597.3</ele>
      </trkpt>
      <trkpt lat="41.26311991363764" lon="-7.582464823499322">
        <ele>596.75</ele>
      </trkpt>
      <trkpt lat="41.263275146484375" lon="-7.582218647003174">
        <ele>596.14</ele>
      </trkpt>
      <trkpt lat="41.263532722368836" lon="-7.581982612609863">
        <ele>595.46</ele>
      </trkpt>
      <trkpt lat="41.26372558996081" lon="-7.581868199631572">
        <ele>594.69</ele>
      </trkpt>
      <trkpt lat="41.26391854137182" lon="-7.581753870472312">
        <ele>593.85</ele>
      </trkpt>
      <trkpt lat="41.26411199569702" lon="-7.581639289855957">
        <ele>592.98</ele>
      </trkpt>
      <trkpt lat="41.26431559212506" lon="-7.581585645675659">
        <ele>592.06</ele>
      </trkpt>
      <trkpt lat="41.26451977528632" lon="-7.581532001495361">
        <ele>591.15</ele>
      </trkpt>
      <trkpt lat="41.26466989517212" lon="-7.58131742477417">
        <ele>590.19</ele>
      </trkpt>
      <trkpt lat="41.26472362317145" lon="-7.581027075648308">
        <ele>589.24</ele>
      </trkpt>
      <trkpt lat="41.26477726735175" lon="-7.580738067626953">
        <ele>588.28</ele>
      </trkpt>
      <trkpt lat="41.26483459956944" lon="-7.580329449847341">
        <ele>587.33</ele>
      </trkpt>
      <trkpt lat="41.26489193178713" lon="-7.579920832067728">
        <ele>586.39</ele>
      </trkpt>
      <trkpt lat="41.2649489287287" lon="-7.579514980316162">
        <ele>585.49</ele>
      </trkpt>
      <trkpt lat="41.265002572909" lon="-7.579267714172602">
        <ele>584.57</ele>
      </trkpt>
      <trkpt lat="41.265056133270264" lon="-7.579021453857422">
        <ele>583.64</ele>
      </trkpt>
      <trkpt lat="41.2651957757771" lon="-7.578763626515865">
        <ele>582.77</ele>
      </trkpt>
      <trkpt lat="41.265335166826844" lon="-7.5785064697265625">
        <ele>581.93</ele>
      </trkpt>
      <trkpt lat="41.26544237136841" lon="-7.578291893005371">
        <ele>581.16</ele>
      </trkpt>
      <trkpt lat="41.26552828587592" lon="-7.578141689300537">
        <ele>580.47</ele>
      </trkpt>
      <trkpt lat="41.26563557423651" lon="-7.577927112579346">
        <ele>579.85</ele>
      </trkpt>
      <trkpt lat="41.26567848958075" lon="-7.577733993530273">
        <ele>579.27</ele>
      </trkpt>
      <trkpt lat="41.26572132110596" lon="-7.57756233215332">
        <ele>578.75</ele>
      </trkpt>
      <trkpt lat="41.26576432026923" lon="-7.57732629776001">
        <ele>578.27</ele>
      </trkpt>
      <trkpt lat="41.2658073194325" lon="-7.5771004892885685">
        <ele>577.88</ele>
      </trkpt>
      <trkpt lat="41.265850150957704" lon="-7.576875686645508">
        <ele>577.56</ele>
      </trkpt>
      <trkpt lat="41.26591452397406" lon="-7.576532363891602">
        <ele>577.33</ele>
      </trkpt>
      <trkpt lat="41.2659574393183" lon="-7.576296329498291">
        <ele>577.11</ele>
      </trkpt>
      <trkpt lat="41.26601116731763" lon="-7.5759737100452185">
        <ele>576.94</ele>
      </trkpt>
      <trkpt lat="41.266064727678895" lon="-7.575652599334717">
        <ele>576.79</ele>
      </trkpt>
      <trkpt lat="41.26612910069525" lon="-7.575395107269287">
        <ele>576.69</ele>
      </trkpt>
      <trkpt lat="41.266279304400086" lon="-7.575116157531738">
        <ele>576.66</ele>
      </trkpt>
      <trkpt lat="41.26645104959607" lon="-7.574858497828245">
        <ele>576.63</ele>
      </trkpt>
      <trkpt lat="41.26662262715399" lon="-7.574601173400879">
        <ele>576.63</ele>
      </trkpt>
      <trkpt lat="41.26675137318671" lon="-7.574408054351807">
        <ele>576.75</ele>
      </trkpt>
      <trkpt lat="41.266837203875184" lon="-7.5742363929748535">
        <ele>576.89</ele>
      </trkpt>
      <trkpt lat="41.26696586608887" lon="-7.574043273925781">
        <ele>577.09</ele>
      </trkpt>
      <trkpt lat="41.266987323760986" lon="-7.573871612548828">
        <ele>577.24</ele>
      </trkpt>
      <trkpt lat="41.266912054270506" lon="-7.573602888733149">
        <ele>577.39</ele>
      </trkpt>
      <trkpt lat="41.26683712005615" lon="-7.57333517074585">
        <ele>577.63</ele>
      </trkpt>
      <trkpt lat="41.26677257940173" lon="-7.5731201749295">
        <ele>577.83</ele>
      </trkpt>
      <trkpt lat="41.26670837402344" lon="-7.572906017303467">
        <ele>577.98</ele>
      </trkpt>
      <trkpt lat="41.26668691635132" lon="-7.572777271270752">
        <ele>578.19</ele>
      </trkpt>
      <trkpt lat="41.26672983169556" lon="-7.572627067565918">
        <ele>578.39</ele>
      </trkpt>
      <trkpt lat="41.26688003540039" lon="-7.572305202484131">
        <ele>578.53</ele>
      </trkpt>
      <trkpt lat="41.26709444448352" lon="-7.572155082598329">
        <ele>578.81</ele>
      </trkpt>
      <trkpt lat="41.267309272661805" lon="-7.572004795074463">
        <ele>579.07</ele>
      </trkpt>
      <trkpt lat="41.267502307891846" lon="-7.571876049041748">
        <ele>579.37</ele>
      </trkpt>
      <trkpt lat="41.26760959625244" lon="-7.571725845336914">
        <ele>579.65</ele>
      </trkpt>
      <trkpt lat="41.26765259541571" lon="-7.571424767374992">
        <ele>579.91</ele>
      </trkpt>
      <trkpt lat="41.26769542694092" lon="-7.571125030517578">
        <ele>580.13</ele>
      </trkpt>
      <trkpt lat="41.267759799957275" lon="-7.570953369140625">
        <ele>580.37</ele>
      </trkpt>
      <trkpt lat="41.26791017130017" lon="-7.5706525426357985">
        <ele>580.65</ele>
      </trkpt>
      <trkpt lat="41.26806020736694" lon="-7.570352554321289">
        <ele>580.96</ele>
      </trkpt>
      <trkpt lat="41.26810320653021" lon="-7.570040663704276">
        <ele>581.21</ele>
      </trkpt>
      <trkpt lat="41.26814603805542" lon="-7.569730281829834">
        <ele>581.46</ele>
      </trkpt>
      <trkpt lat="41.26818895339966" lon="-7.569515705108643">
        <ele>581.7</ele>
      </trkpt>
      <trkpt lat="41.268253326416016" lon="-7.569408416748047">
        <ele>581.98</ele>
      </trkpt>
      <trkpt lat="41.268296325579286" lon="-7.5693440437316895">
        <ele>582.26</ele>
      </trkpt>
      <trkpt lat="41.268553733825684" lon="-7.5693440437316895">
        <ele>582.65</ele>
      </trkpt>
      <trkpt lat="41.26866102218628" lon="-7.569408416748047">
        <ele>583.02</ele>
      </trkpt>
      <trkpt lat="41.26893997192383" lon="-7.569472789764404">
        <ele>583.46</ele>
      </trkpt>
      <trkpt lat="41.26906871795654" lon="-7.569451332092285">
        <ele>583.82</ele>
      </trkpt>
      <trkpt lat="41.26917600631714" lon="-7.5693440437316895">
        <ele>584.14</ele>
      </trkpt>
      <trkpt lat="41.269240379333496" lon="-7.569215297698975">
        <ele>584.44</ele>
      </trkpt>
      <trkpt lat="41.26931196078658" lon="-7.568950094282627">
        <ele>584.68</ele>
      </trkpt>
      <trkpt lat="41.2693836260587" lon="-7.568684974685311">
        <ele>584.86</ele>
      </trkpt>
      <trkpt lat="41.26945495605469" lon="-7.568421363830566">
        <ele>585.11</ele>
      </trkpt>
      <trkpt lat="41.26956224441528" lon="-7.568185329437256">
        <ele>585.39</ele>
      </trkpt>
      <trkpt lat="41.26964815892279" lon="-7.568142414093018">
        <ele>585.73</ele>
      </trkpt>
      <trkpt lat="41.269776904955506" lon="-7.56807804107666">
        <ele>586.05</ele>
      </trkpt>
      <trkpt lat="41.270055351778865" lon="-7.568029761314392">
        <ele>586.45</ele>
      </trkpt>
      <trkpt lat="41.270333882421255" lon="-7.567981565371156">
        <ele>586.82</ele>
      </trkpt>
      <trkpt lat="41.270612413063645" lon="-7.567933369427919">
        <ele>587.08</ele>
      </trkpt>
      <trkpt lat="41.27089262008667" lon="-7.567884922027588">
        <ele>587.21</ele>
      </trkpt>
      <trkpt lat="41.271042823791504" lon="-7.567906379699707">
        <ele>587.4</ele>
      </trkpt>
      <trkpt lat="41.27122496254742" lon="-7.56800277158618">
        <ele>587.63</ele>
      </trkpt>
      <trkpt lat="41.27140760421753" lon="-7.568099498748779">
        <ele>587.86</ele>
      </trkpt>
      <trkpt lat="41.27162218093872" lon="-7.56833553314209">
        <ele>588.31</ele>
      </trkpt>
      <trkpt lat="41.27183675765991" lon="-7.5685715675354">
        <ele>588.69</ele>
      </trkpt>
      <trkpt lat="41.27196550369263" lon="-7.568657398223877">
        <ele>588.94</ele>
      </trkpt>
      <trkpt lat="41.27209424972534" lon="-7.568657398223877">
        <ele>589.04</ele>
      </trkpt>
      <trkpt lat="41.27220153808594" lon="-7.568635940551758">
        <ele>589.13</ele>
      </trkpt>
      <trkpt lat="41.2723623868078" lon="-7.568507194519043">
        <ele>589.19</ele>
      </trkpt>
      <trkpt lat="41.272523403167725" lon="-7.568378448486328">
        <ele>589.25</ele>
      </trkpt>
      <trkpt lat="41.27263069152832" lon="-7.568314075469971">
        <ele>589.34</ele>
      </trkpt>
      <trkpt lat="41.27286630682647" lon="-7.568292617797852">
        <ele>589.49</ele>
      </trkpt>
      <trkpt lat="41.273102005943656" lon="-7.568271160125732">
        <ele>589.58</ele>
      </trkpt>
      <trkpt lat="41.27333879470825" lon="-7.568249702453613">
        <ele>589.63</ele>
      </trkpt>
      <trkpt lat="41.27351053990424" lon="-7.568163871765137">
        <ele>589.58</ele>
      </trkpt>
      <trkpt lat="41.273767948150635" lon="-7.568035125732422">
        <ele>589.48</ele>
      </trkpt>
      <trkpt lat="41.2740683555603" lon="-7.567949295043945">
        <ele>589.39</ele>
      </trkpt>
      <trkpt lat="41.274282932281494" lon="-7.568035125732422">
        <ele>589.33</ele>
      </trkpt>
      <trkpt lat="41.274486696347594" lon="-7.568238889798522">
        <ele>589.29</ele>
      </trkpt>
      <trkpt lat="41.27469062805176" lon="-7.5684428215026855">
        <ele>589.38</ele>
      </trkpt>
      <trkpt lat="41.274872766807675" lon="-7.568496381863952">
        <ele>589.34</ele>
      </trkpt>
      <trkpt lat="41.27505540847778" lon="-7.568550109863281">
        <ele>589.38</ele>
      </trkpt>
      <trkpt lat="41.275276774540544" lon="-7.568585816770792">
        <ele>589.48</ele>
      </trkpt>
      <trkpt lat="41.275498224422336" lon="-7.568621523678303">
        <ele>589.59</ele>
      </trkpt>
      <trkpt lat="41.27572059631348" lon="-7.568657398223877">
        <ele>589.68</ele>
      </trkpt>
      <trkpt lat="41.275981944054365" lon="-7.568614482879639">
        <ele>589.76</ele>
      </trkpt>
      <trkpt lat="41.276243375614285" lon="-7.568571651354432">
        <ele>589.85</ele>
      </trkpt>
      <trkpt lat="41.276504807174206" lon="-7.5685288198292255">
        <ele>589.92</ele>
      </trkpt>
      <trkpt lat="41.276766154915094" lon="-7.568485904484987">
        <ele>589.96</ele>
      </trkpt>
      <trkpt lat="41.277029514312744" lon="-7.5684428215026855">
        <ele>590.08</ele>
      </trkpt>
      <trkpt lat="41.27732992172241" lon="-7.568507194519043">
        <ele>590.18</ele>
      </trkpt>
      <trkpt lat="41.27758716233075" lon="-7.568646501749754">
        <ele>590.31</ele>
      </trkpt>
      <trkpt lat="41.27784490585327" lon="-7.568786144256592">
        <ele>590.44</ele>
      </trkpt>
      <trkpt lat="41.2778449896723" lon="-7.568786144256592">
        <ele>590.56</ele>
      </trkpt>
      <trkpt lat="41.27812083810568" lon="-7.56887985393405">
        <ele>590.71</ele>
      </trkpt>
      <trkpt lat="41.278396770358086" lon="-7.568973647430539">
        <ele>590.87</ele>
      </trkpt>
      <trkpt lat="41.27867270261049" lon="-7.569067357107997">
        <ele>591.07</ele>
      </trkpt>
      <trkpt lat="41.27894855104387" lon="-7.5691611506044865">
        <ele>591.3</ele>
      </trkpt>
      <trkpt lat="41.279224483296275" lon="-7.569254860281944">
        <ele>591.44</ele>
      </trkpt>
      <trkpt lat="41.27950041554868" lon="-7.569348653778434">
        <ele>591.55</ele>
      </trkpt>
      <trkpt lat="41.27977626398206" lon="-7.569442363455892">
        <ele>591.69</ele>
      </trkpt>
      <trkpt lat="41.28005504608154" lon="-7.569537162780762">
        <ele>591.82</ele>
      </trkpt>
      <trkpt lat="41.28024799749255" lon="-7.569665741175413">
        <ele>591.9</ele>
      </trkpt>
      <trkpt lat="41.28044128417969" lon="-7.569794654846191">
        <ele>591.95</ele>
      </trkpt>
      <trkpt lat="41.28065586090088" lon="-7.570009231567383">
        <ele>591.99</ele>
      </trkpt>
      <trkpt lat="41.280720233917236" lon="-7.5701165199279785">
        <ele>592.09</ele>
      </trkpt>
      <trkpt lat="41.280741691589355" lon="-7.570245265960693">
        <ele>592.21</ele>
      </trkpt>
      <trkpt lat="41.28072031773627" lon="-7.570481300354004">
        <ele>592.37</ele>
      </trkpt>
      <trkpt lat="41.28065586090088" lon="-7.570695877075195">
        <ele>592.58</ele>
      </trkpt>
      <trkpt lat="41.280527114868164" lon="-7.570974826812744">
        <ele>592.77</ele>
      </trkpt>
      <trkpt lat="41.28043030388653" lon="-7.571340277791023">
        <ele>592.81</ele>
      </trkpt>
      <trkpt lat="41.28033399581909" lon="-7.571704387664795">
        <ele>592.81</ele>
      </trkpt>
      <trkpt lat="41.280197873711586" lon="-7.572058942168951">
        <ele>592.94</ele>
      </trkpt>
      <trkpt lat="41.28006175160408" lon="-7.572413496673107">
        <ele>593.02</ele>
      </trkpt>
      <trkpt lat="41.279925629496574" lon="-7.572768134996295">
        <ele>593.25</ele>
      </trkpt>
      <trkpt lat="41.27978950738907" lon="-7.573122689500451">
        <ele>593.56</ele>
      </trkpt>
      <trkpt lat="41.279653469100595" lon="-7.573477327823639">
        <ele>593.7</ele>
      </trkpt>
      <trkpt lat="41.279518604278564" lon="-7.57382869720459">
        <ele>594.05</ele>
      </trkpt>
      <trkpt lat="41.279475688934326" lon="-7.574021816253662">
        <ele>594.33</ele>
      </trkpt>
      <trkpt lat="41.279475688934326" lon="-7.574279308319092">
        <ele>594.55</ele>
      </trkpt>
      <trkpt lat="41.279475688934326" lon="-7.574655655771494">
        <ele>594.85</ele>
      </trkpt>
      <trkpt lat="41.279475688934326" lon="-7.575030326843262">
        <ele>595.25</ele>
      </trkpt>
      <trkpt lat="41.279411148279905" lon="-7.57525596767664">
        <ele>595.58</ele>
      </trkpt>
      <trkpt lat="41.27934694290161" lon="-7.575480937957764">
        <ele>595.91</ele>
      </trkpt>
      <trkpt lat="41.27934702672064" lon="-7.575480937957764">
        <ele>596.21</ele>
      </trkpt>
      <trkpt lat="41.279282569885254" lon="-7.5757598876953125">
        <ele>596.52</ele>
      </trkpt>
      <trkpt lat="41.27938994206488" lon="-7.576017379760742">
        <ele>596.78</ele>
      </trkpt>
      <trkpt lat="41.279475688934326" lon="-7.576146125793457">
        <ele>597.09</ele>
      </trkpt>
      <trkpt lat="41.27947577275336" lon="-7.576146125793457">
        <ele>597.38</ele>
      </trkpt>
      <trkpt lat="41.279540061950684" lon="-7.576231956481934">
        <ele>597.64</ele>
      </trkpt>
      <trkpt lat="41.279733180999756" lon="-7.576339244842529">
        <ele>597.9</ele>
      </trkpt>
      <trkpt lat="41.28000098280609" lon="-7.5762534979730844">
        <ele>598.1</ele>
      </trkpt>
      <trkpt lat="41.28026886843145" lon="-7.57616775110364">
        <ele>598.36</ele>
      </trkpt>
      <trkpt lat="41.28053675405681" lon="-7.5760820880532265">
        <ele>598.67</ele>
      </trkpt>
      <trkpt lat="41.280804639682174" lon="-7.575996341183782">
        <ele>598.95</ele>
      </trkpt>
      <trkpt lat="41.281072525307536" lon="-7.575910594314337">
        <ele>599.15</ele>
      </trkpt>
      <trkpt lat="41.28134250640869" lon="-7.57582426071167">
        <ele>599.28</ele>
      </trkpt>
      <trkpt lat="41.281492710113525" lon="-7.57582426071167">
        <ele>599.33</ele>
      </trkpt>
      <trkpt lat="41.28177342005074" lon="-7.575897099450231">
        <ele>599.32</ele>
      </trkpt>
      <trkpt lat="41.282054129987955" lon="-7.575969938188791">
        <ele>599.21</ele>
      </trkpt>
      <trkpt lat="41.28233483992517" lon="-7.576042776927352">
        <ele>599.04</ele>
      </trkpt>
      <trkpt lat="41.282615549862385" lon="-7.576115615665913">
        <ele>598.83</ele>
      </trkpt>
      <trkpt lat="41.2828962597996" lon="-7.576188454404473">
        <ele>598.64</ele>
      </trkpt>
      <trkpt lat="41.283176969736814" lon="-7.576261376962066">
        <ele>598.48</ele>
      </trkpt>
      <trkpt lat="41.28345767967403" lon="-7.576334215700626">
        <ele>598.33</ele>
      </trkpt>
      <trkpt lat="41.283738473430276" lon="-7.576407054439187">
        <ele>598.0</ele>
      </trkpt>
      <trkpt lat="41.28401918336749" lon="-7.576479893177748">
        <ele>597.57</ele>
      </trkpt>
      <trkpt lat="41.284303748980165" lon="-7.576553821563721">
        <ele>597.13</ele>
      </trkpt>
      <trkpt lat="41.28457515500486" lon="-7.576603777706623">
        <ele>596.69</ele>
      </trkpt>
      <trkpt lat="41.28484656102955" lon="-7.5766537338495255">
        <ele>596.21</ele>
      </trkpt>
      <trkpt lat="41.28511914052069" lon="-7.576704025268555">
        <ele>595.6</ele>
      </trkpt>
      <trkpt lat="41.28540831618011" lon="-7.576746856793761">
        <ele>594.98</ele>
      </trkpt>
      <trkpt lat="41.28569841384888" lon="-7.576789855957031">
        <ele>594.37</ele>
      </trkpt>
      <trkpt lat="41.28589119762182" lon="-7.5767897721379995">
        <ele>593.8</ele>
      </trkpt>
      <trkpt lat="41.28608465194702" lon="-7.576789855957031">
        <ele>593.23</ele>
      </trkpt>
      <trkpt lat="41.28634197637439" lon="-7.576596820726991">
        <ele>592.57</ele>
      </trkpt>
      <trkpt lat="41.286599300801754" lon="-7.57640378549695">
        <ele>591.9</ele>
      </trkpt>
      <trkpt lat="41.28685662522912" lon="-7.576210834085941">
        <ele>591.25</ele>
      </trkpt>
      <trkpt lat="41.28711462020874" lon="-7.576017379760742">
        <ele>590.58</ele>
      </trkpt>
      <trkpt lat="41.287243366241455" lon="-7.575995922088623">
        <ele>589.95</ele>
      </trkpt>
      <trkpt lat="41.287522399798036" lon="-7.576146125793457">
        <ele>589.29</ele>
      </trkpt>
      <trkpt lat="41.28765114583075" lon="-7.5762104988098145">
        <ele>588.66</ele>
      </trkpt>
      <trkpt lat="41.287801349535584" lon="-7.57631778717041">
        <ele>588.1</ele>
      </trkpt>
      <trkpt lat="41.28799446858466" lon="-7.576425075531006">
        <ele>587.64</ele>
      </trkpt>
      <trkpt lat="41.288155149668455" lon="-7.576446449384093">
        <ele>587.1</ele>
      </trkpt>
      <trkpt lat="41.288316333666444" lon="-7.576467990875244">
        <ele>586.53</ele>
      </trkpt>
      <trkpt lat="41.28855228424072" lon="-7.576639652252197">
        <ele>585.96</ele>
      </trkpt>
      <trkpt lat="41.28873475827277" lon="-7.576907956972718">
        <ele>585.36</ele>
      </trkpt>
      <trkpt lat="41.28891706466675" lon="-7.577176094055176">
        <ele>584.74</ele>
      </trkpt>
      <trkpt lat="41.289002895355225" lon="-7.577369213104248">
        <ele>584.21</ele>
      </trkpt>
      <trkpt lat="41.289067436009645" lon="-7.577648665755987">
        <ele>583.72</ele>
      </trkpt>
      <trkpt lat="41.28913172520697" lon="-7.577927112579346">
        <ele>583.24</ele>
      </trkpt>
      <trkpt lat="41.28915318287909" lon="-7.578270435333252">
        <ele>582.78</ele>
      </trkpt>
      <trkpt lat="41.28913164138794" lon="-7.578592300415039">
        <ele>582.2</ele>
      </trkpt>
      <trkpt lat="41.28908855840564" lon="-7.578861024230719">
        <ele>581.59</ele>
      </trkpt>
      <trkpt lat="41.28904581069946" lon="-7.579128742218018">
        <ele>581.07</ele>
      </trkpt>
      <trkpt lat="41.28908880986273" lon="-7.579300403594971">
        <ele>580.5</ele>
      </trkpt>
      <trkpt lat="41.28915318287909" lon="-7.579407691955566">
        <ele>579.92</ele>
      </trkpt>
      <trkpt lat="41.28919609822333" lon="-7.579472064971924">
        <ele>579.4</ele>
      </trkpt>
      <trkpt lat="41.289260387420654" lon="-7.579514980316162">
        <ele>578.85</ele>
      </trkpt>
      <trkpt lat="41.28941059112549" lon="-7.579514980316162">
        <ele>578.29</ele>
      </trkpt>
      <trkpt lat="41.2896466255188" lon="-7.579407691955566">
        <ele>577.7</ele>
      </trkpt>
      <trkpt lat="41.28991451114416" lon="-7.579268300905824">
        <ele>577.07</ele>
      </trkpt>
      <trkpt lat="41.290182480588555" lon="-7.579128993675113">
        <ele>576.5</ele>
      </trkpt>
      <trkpt lat="41.29045045003295" lon="-7.578989686444402">
        <ele>575.86</ele>
      </trkpt>
      <trkpt lat="41.290719509124756" lon="-7.578849792480469">
        <ele>575.27</ele>
      </trkpt>
      <trkpt lat="41.29093383438885" lon="-7.578715765848756">
        <ele>574.8</ele>
      </trkpt>
      <trkpt lat="41.29114824347198" lon="-7.578581739217043">
        <ele>574.37</ele>
      </trkpt>
      <trkpt lat="41.29136265255511" lon="-7.57844771258533">
        <ele>573.93</ele>
      </trkpt>
      <trkpt lat="41.29157781600952" lon="-7.57831335067749">
        <ele>573.37</ele>
      </trkpt>
      <trkpt lat="41.29180639050901" lon="-7.578241853043437">
        <ele>572.91</ele>
      </trkpt>
      <trkpt lat="41.2920349650085" lon="-7.5781704392284155">
        <ele>572.5</ele>
      </trkpt>
      <trkpt lat="41.292264545336366" lon="-7.578098773956299">
        <ele>572.19</ele>
      </trkpt>
      <trkpt lat="41.29244660027325" lon="-7.57806658744812">
        <ele>571.96</ele>
      </trkpt>
      <trkpt lat="41.29262924194336" lon="-7.578034400939941">
        <ele>571.53</ele>
      </trkpt>
      <trkpt lat="41.29288673400879" lon="-7.5780558586120605">
        <ele>571.11</ele>
      </trkpt>
      <trkpt lat="41.29303693771362" lon="-7.578120231628418">
        <ele>570.75</ele>
      </trkpt>
      <trkpt lat="41.29320868290961" lon="-7.578270435333252">
        <ele>570.37</ele>
      </trkpt>
      <trkpt lat="41.29338026046753" lon="-7.578463554382324">
        <ele>570.1</ele>
      </trkpt>
      <trkpt lat="41.29355192184448" lon="-7.5786566734313965">
        <ele>569.84</ele>
      </trkpt>
      <trkpt lat="41.293723583221436" lon="-7.578849792480469">
        <ele>569.66</ele>
      </trkpt>
      <trkpt lat="41.2938738707453" lon="-7.579118264839053">
        <ele>569.49</ele>
      </trkpt>
      <trkpt lat="41.2940239906311" lon="-7.579386234283447">
        <ele>569.43</ele>
      </trkpt>
      <trkpt lat="41.29410990513861" lon="-7.579472064971924">
        <ele>569.27</ele>
      </trkpt>
      <trkpt lat="41.29428148269653" lon="-7.579493522644043">
        <ele>569.14</ele>
      </trkpt>
      <trkpt lat="41.294510224834085" lon="-7.579293278977275">
        <ele>569.04</ele>
      </trkpt>
      <trkpt lat="41.29473905079067" lon="-7.5790931191295385">
        <ele>569.0</ele>
      </trkpt>
      <trkpt lat="41.294968128204346" lon="-7.578892707824707">
        <ele>568.88</ele>
      </trkpt>
      <trkpt lat="41.29516124725342" lon="-7.578763961791992">
        <ele>568.78</ele>
      </trkpt>
      <trkpt lat="41.29544019699097" lon="-7.578721046447754">
        <ele>568.78</ele>
      </trkpt>
      <trkpt lat="41.29556894302368" lon="-7.578742504119873">
        <ele>568.8</ele>
      </trkpt>
      <trkpt lat="41.2957405205816" lon="-7.578871166333556">
        <ele>568.87</ele>
      </trkpt>
      <trkpt lat="41.29591234959662" lon="-7.578999996185303">
        <ele>568.87</ele>
      </trkpt>
      <trkpt lat="41.296062553301454" lon="-7.579300403594971">
        <ele>568.97</ele>
      </trkpt>
      <trkpt lat="41.29620219580829" lon="-7.579654958099127">
        <ele>569.13</ele>
      </trkpt>
      <trkpt lat="41.296341503039" lon="-7.580008506774902">
        <ele>569.33</ele>
      </trkpt>
      <trkpt lat="41.29640579223633" lon="-7.5801801681518555">
        <ele>569.42</ele>
      </trkpt>
      <trkpt lat="41.296491622924805" lon="-7.580287456512451">
        <ele>569.48</ele>
      </trkpt>
      <trkpt lat="41.29662036895752" lon="-7.580351829528809">
        <ele>569.53</ele>
      </trkpt>
      <trkpt lat="41.296802423894405" lon="-7.58031964302063">
        <ele>569.54</ele>
      </trkpt>
      <trkpt lat="41.296985149383545" lon="-7.580287456512451">
        <ele>569.57</ele>
      </trkpt>
      <trkpt lat="41.29711389541626" lon="-7.580287456512451">
        <ele>569.65</ele>
      </trkpt>
      <trkpt lat="41.29737138748169" lon="-7.5803303718566895">
        <ele>569.74</ele>
      </trkpt>
      <trkpt lat="41.29765033721924" lon="-7.580480575561523">
        <ele>569.85</ele>
      </trkpt>
      <trkpt lat="41.29780054092407" lon="-7.580673694610596">
        <ele>569.99</ele>
      </trkpt>
      <trkpt lat="41.297950744628906" lon="-7.580866813659668">
        <ele>570.15</ele>
      </trkpt>
      <trkpt lat="41.29807949066162" lon="-7.581038475036621">
        <ele>570.31</ele>
      </trkpt>
      <trkpt lat="41.29814394749701" lon="-7.58136092685163">
        <ele>570.56</ele>
      </trkpt>
      <trkpt lat="41.298208236694336" lon="-7.581682205200195">
        <ele>570.84</ele>
      </trkpt>
      <trkpt lat="41.29820832051337" lon="-7.581682205200195">
        <ele>570.99</ele>
      </trkpt>
      <trkpt lat="41.29829406738281" lon="-7.58206844329834">
        <ele>571.15</ele>
      </trkpt>
      <trkpt lat="41.29837998189032" lon="-7.582304812967777">
        <ele>571.28</ele>
      </trkpt>
      <trkpt lat="41.298465728759766" lon="-7.582540512084961">
        <ele>571.44</ele>
      </trkpt>
      <trkpt lat="41.2986159324646" lon="-7.582690715789795">
        <ele>571.62</ele>
      </trkpt>
      <trkpt lat="41.29880905151367" lon="-7.582647800445557">
        <ele>571.75</ele>
      </trkpt>
      <trkpt lat="41.29893779754639" lon="-7.5824761390686035">
        <ele>571.9</ele>
      </trkpt>
      <trkpt lat="41.29904508590698" lon="-7.582218647003174">
        <ele>572.01</ele>
      </trkpt>
      <trkpt lat="41.2990665435791" lon="-7.582025527954102">
        <ele>572.05</ele>
      </trkpt>
      <trkpt lat="41.2990665435791" lon="-7.5817036628723145">
        <ele>572.03</ele>
      </trkpt>
      <trkpt lat="41.29910945892334" lon="-7.581467628479004">
        <ele>572.07</ele>
      </trkpt>
      <trkpt lat="41.2991738319397" lon="-7.581274509429932">
        <ele>572.12</ele>
      </trkpt>
      <trkpt lat="41.29933132790029" lon="-7.580980891361833">
        <ele>572.19</ele>
      </trkpt>
      <trkpt lat="41.299488823860884" lon="-7.580687357112765">
        <ele>572.23</ele>
      </trkpt>
      <trkpt lat="41.29964590072632" lon="-7.580394744873047">
        <ele>572.27</ele>
      </trkpt>
      <trkpt lat="41.29987112246454" lon="-7.580164074897766">
        <ele>572.46</ele>
      </trkpt>
      <trkpt lat="41.30009642802179" lon="-7.579933404922485">
        <ele>572.65</ele>
      </trkpt>
      <trkpt lat="41.30032173357904" lon="-7.579702734947205">
        <ele>572.75</ele>
      </trkpt>
      <trkpt lat="41.30054712295532" lon="-7.579472064971924">
        <ele>572.78</ele>
      </trkpt>
      <trkpt lat="41.300718784332275" lon="-7.579257488250732">
        <ele>572.96</ele>
      </trkpt>
      <trkpt lat="41.30086915567517" lon="-7.5789243914186954">
        <ele>572.96</ele>
      </trkpt>
      <trkpt lat="41.30101919174194" lon="-7.578592300415039">
        <ele>573.04</ele>
      </trkpt>
      <trkpt lat="41.301233768463135" lon="-7.578291893005371">
        <ele>573.09</ele>
      </trkpt>
      <trkpt lat="41.301491260528564" lon="-7.578098773956299">
        <ele>573.1</ele>
      </trkpt>
      <trkpt lat="41.30165194161236" lon="-7.578045129776001">
        <ele>573.12</ele>
      </trkpt>
      <trkpt lat="41.30181312561035" lon="-7.577991485595703">
        <ele>573.12</ele>
      </trkpt>
      <trkpt lat="41.30192041397095" lon="-7.578034400939941">
        <ele>573.15</ele>
      </trkpt>
      <trkpt lat="41.30207061767578" lon="-7.578120231628418">
        <ele>573.1</ele>
      </trkpt>
      <trkpt lat="41.302253007888794" lon="-7.57836707867682">
        <ele>573.17</ele>
      </trkpt>
      <trkpt lat="41.30243539810181" lon="-7.578613758087158">
        <ele>573.15</ele>
      </trkpt>
      <trkpt lat="41.3025426864624" lon="-7.578699588775635">
        <ele>573.22</ele>
      </trkpt>
      <trkpt lat="41.302649974823" lon="-7.578742504119873">
        <ele>573.28</ele>
      </trkpt>
      <trkpt lat="41.302757263183594" lon="-7.578721046447754">
        <ele>573.35</ele>
      </trkpt>
      <trkpt lat="41.30286455154419" lon="-7.578613758087158">
        <ele>573.43</ele>
      </trkpt>
      <trkpt lat="41.30307912826538" lon="-7.578366911038756">
        <ele>573.57</ele>
      </trkpt>
      <trkpt lat="41.30329370498657" lon="-7.578120231628418">
        <ele>573.64</ele>
      </trkpt>
      <trkpt lat="41.30342245101929" lon="-7.578012943267822">
        <ele>573.71</ele>
      </trkpt>
      <trkpt lat="41.30369025282562" lon="-7.577959299087524">
        <ele>573.88</ele>
      </trkpt>
      <trkpt lat="41.3039589766413" lon="-7.577905654907227">
        <ele>574.02</ele>
      </trkpt>
      <trkpt lat="41.30413063801825" lon="-7.57781982421875">
        <ele>574.09</ele>
      </trkpt>
      <trkpt lat="41.30429140292108" lon="-7.577701807022095">
        <ele>574.21</ele>
      </trkpt>
      <trkpt lat="41.304452419281006" lon="-7.5775837898254395">
        <ele>574.33</ele>
      </trkpt>
      <trkpt lat="41.30460262298584" lon="-7.57756233215332">
        <ele>574.44</ele>
      </trkpt>
      <trkpt lat="41.304731369018555" lon="-7.5775837898254395">
        <ele>574.56</ele>
      </trkpt>
      <trkpt lat="41.30501710809767" lon="-7.5777266174554825">
        <ele>574.7</ele>
      </trkpt>
      <trkpt lat="41.30530293099582" lon="-7.577869528904557">
        <ele>574.85</ele>
      </trkpt>
      <trkpt lat="41.30558967590332" lon="-7.578012943267822">
        <ele>574.93</ele>
      </trkpt>
      <trkpt lat="41.3056755065918" lon="-7.578120231628418">
        <ele>575.07</ele>
      </trkpt>
      <trkpt lat="41.305739879608154" lon="-7.578334808349609">
        <ele>575.21</ele>
      </trkpt>
      <trkpt lat="41.305782878771424" lon="-7.578538991510868">
        <ele>575.33</ele>
      </trkpt>
      <trkpt lat="41.30582571029663" lon="-7.578742504119873">
        <ele>575.5</ele>
      </trkpt>
      <trkpt lat="41.30589008331299" lon="-7.578935623168945">
        <ele>575.71</ele>
      </trkpt>
      <trkpt lat="41.305997371673584" lon="-7.579021453857422">
        <ele>575.86</ele>
      </trkpt>
      <trkpt lat="41.30614757537842" lon="-7.579085826873779">
        <ele>576.04</ele>
      </trkpt>
      <trkpt lat="41.30627632141113" lon="-7.57906436920166">
        <ele>576.2</ele>
      </trkpt>
      <trkpt lat="41.306469440460205" lon="-7.578999996185303">
        <ele>576.38</ele>
      </trkpt>
      <trkpt lat="41.30659827031195" lon="-7.578871250152588">
        <ele>576.47</ele>
      </trkpt>
      <trkpt lat="41.30675911903381" lon="-7.578721046447754">
        <ele>576.56</ele>
      </trkpt>
      <trkpt lat="41.30692005157471" lon="-7.57857084274292">
        <ele>576.64</ele>
      </trkpt>
      <trkpt lat="41.30717754364014" lon="-7.578485012054443">
        <ele>576.77</ele>
      </trkpt>
      <trkpt lat="41.30737066268921" lon="-7.5785064697265625">
        <ele>576.85</ele>
      </trkpt>
      <trkpt lat="41.307677775621414" lon="-7.578592132776976">
        <ele>576.95</ele>
      </trkpt>
      <trkpt lat="41.30798488855362" lon="-7.5786778796464205">
        <ele>577.13</ele>
      </trkpt>
      <trkpt lat="41.30829334259033" lon="-7.578763961791992">
        <ele>577.25</ele>
      </trkpt>
      <trkpt lat="41.308528957888484" lon="-7.57878533564508">
        <ele>577.2</ele>
      </trkpt>
      <trkpt lat="41.30876541137695" lon="-7.5788068771362305">
        <ele>577.06</ele>
      </trkpt>
      <trkpt lat="41.308979988098145" lon="-7.578935623168945">
        <ele>576.96</ele>
      </trkpt>
      <trkpt lat="41.30915869027376" lon="-7.579085743054748">
        <ele>576.82</ele>
      </trkpt>
      <trkpt lat="41.30933739244938" lon="-7.57923586294055">
        <ele>576.63</ele>
      </trkpt>
      <trkpt lat="41.30951642990112" lon="-7.579386234283447">
        <ele>576.44</ele>
      </trkpt>
      <trkpt lat="41.3096559047699" lon="-7.579536437988281">
        <ele>576.21</ele>
      </trkpt>
      <trkpt lat="41.30979537963867" lon="-7.579686641693115">
        <ele>575.95</ele>
      </trkpt>
      <trkpt lat="41.30989202298224" lon="-7.579869199544191">
        <ele>575.71</ele>
      </trkpt>
      <trkpt lat="41.309988498687744" lon="-7.580051422119141">
        <ele>575.44</ele>
      </trkpt>
      <trkpt lat="41.310088746249676" lon="-7.580302124843001">
        <ele>575.09</ele>
      </trkpt>
      <trkpt lat="41.31018899381161" lon="-7.580552827566862">
        <ele>574.7</ele>
      </trkpt>
      <trkpt lat="41.31028890609741" lon="-7.5808024406433105">
        <ele>574.23</ele>
      </trkpt>
      <trkpt lat="41.310324696823955" lon="-7.581081977114081">
        <ele>573.91</ele>
      </trkpt>
      <trkpt lat="41.31036057136953" lon="-7.581361513584852">
        <ele>573.69</ele>
      </trkpt>
      <trkpt lat="41.31039619445801" lon="-7.581639289855957">
        <ele>573.5</ele>
      </trkpt>
      <trkpt lat="41.3105034828186" lon="-7.581853866577148">
        <ele>573.21</ele>
      </trkpt>
      <trkpt lat="41.31065377034247" lon="-7.582079255953431">
        <ele>573.02</ele>
      </trkpt>
      <trkpt lat="41.31080389022827" lon="-7.58230447769165">
        <ele>572.89</ele>
      </trkpt>
      <trkpt lat="41.310932636260986" lon="-7.582433223724365">
        <ele>572.79</ele>
      </trkpt>
      <trkpt lat="41.31110429763794" lon="-7.582540512084961">
        <ele>572.73</ele>
      </trkpt>
      <trkpt lat="41.31125450134277" lon="-7.582540512084961">
        <ele>572.68</ele>
      </trkpt>
      <trkpt lat="41.31136178970337" lon="-7.5824761390686035">
        <ele>572.64</ele>
      </trkpt>
      <trkpt lat="41.311447620391846" lon="-7.582347393035889">
        <ele>572.63</ele>
      </trkpt>
      <trkpt lat="41.311506712809205" lon="-7.582035586237907">
        <ele>572.56</ele>
      </trkpt>
      <trkpt lat="41.311565805226564" lon="-7.581723779439926">
        <ele>572.51</ele>
      </trkpt>
      <trkpt lat="41.311624981462955" lon="-7.581411972641945">
        <ele>572.53</ele>
      </trkpt>
      <trkpt lat="41.311683654785156" lon="-7.5811028480529785">
        <ele>572.6</ele>
      </trkpt>
      <trkpt lat="41.311726570129395" lon="-7.580909729003906">
        <ele>572.65</ele>
      </trkpt>
      <trkpt lat="41.31183385848999" lon="-7.580759525299072">
        <ele>572.72</ele>
      </trkpt>
      <trkpt lat="41.31199470721185" lon="-7.580598592758179">
        <ele>572.84</ele>
      </trkpt>
      <trkpt lat="41.31215572357178" lon="-7.580437660217285">
        <ele>572.95</ele>
      </trkpt>
      <trkpt lat="41.31237030029297" lon="-7.580265998840332">
        <ele>573.13</ele>
      </trkpt>
      <trkpt lat="41.31265955977142" lon="-7.580201709643006">
        <ele>573.4</ele>
      </trkpt>
      <trkpt lat="41.312949657440186" lon="-7.580137252807617">
        <ele>573.58</ele>
      </trkpt>
      <trkpt lat="41.313207149505615" lon="-7.579987049102783">
        <ele>573.62</ele>
      </trkpt>
      <trkpt lat="41.31320723332465" lon="-7.579987049102783">
        <ele>573.74</ele>
      </trkpt>
      <trkpt lat="41.31337881088257" lon="-7.5798797607421875">
        <ele>573.78</ele>
      </trkpt>
      <trkpt lat="41.313486099243164" lon="-7.579836845397949">
        <ele>573.83</ele>
      </trkpt>
      <trkpt lat="41.31357192993164" lon="-7.579858303070068">
        <ele>573.91</ele>
      </trkpt>
      <trkpt lat="41.313636302948" lon="-7.579922676086426">
        <ele>574.0</ele>
      </trkpt>
      <trkpt lat="41.313743675127625" lon="-7.5801589619368315">
        <ele>574.16</ele>
      </trkpt>
      <trkpt lat="41.31385087966919" lon="-7.580394744873047">
        <ele>574.26</ele>
      </trkpt>
      <trkpt lat="41.313936710357666" lon="-7.580480575561523">
        <ele>574.32</ele>
      </trkpt>
      <trkpt lat="41.31402254104614" lon="-7.580480575561523">
        <ele>574.33</ele>
      </trkpt>
      <trkpt lat="41.31415128707886" lon="-7.580437660217285">
        <ele>574.31</ele>
      </trkpt>
      <trkpt lat="41.31430132314563" lon="-7.580351829528809">
        <ele>574.26</ele>
      </trkpt>
      <trkpt lat="41.314451694488525" lon="-7.580265998840332">
        <ele>574.16</ele>
      </trkpt>
      <trkpt lat="41.31466593593359" lon="-7.580265998840332">
        <ele>574.07</ele>
      </trkpt>
      <trkpt lat="41.31488084793091" lon="-7.580265998840332">
        <ele>573.92</ele>
      </trkpt>
      <trkpt lat="41.3150954246521" lon="-7.580051422119141">
        <ele>573.63</ele>
      </trkpt>
      <trkpt lat="41.315245628356934" lon="-7.580008506774902">
        <ele>573.38</ele>
      </trkpt>
      <trkpt lat="41.315491972491145" lon="-7.580051338300109">
        <ele>573.1</ele>
      </trkpt>
      <trkpt lat="41.315739154815674" lon="-7.580094337463379">
        <ele>572.65</ele>
      </trkpt>
      <trkpt lat="41.31576061248779" lon="-7.580158710479736">
        <ele>572.31</ele>
      </trkpt>
      <trkpt lat="41.31583579815924" lon="-7.580470433458686">
        <ele>571.93</ele>
      </trkpt>
      <trkpt lat="41.31591106764972" lon="-7.580782156437635">
        <ele>571.54</ele>
      </trkpt>
      <trkpt lat="41.3159863371402" lon="-7.581093879416585">
        <ele>571.15</ele>
      </trkpt>
      <trkpt lat="41.31606101989746" lon="-7.5814032554626465">
        <ele>570.73</ele>
      </trkpt>
      <trkpt lat="41.31621130742133" lon="-7.5815749168396">
        <ele>570.27</ele>
      </trkpt>
      <trkpt lat="41.31629705429077" lon="-7.581617832183838">
        <ele>569.78</ele>
      </trkpt>
      <trkpt lat="41.31651163101196" lon="-7.581639289855957">
        <ele>569.23</ele>
      </trkpt>
      <trkpt lat="41.316511714830995" lon="-7.581639289855957">
        <ele>568.7</ele>
      </trkpt>
      <trkpt lat="41.31680449470878" lon="-7.581674996763468">
        <ele>568.11</ele>
      </trkpt>
      <trkpt lat="41.31709727458656" lon="-7.5817107036709785">
        <ele>567.62</ele>
      </trkpt>
      <trkpt lat="41.31739139556885" lon="-7.581746578216553">
        <ele>567.1</ele>
      </trkpt>
      <trkpt lat="41.31752014160156" lon="-7.581725120544434">
        <ele>566.47</ele>
      </trkpt>
      <trkpt lat="41.31774536333978" lon="-7.581521272659302">
        <ele>565.74</ele>
      </trkpt>
      <trkpt lat="41.317970752716064" lon="-7.58131742477417">
        <ele>565.04</ele>
      </trkpt>
      <trkpt lat="41.31814241409302" lon="-7.581231594085693">
        <ele>564.36</ele>
      </trkpt>
      <trkpt lat="41.31831407546997" lon="-7.5812530517578125">
        <ele>563.69</ele>
      </trkpt>
      <trkpt lat="41.31837844848633" lon="-7.581338882446289">
        <ele>563.04</ele>
      </trkpt>
      <trkpt lat="41.31850719451904" lon="-7.581446170806885">
        <ele>562.34</ele>
      </trkpt>
      <trkpt lat="41.3185715675354" lon="-7.581639289855957">
        <ele>561.64</ele>
      </trkpt>
      <trkpt lat="41.31859302520752" lon="-7.581854285672307">
        <ele>560.94</ele>
      </trkpt>
      <trkpt lat="41.31861448287964" lon="-7.58206844329834">
        <ele>560.14</ele>
      </trkpt>
      <trkpt lat="41.31856067106128" lon="-7.58235870860517">
        <ele>559.42</ele>
      </trkpt>
      <trkpt lat="41.31850719451904" lon="-7.582647800445557">
        <ele>558.83</ele>
      </trkpt>
      <trkpt lat="41.31855010986328" lon="-7.582883834838867">
        <ele>558.17</ele>
      </trkpt>
      <trkpt lat="41.318673575297" lon="-7.583163119852543">
        <ele>557.7</ele>
      </trkpt>
      <trkpt lat="41.31879712454975" lon="-7.583442404866219">
        <ele>557.33</ele>
      </trkpt>
      <trkpt lat="41.318920673802495" lon="-7.583721773698926">
        <ele>556.8</ele>
      </trkpt>
      <trkpt lat="41.31904363632202" lon="-7.5839996337890625">
        <ele>556.15</ele>
      </trkpt>
      <trkpt lat="41.31910809315741" lon="-7.584408167749643">
        <ele>555.62</ele>
      </trkpt>
      <trkpt lat="41.319172382354736" lon="-7.58481502532959">
        <ele>555.12</ele>
      </trkpt>
      <trkpt lat="41.319150840863585" lon="-7.585148373618722">
        <ele>554.74</ele>
      </trkpt>
      <trkpt lat="41.3191294670105" lon="-7.585480213165283">
        <ele>554.42</ele>
      </trkpt>
      <trkpt lat="41.31927967071533" lon="-7.585737705230713">
        <ele>554.1</ele>
      </trkpt>
      <trkpt lat="41.31953716278076" lon="-7.585780620574951">
        <ele>553.92</ele>
      </trkpt>
      <trkpt lat="41.319708824157715" lon="-7.585630416870117">
        <ele>553.87</ele>
      </trkpt>
      <trkpt lat="41.319762552157044" lon="-7.5853293389081955">
        <ele>553.79</ele>
      </trkpt>
      <trkpt lat="41.31981611251831" lon="-7.585029602050781">
        <ele>553.65</ele>
      </trkpt>
      <trkpt lat="41.319944858551025" lon="-7.584664821624756">
        <ele>553.58</ele>
      </trkpt>
      <trkpt lat="41.32008450105786" lon="-7.584320995956659">
        <ele>553.6</ele>
      </trkpt>
      <trkpt lat="41.320223808288574" lon="-7.583978176116943">
        <ele>553.54</ele>
      </trkpt>
      <trkpt lat="41.320438385009766" lon="-7.583785057067871">
        <ele>553.4</ele>
      </trkpt>
      <trkpt lat="41.320738792419434" lon="-7.5838494300842285">
        <ele>553.42</ele>
      </trkpt>
      <trkpt lat="41.32088899612427" lon="-7.583935260772705">
        <ele>553.44</ele>
      </trkpt>
      <trkpt lat="41.3208890799433" lon="-7.583935260772705">
        <ele>553.48</ele>
      </trkpt>
      <trkpt lat="41.32108211517334" lon="-7.584160566329956">
        <ele>553.57</ele>
      </trkpt>
      <trkpt lat="41.32127523422241" lon="-7.584385871887207">
        <ele>553.7</ele>
      </trkpt>
      <trkpt lat="41.321521578356624" lon="-7.584439432248473">
        <ele>553.72</ele>
      </trkpt>
      <trkpt lat="41.32176876068115" lon="-7.584493160247803">
        <ele>553.88</ele>
      </trkpt>
      <trkpt lat="41.32198308594525" lon="-7.584371622651815">
        <ele>553.9</ele>
      </trkpt>
      <trkpt lat="41.32219749502838" lon="-7.58425016887486">
        <ele>553.91</ele>
      </trkpt>
      <trkpt lat="41.32241249084473" lon="-7.584128379821777">
        <ele>553.87</ele>
      </trkpt>
      <trkpt lat="41.322712898254395" lon="-7.584042549133301">
        <ele>553.86</ele>
      </trkpt>
      <trkpt lat="41.32288455963135" lon="-7.584021091461182">
        <ele>553.86</ele>
      </trkpt>
      <trkpt lat="41.3231635093689" lon="-7.584214210510254">
        <ele>554.05</ele>
      </trkpt>
      <trkpt lat="41.32329225540161" lon="-7.584214210510254">
        <ele>554.02</ele>
      </trkpt>
      <trkpt lat="41.323421001434326" lon="-7.5841498374938965">
        <ele>554.02</ele>
      </trkpt>
      <trkpt lat="41.323656952008605" lon="-7.583913803100586">
        <ele>553.94</ele>
      </trkpt>
      <trkpt lat="41.32389307022095" lon="-7.583677768707275">
        <ele>553.83</ele>
      </trkpt>
      <trkpt lat="41.32410764694214" lon="-7.58357048034668">
        <ele>553.67</ele>
      </trkpt>
      <trkpt lat="41.3243218883872" lon="-7.5835811253637075">
        <ele>553.55</ele>
      </trkpt>
      <trkpt lat="41.32453680038452" lon="-7.583591938018799">
        <ele>553.31</ele>
      </trkpt>
      <trkpt lat="41.32470829412341" lon="-7.5836883299052715">
        <ele>553.1</ele>
      </trkpt>
      <trkpt lat="41.32488012313843" lon="-7.583785057067871">
        <ele>552.93</ele>
      </trkpt>
      <trkpt lat="41.3250732421875" lon="-7.583785057067871">
        <ele>552.79</ele>
      </trkpt>
      <trkpt lat="41.32515907287598" lon="-7.583720684051514">
        <ele>552.56</ele>
      </trkpt>
      <trkpt lat="41.325309444218874" lon="-7.583387587219477">
        <ele>552.22</ele>
      </trkpt>
      <trkpt lat="41.325459480285645" lon="-7.58305549621582">
        <ele>551.86</ele>
      </trkpt>
      <trkpt lat="41.32556676864624" lon="-7.582969665527344">
        <ele>551.55</ele>
      </trkpt>
      <trkpt lat="41.32582426071167" lon="-7.582862377166748">
        <ele>551.21</ele>
      </trkpt>
      <trkpt lat="41.32605987600982" lon="-7.5828516483306885">
        <ele>550.9</ele>
      </trkpt>
      <trkpt lat="41.32629632949829" lon="-7.582840919494629">
        <ele>550.59</ele>
      </trkpt>
      <trkpt lat="41.32651090621948" lon="-7.582733631134033">
        <ele>550.23</ele>
      </trkpt>
      <trkpt lat="41.326650297269225" lon="-7.582604885101318">
        <ele>549.83</ele>
      </trkpt>
      <trkpt lat="41.32678985595703" lon="-7.5824761390686035">
        <ele>549.43</ele>
      </trkpt>
      <trkpt lat="41.32706880569458" lon="-7.582433223724365">
        <ele>549.06</ele>
      </trkpt>
      <trkpt lat="41.32729017175734" lon="-7.582504637539387">
        <ele>548.67</ele>
      </trkpt>
      <trkpt lat="41.32751162163913" lon="-7.582576051354408">
        <ele>548.28</ele>
      </trkpt>
      <trkpt lat="41.32773399353027" lon="-7.582647800445557">
        <ele>547.89</ele>
      </trkpt>
      <trkpt lat="41.327927028760314" lon="-7.582840835675597">
        <ele>547.5</ele>
      </trkpt>
      <trkpt lat="41.328120147809386" lon="-7.5830339547246695">
        <ele>547.06</ele>
      </trkpt>
      <trkpt lat="41.32831335067749" lon="-7.583227157592773">
        <ele>546.72</ele>
      </trkpt>
      <trkpt lat="41.328442096710205" lon="-7.583291530609131">
        <ele>546.31</ele>
      </trkpt>
      <trkpt lat="41.32874912582338" lon="-7.583320029079914">
        <ele>545.82</ele>
      </trkpt>
      <trkpt lat="41.329056238755584" lon="-7.583348611369729">
        <ele>545.3</ele>
      </trkpt>
      <trkpt lat="41.32936477661133" lon="-7.583377361297607">
        <ele>544.78</ele>
      </trkpt>
      <trkpt lat="41.329600643366575" lon="-7.583548855036497">
        <ele>544.4</ele>
      </trkpt>
      <trkpt lat="41.32983684539795" lon="-7.583720684051514">
        <ele>544.03</ele>
      </trkpt>
      <trkpt lat="41.3301261048764" lon="-7.583817075937986">
        <ele>543.66</ele>
      </trkpt>
      <trkpt lat="41.330416202545166" lon="-7.583913803100586">
        <ele>543.35</ele>
      </trkpt>
      <trkpt lat="41.3307268358767" lon="-7.583903074264526">
        <ele>542.94</ele>
      </trkpt>
      <trkpt lat="41.33103847503662" lon="-7.583892345428467">
        <ele>542.49</ele>
      </trkpt>
      <trkpt lat="41.33125305175781" lon="-7.584171378985047">
        <ele>542.29</ele>
      </trkpt>
      <trkpt lat="41.331467628479004" lon="-7.5844502449035645">
        <ele>541.93</ele>
      </trkpt>
      <trkpt lat="41.3315643556416" lon="-7.584783425554633">
        <ele>541.71</ele>
      </trkpt>
      <trkpt lat="41.331660747528076" lon="-7.585115432739258">
        <ele>541.37</ele>
      </trkpt>
      <trkpt lat="41.33187532424927" lon="-7.585265636444092">
        <ele>541.06</ele>
      </trkpt>
      <trkpt lat="41.33200407028198" lon="-7.5852227210998535">
        <ele>540.93</ele>
      </trkpt>
      <trkpt lat="41.33211135864258" lon="-7.585115432739258">
        <ele>540.87</ele>
      </trkpt>
      <trkpt lat="41.332154273986816" lon="-7.584965229034424">
        <ele>540.81</ele>
      </trkpt>
      <trkpt lat="41.33216139860451" lon="-7.584649734199047">
        <ele>540.78</ele>
      </trkpt>
      <trkpt lat="41.33216860704124" lon="-7.584334323182702">
        <ele>540.76</ele>
      </trkpt>
      <trkpt lat="41.332175731658936" lon="-7.584021091461182">
        <ele>540.73</ele>
      </trkpt>
      <trkpt lat="41.332218647003174" lon="-7.583763599395752">
        <ele>540.72</ele>
      </trkpt>
      <trkpt lat="41.33237614296377" lon="-7.583448523655534">
        <ele>540.8</ele>
      </trkpt>
      <trkpt lat="41.33253363892436" lon="-7.583133447915316">
        <ele>540.95</ele>
      </trkpt>
      <trkpt lat="41.332690715789795" lon="-7.58281946182251">
        <ele>541.06</ele>
      </trkpt>
      <trkpt lat="41.33279800415039" lon="-7.582733631134033">
        <ele>541.11</ele>
      </trkpt>
      <trkpt lat="41.332948207855225" lon="-7.582733631134033">
        <ele>541.17</ele>
      </trkpt>
      <trkpt lat="41.333169573917985" lon="-7.582769338041544">
        <ele>541.28</ele>
      </trkpt>
      <trkpt lat="41.33339102379978" lon="-7.582805044949055">
        <ele>541.43</ele>
      </trkpt>
      <trkpt lat="41.33361339569092" lon="-7.582840919494629">
        <ele>541.62</ele>
      </trkpt>
      <trkpt lat="41.33382788859308" lon="-7.582615613937378">
        <ele>541.63</ele>
      </trkpt>
      <trkpt lat="41.3340425491333" lon="-7.582390308380127">
        <ele>541.65</ele>
      </trkpt>
      <trkpt lat="41.33434295654297" lon="-7.582433223724365">
        <ele>541.76</ele>
      </trkpt>
      <trkpt lat="41.33455719798803" lon="-7.582497429102659">
        <ele>541.73</ele>
      </trkpt>
      <trkpt lat="41.33477210998535" lon="-7.58256196975708">
        <ele>541.56</ele>
      </trkpt>
      <trkpt lat="41.334900856018066" lon="-7.582669258117676">
        <ele>541.49</ele>
      </trkpt>
      <trkpt lat="41.335008228197694" lon="-7.58285173214972">
        <ele>541.52</ele>
      </trkpt>
      <trkpt lat="41.33511543273926" lon="-7.583034038543701">
        <ele>541.48</ele>
      </trkpt>
      <trkpt lat="41.33515843190253" lon="-7.58323822170496">
        <ele>541.56</ele>
      </trkpt>
      <trkpt lat="41.335201263427734" lon="-7.583441734313965">
        <ele>541.59</ele>
      </trkpt>
      <trkpt lat="41.3353515509516" lon="-7.583692269399762">
        <ele>541.27</ele>
      </trkpt>
      <trkpt lat="41.335501838475466" lon="-7.5839428044855595">
        <ele>541.08</ele>
      </trkpt>
      <trkpt lat="41.335651874542236" lon="-7.584192752838135">
        <ele>540.93</ele>
      </trkpt>
      <trkpt lat="41.33575916290283" lon="-7.584278583526611">
        <ele>540.6</ele>
      </trkpt>
      <trkpt lat="41.33600911125541" lon="-7.584314290434122">
        <ele>540.09</ele>
      </trkpt>
      <trkpt lat="41.33625905960798" lon="-7.584349997341633">
        <ele>539.76</ele>
      </trkpt>
      <trkpt lat="41.336510181427" lon="-7.584385871887207">
        <ele>539.48</ele>
      </trkpt>
      <trkpt lat="41.336703300476074" lon="-7.584342956542969">
        <ele>539.11</ele>
      </trkpt>
      <trkpt lat="41.33685358799994" lon="-7.584117483347654">
        <ele>538.48</ele>
      </trkpt>
      <trkpt lat="41.337003791704774" lon="-7.583892345428467">
        <ele>537.9</ele>
      </trkpt>
      <trkpt lat="41.337196826934814" lon="-7.583713559433818">
        <ele>537.37</ele>
      </trkpt>
      <trkpt lat="41.337389862164855" lon="-7.583534773439169">
        <ele>536.7</ele>
      </trkpt>
      <trkpt lat="41.33758314885199" lon="-7.583355903625488">
        <ele>536.03</ele>
      </trkpt>
      <trkpt lat="41.337733352556825" lon="-7.583270072937012">
        <ele>535.49</ele>
      </trkpt>
      <trkpt lat="41.33793686516583" lon="-7.583248615264893">
        <ele>535.08</ele>
      </trkpt>
      <trkpt lat="41.33814104832709" lon="-7.583227157592773">
        <ele>534.67</ele>
      </trkpt>
      <trkpt lat="41.3382697943598" lon="-7.583119869232178">
        <ele>534.11</ele>
      </trkpt>
      <trkpt lat="41.33839862421155" lon="-7.5829158537089825">
        <ele>533.41</ele>
      </trkpt>
      <trkpt lat="41.33852728642523" lon="-7.582712173461914">
        <ele>532.63</ele>
      </trkpt>
      <trkpt lat="41.33876306936145" lon="-7.582576386630535">
        <ele>532.03</ele>
      </trkpt>
      <trkpt lat="41.338998852297664" lon="-7.582440599799156">
        <ele>531.46</ele>
      </trkpt>
      <trkpt lat="41.339235389605165" lon="-7.58230447769165">
        <ele>530.84</ele>
      </trkpt>
      <trkpt lat="41.33936421945691" lon="-7.582089649513364">
        <ele>529.97</ele>
      </trkpt>
      <trkpt lat="41.339492881670594" lon="-7.581875324249268">
        <ele>529.07</ele>
      </trkpt>
      <trkpt lat="41.33962162770331" lon="-7.581789493560791">
        <ele>528.33</ele>
      </trkpt>
      <trkpt lat="41.339814495295286" lon="-7.581885885447264">
        <ele>527.78</ele>
      </trkpt>
      <trkpt lat="41.340007865801454" lon="-7.581982612609863">
        <ele>527.22</ele>
      </trkpt>
      <trkpt lat="41.34027591906488" lon="-7.582186292856932">
        <ele>526.68</ele>
      </trkpt>
      <trkpt lat="41.340543972328305" lon="-7.582390056923032">
        <ele>526.21</ele>
      </trkpt>
      <trkpt lat="41.34081202559173" lon="-7.5825937371701">
        <ele>525.43</ele>
      </trkpt>
      <trkpt lat="41.34108074940741" lon="-7.582798004150391">
        <ele>524.8</ele>
      </trkpt>
      <trkpt lat="41.34129524230957" lon="-7.5829267501831055">
        <ele>524.46</ele>
      </trkpt>
      <trkpt lat="41.34149883873761" lon="-7.583012413233519">
        <ele>523.99</ele>
      </trkpt>
      <trkpt lat="41.341702938079834" lon="-7.583098411560059">
        <ele>523.49</ele>
      </trkpt>
      <trkpt lat="41.34178876876831" lon="-7.58305549621582">
        <ele>523.12</ele>
      </trkpt>
      <trkpt lat="41.3418532256037" lon="-7.582969665527344">
        <ele>522.85</ele>
      </trkpt>
      <trkpt lat="41.34191759862006" lon="-7.582862377166748">
        <ele>522.67</ele>
      </trkpt>
      <trkpt lat="41.34202488698065" lon="-7.582690715789795">
        <ele>522.73</ele>
      </trkpt>
      <trkpt lat="41.34204634465277" lon="-7.582583427429199">
        <ele>522.77</ele>
      </trkpt>
      <trkpt lat="41.34204634465277" lon="-7.582454681396484">
        <ele>522.89</ele>
      </trkpt>
      <trkpt lat="41.34189614094794" lon="-7.582283020019531">
        <ele>523.01</ele>
      </trkpt>
      <trkpt lat="41.34164962917566" lon="-7.582186544314027">
        <ele>523.08</ele>
      </trkpt>
      <trkpt lat="41.341402530670166" lon="-7.582089900970459">
        <ele>523.19</ele>
      </trkpt>
      <trkpt lat="41.34118787012994" lon="-7.581832325085998">
        <ele>523.53</ele>
      </trkpt>
      <trkpt lat="41.34097337722778" lon="-7.5815749168396">
        <ele>523.88</ele>
      </trkpt>
      <trkpt lat="41.34075888432562" lon="-7.5814032554626465">
        <ele>524.17</ele>
      </trkpt>
      <trkpt lat="41.3405442237854" lon="-7.581231594085693">
        <ele>524.5</ele>
      </trkpt>
      <trkpt lat="41.340458393096924" lon="-7.581124305725098">
        <ele>524.93</ele>
      </trkpt>
      <trkpt lat="41.34037256240845" lon="-7.580780982971191">
        <ele>525.51</ele>
      </trkpt>
      <trkpt lat="41.34032956324518" lon="-7.580533633008599">
        <ele>526.06</ele>
      </trkpt>
      <trkpt lat="41.340286815539" lon="-7.580287456512451">
        <ele>526.63</ele>
      </trkpt>
      <trkpt lat="41.340222442522645" lon="-7.580094337463379">
        <ele>527.34</ele>
      </trkpt>
      <trkpt lat="41.3400936126709" lon="-7.579922676086426">
        <ele>528.2</ele>
      </trkpt>
      <trkpt lat="41.339964866638184" lon="-7.579901218414307">
        <ele>528.9</ele>
      </trkpt>
      <trkpt lat="41.339664878323674" lon="-7.579954778775573">
        <ele>529.54</ele>
      </trkpt>
      <trkpt lat="41.33936405181885" lon="-7.580008506774902">
        <ele>530.29</ele>
      </trkpt>
      <trkpt lat="41.339192390441895" lon="-7.580137252807617">
        <ele>530.99</ele>
      </trkpt>
      <trkpt lat="41.33897764608264" lon="-7.580427015200257">
        <ele>531.59</ele>
      </trkpt>
      <trkpt lat="41.33876323699951" lon="-7.580716609954834">
        <ele>532.34</ele>
      </trkpt>
      <trkpt lat="41.338505828753114" lon="-7.580909561365843">
        <ele>533.2</ele>
      </trkpt>
      <trkpt lat="41.33824825286865" lon="-7.5811028480529785">
        <ele>533.88</ele>
      </trkpt>
      <trkpt lat="41.33794826455414" lon="-7.5811349507421255">
        <ele>534.63</ele>
      </trkpt>
      <trkpt lat="41.337647438049316" lon="-7.581167221069336">
        <ele>535.39</ele>
      </trkpt>
      <trkpt lat="41.337454319000244" lon="-7.581038475036621">
        <ele>536.19</ele>
      </trkpt>
      <trkpt lat="41.33734703063965" lon="-7.580738067626953">
        <ele>537.0</ele>
      </trkpt>
      <trkpt lat="41.33725021965802" lon="-7.580361803993583">
        <ele>537.71</ele>
      </trkpt>
      <trkpt lat="41.337153911590576" lon="-7.579987049102783">
        <ele>538.4</ele>
      </trkpt>
      <trkpt lat="41.33705718442798" lon="-7.579815220087767">
        <ele>538.94</ele>
      </trkpt>
      <trkpt lat="41.336960792541504" lon="-7.579643726348877">
        <ele>539.44</ele>
      </trkpt>
      <trkpt lat="41.33681058883667" lon="-7.5795793533325195">
        <ele>539.74</ele>
      </trkpt>
      <trkpt lat="41.33655309677124" lon="-7.579600811004639">
        <ele>539.86</ele>
      </trkpt>
      <trkpt lat="41.33635997772217" lon="-7.579536437988281">
        <ele>540.03</ele>
      </trkpt>
      <trkpt lat="41.33614540100098" lon="-7.579278945922852">
        <ele>540.29</ele>
      </trkpt>
      <trkpt lat="41.33596493862569" lon="-7.578986836597323">
        <ele>540.43</ele>
      </trkpt>
      <trkpt lat="41.33578456006944" lon="-7.578694811090827">
        <ele>540.43</ele>
      </trkpt>
      <trkpt lat="41.33560418151319" lon="-7.578402785584331">
        <ele>540.45</ele>
      </trkpt>
      <trkpt lat="41.33542380295694" lon="-7.578110676258802">
        <ele>540.36</ele>
      </trkpt>
      <trkpt lat="41.33524417877197" lon="-7.57781982421875">
        <ele>540.25</ele>
      </trkpt>
      <trkpt lat="41.33513672277331" lon="-7.577529642730951">
        <ele>540.11</ele>
      </trkpt>
      <trkpt lat="41.335029266774654" lon="-7.577239545062184">
        <ele>539.92</ele>
      </trkpt>
      <trkpt lat="41.334921810775995" lon="-7.576949363574386">
        <ele>539.72</ele>
      </trkpt>
      <trkpt lat="41.33481502532959" lon="-7.576661109924316">
        <ele>539.5</ele>
      </trkpt>
      <trkpt lat="41.33460053242743" lon="-7.576478719711304">
        <ele>539.08</ele>
      </trkpt>
      <trkpt lat="41.33438595570624" lon="-7.576296329498291">
        <ele>538.69</ele>
      </trkpt>
      <trkpt lat="41.33438587188721" lon="-7.576296329498291">
        <ele>538.3</ele>
      </trkpt>
      <trkpt lat="41.33417137898505" lon="-7.576038837432861">
        <ele>537.83</ele>
      </trkpt>
      <trkpt lat="41.334171295166016" lon="-7.576038837432861">
        <ele>537.4</ele>
      </trkpt>
      <trkpt lat="41.3341498374939" lon="-7.575652599334717">
        <ele>536.81</ele>
      </trkpt>
      <trkpt lat="41.33426324464381" lon="-7.575414972379804">
        <ele>536.32</ele>
      </trkpt>
      <trkpt lat="41.33437673561275" lon="-7.575177429243922">
        <ele>535.84</ele>
      </trkpt>
      <trkpt lat="41.334442449733615" lon="-7.575037702918053">
        <ele>535.4</ele>
      </trkpt>
      <trkpt lat="41.33444253355265" lon="-7.575037619099021">
        <ele>534.96</ele>
      </trkpt>
      <trkpt lat="41.33444261737168" lon="-7.575037535279989">
        <ele>534.52</ele>
      </trkpt>
      <trkpt lat="41.33444278500974" lon="-7.575037283822894">
        <ele>534.1</ele>
      </trkpt>
      <trkpt lat="41.33444286882877" lon="-7.575037200003862">
        <ele>533.7</ele>
      </trkpt>
      <trkpt lat="41.334442952647805" lon="-7.575037032365799">
        <ele>533.33</ele>
      </trkpt>
      <trkpt lat="41.33444312028587" lon="-7.5750368647277355">
        <ele>532.98</ele>
      </trkpt>
      <trkpt lat="41.33444328792393" lon="-7.57503661327064">
        <ele>532.65</ele>
      </trkpt>
      <trkpt lat="41.334443455561996" lon="-7.575036445632577">
        <ele>532.37</ele>
      </trkpt>
      <trkpt lat="41.33444362320006" lon="-7.575036194175482">
        <ele>532.11</ele>
      </trkpt>
      <trkpt lat="41.33444379083812" lon="-7.575036026537418">
        <ele>531.9</ele>
      </trkpt>
      <trkpt lat="41.334461476653814" lon="-7.574998810887337">
        <ele>531.72</ele>
      </trkpt>
      <trkpt lat="41.33447849191725" lon="-7.574963103979826">
        <ele>531.59</ele>
      </trkpt>
      <trkpt lat="41.33447849191725" lon="-7.574963187798858">
        <ele>531.5</ele>
      </trkpt>
      <trkpt lat="41.33447933010757" lon="-7.574961595237255">
        <ele>531.45</ele>
      </trkpt>
      <trkpt lat="41.33447974920273" lon="-7.57496084086597">
        <ele>531.46</ele>
      </trkpt>
      <trkpt lat="41.33448067121208" lon="-7.574958996847272">
        <ele>531.51</ele>
      </trkpt>
      <trkpt lat="41.33448134176433" lon="-7.574957823380828">
        <ele>531.61</ele>
      </trkpt>
      <trkpt lat="41.334481593221426" lon="-7.574957488104701">
        <ele>531.76</ele>
      </trkpt>
      <trkpt lat="41.33448167704046" lon="-7.574957488104701">
        <ele>531.96</ele>
      </trkpt>
      <trkpt lat="41.334483018144965" lon="-7.574954722076654">
        <ele>532.21</ele>
      </trkpt>
      <trkpt lat="41.334483101964" lon="-7.574954638257623">
        <ele>532.51</ele>
      </trkpt>
      <trkpt lat="41.33448326960206" lon="-7.574954386800528">
        <ele>532.86</ele>
      </trkpt>
      <trkpt lat="41.334489807486534" lon="-7.57494080811739">
        <ele>533.26</ele>
      </trkpt>
      <trkpt lat="41.33455007337034" lon="-7.574814409017563">
        <ele>533.71</ele>
      </trkpt>
      <trkpt lat="41.334693571552634" lon="-7.574513917788863">
        <ele>534.24</ele>
      </trkpt>
      <trkpt lat="41.33483648300171" lon="-7.574214935302734">
        <ele>534.87</ele>
      </trkpt>
      <trkpt lat="41.33479356765747" lon="-7.573957443237305">
        <ele>535.48</ele>
      </trkpt>
      <trkpt lat="41.334686279296875" lon="-7.573807239532471">
        <ele>536.13</ele>
      </trkpt>
      <trkpt lat="41.33448259904981" lon="-7.573700034990907">
        <ele>536.77</ele>
      </trkpt>
      <trkpt lat="41.33427858352661" lon="-7.573592662811279">
        <ele>537.42</ele>
      </trkpt>
      <trkpt lat="41.334214210510254" lon="-7.573378086090088">
        <ele>538.21</ele>
      </trkpt>
      <trkpt lat="41.33414966985583" lon="-7.573001738637686">
        <ele>539.06</ele>
      </trkpt>
      <trkpt lat="41.33408546447754" lon="-7.572627067565918">
        <ele>539.99</ele>
      </trkpt>
      <trkpt lat="41.33397809229791" lon="-7.572465967386961">
        <ele>540.74</ele>
      </trkpt>
      <trkpt lat="41.33387088775635" lon="-7.572305202484131">
        <ele>541.55</ele>
      </trkpt>
      <trkpt lat="41.33375270292163" lon="-7.572058103978634">
        <ele>542.35</ele>
      </trkpt>
      <trkpt lat="41.33363485336304" lon="-7.571811676025391">
        <ele>543.14</ele>
      </trkpt>
      <trkpt lat="41.33357048034668" lon="-7.57157564163208">
        <ele>544.04</ele>
      </trkpt>
      <trkpt lat="41.33362420834601" lon="-7.57137137465179">
        <ele>545.02</ele>
      </trkpt>
      <trkpt lat="41.333677768707275" lon="-7.571167945861816">
        <ele>545.97</ele>
      </trkpt>
      <trkpt lat="41.33363485336304" lon="-7.570996284484863">
        <ele>546.82</ele>
      </trkpt>
      <trkpt lat="41.333420276641846" lon="-7.570788832381368">
        <ele>547.53</ele>
      </trkpt>
      <trkpt lat="41.333205699920654" lon="-7.570581464096904">
        <ele>548.3</ele>
      </trkpt>
      <trkpt lat="41.33299112319946" lon="-7.570374011993408">
        <ele>549.1</ele>
      </trkpt>
      <trkpt lat="41.33284091949463" lon="-7.570352554321289">
        <ele>549.81</ele>
      </trkpt>
      <trkpt lat="41.33264788426459" lon="-7.5704811327159405">
        <ele>550.37</ele>
      </trkpt>
      <trkpt lat="41.332454681396484" lon="-7.570610046386719">
        <ele>550.95</ele>
      </trkpt>
      <trkpt lat="41.33228302001953" lon="-7.5705885887146">
        <ele>551.61</ele>
      </trkpt>
      <trkpt lat="41.332154273986816" lon="-7.570481300354004">
        <ele>552.24</ele>
      </trkpt>
      <trkpt lat="41.33202536031604" lon="-7.570209139958024">
        <ele>552.79</ele>
      </trkpt>
      <trkpt lat="41.33189644664526" lon="-7.569936979562044">
        <ele>553.47</ele>
      </trkpt>
      <trkpt lat="41.33176803588867" lon="-7.569665908813477">
        <ele>554.16</ele>
      </trkpt>
      <trkpt lat="41.331660747528076" lon="-7.569515705108643">
        <ele>554.68</ele>
      </trkpt>
      <trkpt lat="41.33153200149536" lon="-7.569451332092285">
        <ele>555.11</ele>
      </trkpt>
      <trkpt lat="41.33138179779053" lon="-7.569429874420166">
        <ele>555.5</ele>
      </trkpt>
      <trkpt lat="41.33127450942993" lon="-7.569515705108643">
        <ele>555.84</ele>
      </trkpt>
      <trkpt lat="41.33117778226733" lon="-7.569708991795778">
        <ele>556.11</ele>
      </trkpt>
      <trkpt lat="41.33108139038086" lon="-7.569901943206787">
        <ele>556.38</ele>
      </trkpt>
      <trkpt lat="41.33096328936517" lon="-7.570052146911621">
        <ele>556.68</ele>
      </trkpt>
      <trkpt lat="41.33084535598755" lon="-7.570202350616455">
        <ele>556.95</ele>
      </trkpt>
      <trkpt lat="41.33062021806836" lon="-7.570320200175047">
        <ele>557.36</ele>
      </trkpt>
      <trkpt lat="41.33039474487305" lon="-7.570438385009766">
        <ele>557.72</ele>
      </trkpt>
      <trkpt lat="41.330201625823975" lon="-7.570438385009766">
        <ele>558.0</ele>
      </trkpt>
      <trkpt lat="41.33005142211914" lon="-7.570309638977051">
        <ele>558.2</ele>
      </trkpt>
      <trkpt lat="41.32990121841431" lon="-7.570030689239502">
        <ele>558.47</ele>
      </trkpt>
      <trkpt lat="41.329665184020996" lon="-7.56983757019043">
        <ele>558.58</ele>
      </trkpt>
      <trkpt lat="41.32949352264404" lon="-7.569751739501953">
        <ele>558.69</ele>
      </trkpt>
      <trkpt lat="41.32936477661133" lon="-7.569751739501953">
        <ele>558.74</ele>
      </trkpt>
      <trkpt lat="41.32915019989014" lon="-7.569923400878906">
        <ele>558.66</ele>
      </trkpt>
      <trkpt lat="41.328957080841064" lon="-7.5699663162231445">
        <ele>558.65</ele>
      </trkpt>
      <trkpt lat="41.328742587938905" lon="-7.569880485534668">
        <ele>558.7</ele>
      </trkpt>
      <trkpt lat="41.32874250411987" lon="-7.569880485534668">
        <ele>558.72</ele>
      </trkpt>
      <trkpt lat="41.328506553545594" lon="-7.569719636812806">
        <ele>558.8</ele>
      </trkpt>
      <trkpt lat="41.32827043533325" lon="-7.569558620452881">
        <ele>558.9</ele>
      </trkpt>
      <trkpt lat="41.32814168930054" lon="-7.569408416748047">
        <ele>558.84</ele>
      </trkpt>
      <trkpt lat="41.32814168930054" lon="-7.569108009338379">
        <ele>558.88</ele>
      </trkpt>
      <trkpt lat="41.328249145299196" lon="-7.568764016032219">
        <ele>558.82</ele>
      </trkpt>
      <trkpt lat="41.328356601297855" lon="-7.568420106545091">
        <ele>558.74</ele>
      </trkpt>
      <trkpt lat="41.328464057296515" lon="-7.568076197057962">
        <ele>558.7</ele>
      </trkpt>
      <trkpt lat="41.32857084274292" lon="-7.567734718322754">
        <ele>558.73</ele>
      </trkpt>
      <trkpt lat="41.3285493850708" lon="-7.567477226257324">
        <ele>558.68</ele>
      </trkpt>
      <trkpt lat="41.328420639038086" lon="-7.567262649536133">
        <ele>558.6</ele>
      </trkpt>
      <trkpt lat="41.32824897766113" lon="-7.567155361175537">
        <ele>558.57</ele>
      </trkpt>
      <trkpt lat="41.327970027923584" lon="-7.567155361175537">
        <ele>558.55</ele>
      </trkpt>
      <trkpt lat="41.32774857804179" lon="-7.567233899608254">
        <ele>558.5</ele>
      </trkpt>
      <trkpt lat="41.32752712816" lon="-7.5673125218600035">
        <ele>558.49</ele>
      </trkpt>
      <trkpt lat="41.32730492390692" lon="-7.567391395568848">
        <ele>558.53</ele>
      </trkpt>
      <trkpt lat="41.327176094055176" lon="-7.567434310913086">
        <ele>558.58</ele>
      </trkpt>
      <trkpt lat="41.326961517333984" lon="-7.5673699378967285">
        <ele>558.65</ele>
      </trkpt>
      <trkpt lat="41.326704025268555" lon="-7.567176818847656">
        <ele>558.78</ele>
      </trkpt>
      <trkpt lat="41.32650042884052" lon="-7.567133903503418">
        <ele>558.87</ele>
      </trkpt>
      <trkpt lat="41.32629632949829" lon="-7.56709098815918">
        <ele>558.93</ele>
      </trkpt>
      <trkpt lat="41.3260817527771" lon="-7.566790580749512">
        <ele>558.93</ele>
      </trkpt>
      <trkpt lat="41.32603883743286" lon="-7.566468715667725">
        <ele>559.1</ele>
      </trkpt>
      <trkpt lat="41.326024420559406" lon="-7.566189095377922">
        <ele>559.31</ele>
      </trkpt>
      <trkpt lat="41.32601008750498" lon="-7.5659094750881195">
        <ele>559.55</ele>
      </trkpt>
      <trkpt lat="41.32599592208862" lon="-7.565631866455078">
        <ele>559.85</ele>
      </trkpt>
      <trkpt lat="41.325931549072266" lon="-7.565417289733887">
        <ele>560.1</ele>
      </trkpt>
      <trkpt lat="41.32573843002319" lon="-7.565116882324219">
        <ele>560.34</ele>
      </trkpt>
      <trkpt lat="41.325609516352415" lon="-7.564859054982662">
        <ele>560.68</ele>
      </trkpt>
      <trkpt lat="41.325480937957764" lon="-7.564601898193359">
        <ele>561.0</ele>
      </trkpt>
      <trkpt lat="41.325459480285645" lon="-7.564301490783691">
        <ele>561.3</ele>
      </trkpt>
      <trkpt lat="41.325513208284974" lon="-7.563968142494559">
        <ele>561.66</ele>
      </trkpt>
      <trkpt lat="41.32556676864624" lon="-7.563636302947998">
        <ele>562.06</ele>
      </trkpt>
      <trkpt lat="41.32572426460683" lon="-7.5632924772799015">
        <ele>562.54</ele>
      </trkpt>
      <trkpt lat="41.32588184438646" lon="-7.562948735430837">
        <ele>563.05</ele>
      </trkpt>
      <trkpt lat="41.32603883743286" lon="-7.562606334686279">
        <ele>563.57</ele>
      </trkpt>
      <trkpt lat="41.326232040300965" lon="-7.5623273849487305">
        <ele>564.11</ele>
      </trkpt>
      <trkpt lat="41.32629632949829" lon="-7.562155723571777">
        <ele>564.62</ele>
      </trkpt>
      <trkpt lat="41.32631778717041" lon="-7.562005519866943">
        <ele>565.12</ele>
      </trkpt>
      <trkpt lat="41.326231956481934" lon="-7.561769485473633">
        <ele>565.66</ele>
      </trkpt>
      <trkpt lat="41.326086949557066" lon="-7.561484836041927">
        <ele>566.22</ele>
      </trkpt>
      <trkpt lat="41.3259419426322" lon="-7.561200186610222">
        <ele>566.71</ele>
      </trkpt>
      <trkpt lat="41.32579693570733" lon="-7.560915537178516">
        <ele>567.22</ele>
      </trkpt>
      <trkpt lat="41.32565259933472" lon="-7.560632228851318">
        <ele>567.64</ele>
      </trkpt>
      <trkpt lat="41.32554531097412" lon="-7.560288906097412">
        <ele>568.05</ele>
      </trkpt>
      <trkpt lat="41.32545386441052" lon="-7.559912642464042">
        <ele>568.45</ele>
      </trkpt>
      <trkpt lat="41.32536250166595" lon="-7.559536378830671">
        <ele>568.76</ele>
      </trkpt>
      <trkpt lat="41.32527113892138" lon="-7.559160115197301">
        <ele>569.07</ele>
      </trkpt>
      <trkpt lat="41.325180530548096" lon="-7.558786869049072">
        <ele>569.25</ele>
      </trkpt>
      <trkpt lat="41.32513769902289" lon="-7.558443546295166">
        <ele>569.35</ele>
      </trkpt>
      <trkpt lat="41.32513769902289" lon="-7.558293342590332">
        <ele>569.37</ele>
      </trkpt>
      <trkpt lat="41.325180530548096" lon="-7.55810022354126">
        <ele>569.31</ele>
      </trkpt>
      <trkpt lat="41.325255716219544" lon="-7.557852957397699">
        <ele>569.22</ele>
      </trkpt>
      <trkpt lat="41.32533073425293" lon="-7.5576066970825195">
        <ele>569.06</ele>
      </trkpt>
      <trkpt lat="41.32537364959717" lon="-7.557284832000732">
        <ele>568.8</ele>
      </trkpt>
      <trkpt lat="41.32534674368799" lon="-7.55695684812963">
        <ele>568.46</ele>
      </trkpt>
      <trkpt lat="41.32531983777881" lon="-7.556628864258528">
        <ele>568.05</ele>
      </trkpt>
      <trkpt lat="41.325292931869626" lon="-7.556300880387425">
        <ele>567.66</ele>
      </trkpt>
      <trkpt lat="41.32526636123657" lon="-7.555975914001465">
        <ele>567.22</ele>
      </trkpt>
      <trkpt lat="41.3251303229481" lon="-7.555725295096636">
        <ele>566.67</ele>
      </trkpt>
      <trkpt lat="41.324994284659624" lon="-7.555474676191807">
        <ele>566.07</ele>
      </trkpt>
      <trkpt lat="41.32485874928534" lon="-7.555224895477295">
        <ele>565.46</ele>
      </trkpt>
      <trkpt lat="41.32485866546631" lon="-7.555224895477295">
        <ele>564.89</ele>
      </trkpt>
      <trkpt lat="41.32479437626898" lon="-7.554967403411865">
        <ele>564.25</ele>
      </trkpt>
      <trkpt lat="41.32477283477783" lon="-7.554645538330078">
        <ele>563.5</ele>
      </trkpt>
      <trkpt lat="41.32483720779419" lon="-7.554495334625244">
        <ele>562.78</ele>
      </trkpt>
      <trkpt lat="41.324965953826904" lon="-7.554388046264648">
        <ele>562.06</ele>
      </trkpt>
      <trkpt lat="41.3251266349107" lon="-7.554334402084351">
        <ele>561.4</ele>
      </trkpt>
      <trkpt lat="41.32528781890869" lon="-7.554280757904053">
        <ele>560.74</ele>
      </trkpt>
      <trkpt lat="41.32554531097412" lon="-7.554066181182861">
        <ele>560.01</ele>
      </trkpt>
      <trkpt lat="41.32572744973004" lon="-7.553969705477357">
        <ele>559.37</ele>
      </trkpt>
      <trkpt lat="41.32591009140015" lon="-7.553873062133789">
        <ele>558.71</ele>
      </trkpt>
      <trkpt lat="41.32608896121383" lon="-7.553615402430296">
        <ele>557.95</ele>
      </trkpt>
      <trkpt lat="41.32626791484654" lon="-7.553357742726803">
        <ele>557.21</ele>
      </trkpt>
      <trkpt lat="41.326446533203125" lon="-7.5531005859375">
        <ele>556.4</ele>
      </trkpt>
      <trkpt lat="41.326682567596436" lon="-7.553014755249023">
        <ele>555.7</ele>
      </trkpt>
      <trkpt lat="41.32681131362915" lon="-7.552907466888428">
        <ele>554.98</ele>
      </trkpt>
      <trkpt lat="41.32690795697272" lon="-7.552671013399959">
        <ele>554.12</ele>
      </trkpt>
      <trkpt lat="41.32700443267822" lon="-7.552435398101807">
        <ele>553.24</ele>
      </trkpt>
      <trkpt lat="41.327161844819784" lon="-7.552220653742552">
        <ele>552.43</ele>
      </trkpt>
      <trkpt lat="41.327319256961346" lon="-7.552005993202329">
        <ele>551.61</ele>
      </trkpt>
      <trkpt lat="41.327476501464844" lon="-7.551791667938232">
        <ele>550.85</ele>
      </trkpt>
      <trkpt lat="41.327514136210084" lon="-7.55142068490386">
        <ele>549.94</ele>
      </trkpt>
      <trkpt lat="41.327551770955324" lon="-7.551049701869488">
        <ele>549.02</ele>
      </trkpt>
      <trkpt lat="41.327589405700564" lon="-7.550678718835115">
        <ele>548.02</ele>
      </trkpt>
      <trkpt lat="41.32762670516968" lon="-7.550311088562012">
        <ele>547.14</ele>
      </trkpt>
      <trkpt lat="41.32760524749756" lon="-7.550139427185059">
        <ele>546.22</ele>
      </trkpt>
      <trkpt lat="41.32751941680908" lon="-7.549946308135986">
        <ele>545.28</ele>
      </trkpt>
      <trkpt lat="41.3275408744812" lon="-7.549560070037842">
        <ele>544.28</ele>
      </trkpt>
      <trkpt lat="41.327712619677186" lon="-7.549270140007138">
        <ele>543.26</ele>
      </trkpt>
      <trkpt lat="41.32788419723511" lon="-7.548980712890625">
        <ele>542.32</ele>
      </trkpt>
      <trkpt lat="41.327954018488526" lon="-7.548647364601493">
        <ele>541.26</ele>
      </trkpt>
      <trkpt lat="41.32802392356098" lon="-7.5483141001313925">
        <ele>540.13</ele>
      </trkpt>
      <trkpt lat="41.32809382863343" lon="-7.547980835661292">
        <ele>538.91</ele>
      </trkpt>
      <trkpt lat="41.328163146972656" lon="-7.547650337219238">
        <ele>537.63</ele>
      </trkpt>
      <trkpt lat="41.32824897766113" lon="-7.547500133514404">
        <ele>536.45</ele>
      </trkpt>
      <trkpt lat="41.32841343060136" lon="-7.547314139083028">
        <ele>535.23</ele>
      </trkpt>
      <trkpt lat="41.328577967360616" lon="-7.547128144651651">
        <ele>534.01</ele>
      </trkpt>
      <trkpt lat="41.32874250411987" lon="-7.546942234039307">
        <ele>532.84</ele>
      </trkpt>
      <trkpt lat="41.32880687713623" lon="-7.546749114990234">
        <ele>531.64</ele>
      </trkpt>
      <trkpt lat="41.32878541946411" lon="-7.546577453613281">
        <ele>530.33</ele>
      </trkpt>
      <trkpt lat="41.32868869230151" lon="-7.546341000124812">
        <ele>528.89</ele>
      </trkpt>
      <trkpt lat="41.32859230041504" lon="-7.54610538482666">
        <ele>527.44</ele>
      </trkpt>
      <trkpt lat="41.32861375808716" lon="-7.545912265777588">
        <ele>526.08</ele>
      </trkpt>
      <trkpt lat="41.328678131103516" lon="-7.545783519744873">
        <ele>524.68</ele>
      </trkpt>
      <trkpt lat="41.32882833480835" lon="-7.545654773712158">
        <ele>523.26</ele>
      </trkpt>
      <trkpt lat="41.3290639501065" lon="-7.545618982985616">
        <ele>521.93</ele>
      </trkpt>
      <trkpt lat="41.329299649223685" lon="-7.545583276078105">
        <ele>520.54</ele>
      </trkpt>
      <trkpt lat="41.32953643798828" lon="-7.5455474853515625">
        <ele>519.14</ele>
      </trkpt>
      <trkpt lat="41.329665184020996" lon="-7.545461654663086">
        <ele>517.65</ele>
      </trkpt>
      <trkpt lat="41.32972955703735" lon="-7.545311450958252">
        <ele>516.07</ele>
      </trkpt>
      <trkpt lat="41.32974028587341" lon="-7.5450102891772985">
        <ele>514.37</ele>
      </trkpt>
      <trkpt lat="41.32975101470947" lon="-7.544710636138916">
        <ele>512.68</ele>
      </trkpt>
      <trkpt lat="41.32992284372449" lon="-7.544366894289851">
        <ele>511.02</ele>
      </trkpt>
      <trkpt lat="41.330094672739506" lon="-7.544023152440786">
        <ele>509.32</ele>
      </trkpt>
      <trkpt lat="41.330266585573554" lon="-7.543679494410753">
        <ele>507.8</ele>
      </trkpt>
      <trkpt lat="41.330437660217285" lon="-7.543337345123291">
        <ele>506.31</ele>
      </trkpt>
      <trkpt lat="41.33062013424933" lon="-7.543068956583738">
        <ele>504.83</ele>
      </trkpt>
      <trkpt lat="41.33080244064331" lon="-7.5428009033203125">
        <ele>503.37</ele>
      </trkpt>
      <trkpt lat="41.33088835515082" lon="-7.542489180341363">
        <ele>501.73</ele>
      </trkpt>
      <trkpt lat="41.330974102020264" lon="-7.542178630828857">
        <ele>500.18</ele>
      </trkpt>
      <trkpt lat="41.33111366070807" lon="-7.541953073814511">
        <ele>498.86</ele>
      </trkpt>
      <trkpt lat="41.33125305175781" lon="-7.5417280197143555">
        <ele>497.82</ele>
      </trkpt>
      <trkpt lat="41.33123151026666" lon="-7.5413731299340725">
        <ele>496.57</ele>
      </trkpt>
      <trkpt lat="41.331210136413574" lon="-7.541019916534424">
        <ele>495.3</ele>
      </trkpt>
      <trkpt lat="41.33125305175781" lon="-7.540762424468994">
        <ele>494.22</ele>
      </trkpt>
      <trkpt lat="41.33133888244629" lon="-7.540633678436279">
        <ele>493.32</ele>
      </trkpt>
      <trkpt lat="41.33154616691172" lon="-7.54045489244163">
        <ele>492.48</ele>
      </trkpt>
      <trkpt lat="41.331753535196185" lon="-7.540276106446981">
        <ele>491.74</ele>
      </trkpt>
      <trkpt lat="41.331961154937744" lon="-7.540097236633301">
        <ele>491.14</ele>
      </trkpt>
      <trkpt lat="41.33208990097046" lon="-7.539947032928467">
        <ele>490.6</ele>
      </trkpt>
      <trkpt lat="41.33208990097046" lon="-7.5397539138793945">
        <ele>489.92</ele>
      </trkpt>
      <trkpt lat="41.33198261260986" lon="-7.539560794830322">
        <ele>489.28</ele>
      </trkpt>
      <trkpt lat="41.33178949356079" lon="-7.539539337158203">
        <ele>488.95</ele>
      </trkpt>
      <trkpt lat="41.33163928985596" lon="-7.539582252502441">
        <ele>488.84</ele>
      </trkpt>
      <trkpt lat="41.33155345916748" lon="-7.539646625518799">
        <ele>488.87</ele>
      </trkpt>
      <trkpt lat="41.33136034011841" lon="-7.539947032928467">
        <ele>489.1</ele>
      </trkpt>
      <trkpt lat="41.331210136413574" lon="-7.540011405944824">
        <ele>489.4</ele>
      </trkpt>
      <trkpt lat="41.33092079311609" lon="-7.540054237470031">
        <ele>489.83</ele>
      </trkpt>
      <trkpt lat="41.33063153363764" lon="-7.540097068995237">
        <ele>490.28</ele>
      </trkpt>
      <trkpt lat="41.33034227415919" lon="-7.540139900520444">
        <ele>490.72</ele>
      </trkpt>
      <trkpt lat="41.33005142211914" lon="-7.540183067321777">
        <ele>491.21</ele>
      </trkpt>
      <trkpt lat="41.32984765805304" lon="-7.540333103388548">
        <ele>491.77</ele>
      </trkpt>
      <trkpt lat="41.32964372634888" lon="-7.540483474731445">
        <ele>492.48</ele>
      </trkpt>
      <trkpt lat="41.32946150377393" lon="-7.540558408945799">
        <ele>493.4</ele>
      </trkpt>
      <trkpt lat="41.32927894592285" lon="-7.540633678436279">
        <ele>494.34</ele>
      </trkpt>
      <trkpt lat="41.32912144996226" lon="-7.540877005085349">
        <ele>495.19</ele>
      </trkpt>
      <trkpt lat="41.328963954001665" lon="-7.541120331734419">
        <ele>496.17</ele>
      </trkpt>
      <trkpt lat="41.32880687713623" lon="-7.54136323928833">
        <ele>497.11</ele>
      </trkpt>
      <trkpt lat="41.328565729781985" lon="-7.541481088846922">
        <ele>498.43</ele>
      </trkpt>
      <trkpt lat="41.32832458242774" lon="-7.5415990222245455">
        <ele>499.63</ele>
      </trkpt>
      <trkpt lat="41.328083435073495" lon="-7.541716871783137">
        <ele>500.84</ele>
      </trkpt>
      <trkpt lat="41.32784128189087" lon="-7.541835308074951">
        <ele>502.05</ele>
      </trkpt>
      <trkpt lat="41.32760524749756" lon="-7.5418782234191895">
        <ele>503.29</ele>
      </trkpt>
      <trkpt lat="41.32737667299807" lon="-7.5418210588395596">
        <ele>504.59</ele>
      </trkpt>
      <trkpt lat="41.32714809849858" lon="-7.54176389425993">
        <ele>505.86</ele>
      </trkpt>
      <trkpt lat="41.326918601989746" lon="-7.541706562042236">
        <ele>507.14</ele>
      </trkpt>
      <trkpt lat="41.32671500556171" lon="-7.541727935895324">
        <ele>508.28</ele>
      </trkpt>
      <trkpt lat="41.32651090621948" lon="-7.541749477386475">
        <ele>509.34</ele>
      </trkpt>
      <trkpt lat="41.32626799866557" lon="-7.541828015819192">
        <ele>510.3</ele>
      </trkpt>
      <trkpt lat="41.32602509111166" lon="-7.541906554251909">
        <ele>507.96</ele>
      </trkpt>
      <trkpt lat="41.32578134536743" lon="-7.541985511779785">
        <ele>507.41</ele>
      </trkpt>
      <trkpt lat="41.325556291267276" lon="-7.542017614468932">
        <ele>506.65</ele>
      </trkpt>
      <trkpt lat="41.32533073425293" lon="-7.542049884796143">
        <ele>505.7</ele>
      </trkpt>
      <trkpt lat="41.32512713782489" lon="-7.542028427124023">
        <ele>504.65</ele>
      </trkpt>
      <trkpt lat="41.324923038482666" lon="-7.542006969451904">
        <ele>503.56</ele>
      </trkpt>
      <trkpt lat="41.324694380164146" lon="-7.541942680254579">
        <ele>502.55</ele>
      </trkpt>
      <trkpt lat="41.32446580566466" lon="-7.541878391057253">
        <ele>501.23</ele>
      </trkpt>
      <trkpt lat="41.32423639297485" lon="-7.541813850402832">
        <ele>499.75</ele>
      </trkpt>
      <trkpt lat="41.323950570076704" lon="-7.5419424287974834">
        <ele>498.05</ele>
      </trkpt>
      <trkpt lat="41.323664747178555" lon="-7.542071007192135">
        <ele>496.42</ele>
      </trkpt>
      <trkpt lat="41.32337808609009" lon="-7.542200088500977">
        <ele>494.71</ele>
      </trkpt>
      <trkpt lat="41.323110200464725" lon="-7.542253648862243">
        <ele>492.88</ele>
      </trkpt>
      <trkpt lat="41.32284164428711" lon="-7.542307376861572">
        <ele>490.89</ele>
      </trkpt>
      <trkpt lat="41.3226056098938" lon="-7.542049884796143">
        <ele>489.05</ele>
      </trkpt>
      <trkpt lat="41.3224552385509" lon="-7.541759870946407">
        <ele>487.2</ele>
      </trkpt>
      <trkpt lat="41.32230520248413" lon="-7.541470527648926">
        <ele>485.23</ele>
      </trkpt>
      <trkpt lat="41.32219774648547" lon="-7.541201887652278">
        <ele>483.32</ele>
      </trkpt>
      <trkpt lat="41.32209062576294" lon="-7.540934085845947">
        <ele>481.26</ele>
      </trkpt>
      <trkpt lat="41.32202625274658" lon="-7.54061222076416">
        <ele>479.21</ele>
      </trkpt>
      <trkpt lat="41.32206916809082" lon="-7.540419101715088">
        <ele>477.3</ele>
      </trkpt>
      <trkpt lat="41.32226228713989" lon="-7.540182983502746">
        <ele>475.49</ele>
      </trkpt>
      <trkpt lat="41.322455406188965" lon="-7.539947032928467">
        <ele>473.68</ele>
      </trkpt>
      <trkpt lat="41.32257350720465" lon="-7.539753746241331">
        <ele>471.97</ele>
      </trkpt>
      <trkpt lat="41.322691440582275" lon="-7.539560794830322">
        <ele>470.23</ele>
      </trkpt>
      <trkpt lat="41.32283468730748" lon="-7.539202636107802">
        <ele>468.42</ele>
      </trkpt>
      <trkpt lat="41.32297793403268" lon="-7.5388444773852825">
        <ele>466.76</ele>
      </trkpt>
      <trkpt lat="41.32312059402466" lon="-7.538487911224365">
        <ele>465.3</ele>
      </trkpt>
      <trkpt lat="41.32312059402466" lon="-7.5382304191589355">
        <ele>463.89</ele>
      </trkpt>
      <trkpt lat="41.32299168035388" lon="-7.537986924871802">
        <ele>462.48</ele>
      </trkpt>
      <trkpt lat="41.3228627666831" lon="-7.537743514403701">
        <ele>461.21</ele>
      </trkpt>
      <trkpt lat="41.322734355926514" lon="-7.537500858306885">
        <ele>459.94</ele>
      </trkpt>
      <trkpt lat="41.322712898254395" lon="-7.537243366241455">
        <ele>458.85</ele>
      </trkpt>
      <trkpt lat="41.322750532999635" lon="-7.536931475624442">
        <ele>457.89</ele>
      </trkpt>
      <trkpt lat="41.322788167744875" lon="-7.536619668826461">
        <ele>457.08</ele>
      </trkpt>
      <trkpt lat="41.322825802490115" lon="-7.53630786202848">
        <ele>456.32</ele>
      </trkpt>
      <trkpt lat="41.32286310195923" lon="-7.535998821258545">
        <ele>455.61</ele>
      </trkpt>
      <trkpt lat="41.32307767868042" lon="-7.535719703882933">
        <ele>455.2</ele>
      </trkpt>
      <trkpt lat="41.32329233922064" lon="-7.535440670326352">
        <ele>454.9</ele>
      </trkpt>
      <trkpt lat="41.3235068321228" lon="-7.535161972045898">
        <ele>454.7</ele>
      </trkpt>
      <trkpt lat="41.32354974746704" lon="-7.534925937652588">
        <ele>454.63</ele>
      </trkpt>
      <trkpt lat="41.323442459106445" lon="-7.5347113609313965">
        <ele>454.69</ele>
      </trkpt>
      <trkpt lat="41.32322805002332" lon="-7.534577334299684">
        <ele>454.89</ele>
      </trkpt>
      <trkpt lat="41.32301364094019" lon="-7.534443307667971">
        <ele>455.18</ele>
      </trkpt>
      <trkpt lat="41.32279923185706" lon="-7.534309281036258">
        <ele>455.56</ele>
      </trkpt>
      <trkpt lat="41.32258415222168" lon="-7.534174919128418">
        <ele>456.07</ele>
      </trkpt>
      <trkpt lat="41.32230520248413" lon="-7.534174919128418">
        <ele>456.56</ele>
      </trkpt>
      <trkpt lat="41.32202658802271" lon="-7.534239124506712">
        <ele>457.14</ele>
      </trkpt>
      <trkpt lat="41.32174805738032" lon="-7.534303413704038">
        <ele>458.01</ele>
      </trkpt>
      <trkpt lat="41.321468353271484" lon="-7.53436803817749">
        <ele>459.06</ele>
      </trkpt>
      <trkpt lat="41.321264589205384" lon="-7.534507345408201">
        <ele>460.08</ele>
      </trkpt>
      <trkpt lat="41.32106065750122" lon="-7.534646987915039">
        <ele>461.21</ele>
      </trkpt>
      <trkpt lat="41.32081389427185" lon="-7.5348936673253775">
        <ele>462.18</ele>
      </trkpt>
      <trkpt lat="41.32056713104248" lon="-7.535140514373779">
        <ele>463.1</ele>
      </trkpt>
      <trkpt lat="41.3203848246485" lon="-7.535258363932371">
        <ele>464.1</ele>
      </trkpt>
      <trkpt lat="41.320202350616455" lon="-7.53537654876709">
        <ele>465.12</ele>
      </trkpt>
      <trkpt lat="41.320044938474894" lon="-7.53557687625289">
        <ele>466.1</ele>
      </trkpt>
      <trkpt lat="41.31988752633333" lon="-7.535777203738689">
        <ele>467.18</ele>
      </trkpt>
      <trkpt lat="41.319730281829834" lon="-7.535977363586426">
        <ele>468.31</ele>
      </trkpt>
      <trkpt lat="41.31948368623853" lon="-7.536105941981077">
        <ele>469.44</ele>
      </trkpt>
      <trkpt lat="41.319236755371094" lon="-7.5362348556518555">
        <ele>470.38</ele>
      </trkpt>
      <trkpt lat="41.31904363632202" lon="-7.536213397979736">
        <ele>471.36</ele>
      </trkpt>
      <trkpt lat="41.31887197494507" lon="-7.5360846519470215">
        <ele>472.45</ele>
      </trkpt>
      <trkpt lat="41.31866443902254" lon="-7.535819867625833">
        <ele>473.66</ele>
      </trkpt>
      <trkpt lat="41.318456986919045" lon="-7.535555167123675">
        <ele>474.79</ele>
      </trkpt>
      <trkpt lat="41.31824970245361" lon="-7.535290718078613">
        <ele>475.84</ele>
      </trkpt>
      <trkpt lat="41.31809949874878" lon="-7.535290718078613">
        <ele>476.79</ele>
      </trkpt>
      <trkpt lat="41.31789581850171" lon="-7.535387109965086">
        <ele>477.65</ele>
      </trkpt>
      <trkpt lat="41.317691802978516" lon="-7.5354838371276855">
        <ele>478.49</ele>
      </trkpt>
      <trkpt lat="41.317434310913086" lon="-7.535462379455566">
        <ele>479.41</ele>
      </trkpt>
      <trkpt lat="41.31730556488037" lon="-7.535290718078613">
        <ele>480.31</ele>
      </trkpt>
      <trkpt lat="41.31726264953613" lon="-7.53511905670166">
        <ele>481.18</ele>
      </trkpt>
      <trkpt lat="41.31726264953613" lon="-7.534904479980469">
        <ele>482.03</ele>
      </trkpt>
      <trkpt lat="41.3173592928797" lon="-7.534711109474301">
        <ele>482.91</ele>
      </trkpt>
      <trkpt lat="41.317455768585205" lon="-7.534518241882324">
        <ele>483.74</ele>
      </trkpt>
      <trkpt lat="41.31764167919755" lon="-7.534317914396524">
        <ele>484.58</ele>
      </trkpt>
      <trkpt lat="41.317827673628926" lon="-7.534117670729756">
        <ele>485.4</ele>
      </trkpt>
      <trkpt lat="41.3180136680603" lon="-7.533917427062988">
        <ele>486.22</ele>
      </trkpt>
      <trkpt lat="41.31803512573242" lon="-7.533702347427607">
        <ele>486.93</ele>
      </trkpt>
      <trkpt lat="41.31805658340454" lon="-7.5334882736206055">
        <ele>487.63</ele>
      </trkpt>
      <trkpt lat="41.31804577074945" lon="-7.533208653330803">
        <ele>488.34</ele>
      </trkpt>
      <trkpt lat="41.31803512573242" lon="-7.532930374145508">
        <ele>489.09</ele>
      </trkpt>
      <trkpt lat="41.317970752716064" lon="-7.532801628112793">
        <ele>489.8</ele>
      </trkpt>
      <trkpt lat="41.31779909133911" lon="-7.532715797424316">
        <ele>490.47</ele>
      </trkpt>
      <trkpt lat="41.31757764145732" lon="-7.532787211239338">
        <ele>491.16</ele>
      </trkpt>
      <trkpt lat="41.31735619157553" lon="-7.532858625054359">
        <ele>491.84</ele>
      </trkpt>
      <trkpt lat="41.31713390350342" lon="-7.532930374145508">
        <ele>492.51</ele>
      </trkpt>
      <trkpt lat="41.3170051574707" lon="-7.532908916473389">
        <ele>493.3</ele>
      </trkpt>
      <trkpt lat="41.316769290715456" lon="-7.532787378877401">
        <ele>494.2</ele>
      </trkpt>
      <trkpt lat="41.31653350777924" lon="-7.532665925100446">
        <ele>494.99</ele>
      </trkpt>
      <trkpt lat="41.31629705429077" lon="-7.532544136047363">
        <ele>495.79</ele>
      </trkpt>
      <trkpt lat="41.31603989750147" lon="-7.53258696757257">
        <ele>496.59</ele>
      </trkpt>
      <trkpt lat="41.315782153978944" lon="-7.53262996673584">
        <ele>497.41</ele>
      </trkpt>
      <trkpt lat="41.315696239471436" lon="-7.532587051391602">
        <ele>498.27</ele>
      </trkpt>
      <trkpt lat="41.31558895111084" lon="-7.532479763031006">
        <ele>499.11</ele>
      </trkpt>
      <trkpt lat="41.31558903492987" lon="-7.532479763031006">
        <ele>499.95</ele>
      </trkpt>
      <trkpt lat="41.31552457809448" lon="-7.532179355621338">
        <ele>500.82</ele>
      </trkpt>
      <trkpt lat="41.3155460357666" lon="-7.531842403113842">
        <ele>501.7</ele>
      </trkpt>
      <trkpt lat="41.31556757725775" lon="-7.531505450606346">
        <ele>502.63</ele>
      </trkpt>
      <trkpt lat="41.31558895111084" lon="-7.531170845031738">
        <ele>503.6</ele>
      </trkpt>
      <trkpt lat="41.31554586812854" lon="-7.530815955251455">
        <ele>504.43</ele>
      </trkpt>
      <trkpt lat="41.31550312042236" lon="-7.530462741851807">
        <ele>505.27</ele>
      </trkpt>
      <trkpt lat="41.31555684842169" lon="-7.5300863943994045">
        <ele>506.2</ele>
      </trkpt>
      <trkpt lat="41.31561040878296" lon="-7.529711723327637">
        <ele>507.06</ele>
      </trkpt>
      <trkpt lat="41.31552441045642" lon="-7.5294968113303185">
        <ele>507.69</ele>
      </trkpt>
      <trkpt lat="41.315438747406006" lon="-7.529282569885254">
        <ele>508.44</ele>
      </trkpt>
      <trkpt lat="41.315374206751585" lon="-7.529010158032179">
        <ele>509.13</ele>
      </trkpt>
      <trkpt lat="41.315309749916196" lon="-7.528737829998136">
        <ele>509.8</ele>
      </trkpt>
      <trkpt lat="41.315245628356934" lon="-7.528467178344727">
        <ele>510.41</ele>
      </trkpt>
      <trkpt lat="41.315105902031064" lon="-7.52813408151269">
        <ele>510.97</ele>
      </trkpt>
      <trkpt lat="41.314966678619385" lon="-7.527801990509033">
        <ele>511.44</ele>
      </trkpt>
      <trkpt lat="41.31481647491455" lon="-7.527587413787842">
        <ele>511.83</ele>
      </trkpt>
      <trkpt lat="41.314612878486514" lon="-7.527565956115723">
        <ele>512.01</ele>
      </trkpt>
      <trkpt lat="41.31440877914429" lon="-7.5275444984436035">
        <ele>512.26</ele>
      </trkpt>
      <trkpt lat="41.31417299620807" lon="-7.52759805880487">
        <ele>512.48</ele>
      </trkpt>
      <trkpt lat="41.313936710357666" lon="-7.527651786804199">
        <ele>512.68</ele>
      </trkpt>
      <trkpt lat="41.313765216618776" lon="-7.527716076001525">
        <ele>512.78</ele>
      </trkpt>
      <trkpt lat="41.31359338760376" lon="-7.527780532836914">
        <ele>512.83</ele>
      </trkpt>
      <trkpt lat="41.31350738927722" lon="-7.528110109269619">
        <ele>512.72</ele>
      </trkpt>
      <trkpt lat="41.31342139095068" lon="-7.528439769521356">
        <ele>512.6</ele>
      </trkpt>
      <trkpt lat="41.31333589553833" lon="-7.5287675857543945">
        <ele>512.36</ele>
      </trkpt>
      <trkpt lat="41.31312131881714" lon="-7.528982162475586">
        <ele>511.97</ele>
      </trkpt>
      <trkpt lat="41.31290674209595" lon="-7.528853416442871">
        <ele>511.56</ele>
      </trkpt>
      <trkpt lat="41.31276709958911" lon="-7.528563318774104">
        <ele>511.09</ele>
      </trkpt>
      <trkpt lat="41.3126277923584" lon="-7.528274059295654">
        <ele>510.47</ele>
      </trkpt>
      <trkpt lat="41.3125847093761" lon="-7.5280375219881535">
        <ele>509.83</ele>
      </trkpt>
      <trkpt lat="41.31254196166992" lon="-7.527801990509033">
        <ele>509.04</ele>
      </trkpt>
      <trkpt lat="41.31267070770264" lon="-7.527437210083008">
        <ele>508.21</ele>
      </trkpt>
      <trkpt lat="41.31287790834904" lon="-7.5273156724870205">
        <ele>507.37</ele>
      </trkpt>
      <trkpt lat="41.31308510899544" lon="-7.527194218710065">
        <ele>506.45</ele>
      </trkpt>
      <trkpt lat="41.31329298019409" lon="-7.527072429656982">
        <ele>505.47</ele>
      </trkpt>
      <trkpt lat="41.313432371243834" lon="-7.526932954788208">
        <ele>504.41</ele>
      </trkpt>
      <trkpt lat="41.31357192993164" lon="-7.526793479919434">
        <ele>503.34</ele>
      </trkpt>
      <trkpt lat="41.31361492909491" lon="-7.526567671447992">
        <ele>502.12</ele>
      </trkpt>
      <trkpt lat="41.31365776062012" lon="-7.526342868804932">
        <ele>500.91</ele>
      </trkpt>
      <trkpt lat="41.313636302948" lon="-7.5260210037231445">
        <ele>499.6</ele>
      </trkpt>
      <trkpt lat="41.31352884694934" lon="-7.525748759508133">
        <ele>498.25</ele>
      </trkpt>
      <trkpt lat="41.31342139095068" lon="-7.525476599112153">
        <ele>496.89</ele>
      </trkpt>
      <trkpt lat="41.31331443786621" lon="-7.525205612182617">
        <ele>495.47</ele>
      </trkpt>
      <trkpt lat="41.31327152252197" lon="-7.524905204772949">
        <ele>494.06</ele>
      </trkpt>
      <trkpt lat="41.31335735321045" lon="-7.524604797363281">
        <ele>492.8</ele>
      </trkpt>
      <trkpt lat="41.31331443786621" lon="-7.524304389953613">
        <ele>491.51</ele>
      </trkpt>
      <trkpt lat="41.31311058998108" lon="-7.524121999740601">
        <ele>490.07</ele>
      </trkpt>
      <trkpt lat="41.31290674209595" lon="-7.523939609527588">
        <ele>488.66</ele>
      </trkpt>
      <trkpt lat="41.31279945373535" lon="-7.523746490478516">
        <ele>487.32</ele>
      </trkpt>
      <trkpt lat="41.31279945373535" lon="-7.523553371429443">
        <ele>486.14</ele>
      </trkpt>
      <trkpt lat="41.312928199768066" lon="-7.523338794708252">
        <ele>485.01</ele>
      </trkpt>
      <trkpt lat="41.313121151179075" lon="-7.523188591003418">
        <ele>483.95</ele>
      </trkpt>
      <trkpt lat="41.31331443786621" lon="-7.523038387298584">
        <ele>482.98</ele>
      </trkpt>
      <trkpt lat="41.31350755691528" lon="-7.522780895233154">
        <ele>481.99</ele>
      </trkpt>
      <trkpt lat="41.31361484527588" lon="-7.522523403167725">
        <ele>481.11</ele>
      </trkpt>
      <trkpt lat="41.31366857327521" lon="-7.522308407351375">
        <ele>480.31</ele>
      </trkpt>
      <trkpt lat="41.313722133636475" lon="-7.522094249725342">
        <ele>479.62</ele>
      </trkpt>
      <trkpt lat="41.31365776062012" lon="-7.5217509269714355">
        <ele>478.85</ele>
      </trkpt>
      <trkpt lat="41.313689947128296" lon="-7.521342309191823">
        <ele>478.32</ele>
      </trkpt>
      <trkpt lat="41.313722133636475" lon="-7.520935535430908">
        <ele>477.81</ele>
      </trkpt>
      <trkpt lat="41.31385087966919" lon="-7.5207852479070425">
        <ele>477.54</ele>
      </trkpt>
      <trkpt lat="41.313979625701904" lon="-7.52063512802124">
        <ele>477.23</ele>
      </trkpt>
      <trkpt lat="41.31406545639038" lon="-7.520442008972168">
        <ele>476.93</ele>
      </trkpt>
      <trkpt lat="41.314022624865174" lon="-7.520227432250977">
        <ele>476.72</ele>
      </trkpt>
      <trkpt lat="41.31395825184882" lon="-7.520098686218262">
        <ele>476.68</ele>
      </trkpt>
      <trkpt lat="41.31385087966919" lon="-7.520055770874023">
        <ele>476.73</ele>
      </trkpt>
      <trkpt lat="41.31359338760376" lon="-7.520098686218262">
        <ele>476.92</ele>
      </trkpt>
      <trkpt lat="41.31331443786621" lon="-7.520291805267334">
        <ele>476.99</ele>
      </trkpt>
      <trkpt lat="41.31320706568658" lon="-7.520463550463319">
        <ele>476.92</ele>
      </trkpt>
      <trkpt lat="41.31309986114502" lon="-7.52063512802124">
        <ele>476.94</ele>
      </trkpt>
      <trkpt lat="41.31290674209595" lon="-7.520699501037598">
        <ele>477.15</ele>
      </trkpt>
      <trkpt lat="41.312735080718994" lon="-7.520463466644287">
        <ele>477.6</ele>
      </trkpt>
      <trkpt lat="41.3127242680639" lon="-7.520140847191215">
        <ele>478.2</ele>
      </trkpt>
      <trkpt lat="41.312713623046875" lon="-7.519819736480713">
        <ele>478.84</ele>
      </trkpt>
      <trkpt lat="41.31264195777476" lon="-7.519518658518791">
        <ele>479.45</ele>
      </trkpt>
      <trkpt lat="41.31257029250264" lon="-7.519217664375901">
        <ele>480.09</ele>
      </trkpt>
      <trkpt lat="41.312499046325684" lon="-7.518918514251709">
        <ele>480.72</ele>
      </trkpt>
      <trkpt lat="41.312391590327024" lon="-7.518631936982274">
        <ele>481.29</ele>
      </trkpt>
      <trkpt lat="41.312284134328365" lon="-7.518345359712839">
        <ele>481.91</ele>
      </trkpt>
      <trkpt lat="41.3121771812439" lon="-7.518060207366943">
        <ele>482.37</ele>
      </trkpt>
      <trkpt lat="41.312241554260254" lon="-7.517824172973633">
        <ele>483.06</ele>
      </trkpt>
      <trkpt lat="41.31240257062018" lon="-7.517587970942259">
        <ele>483.87</ele>
      </trkpt>
      <trkpt lat="41.31256341934204" lon="-7.517352104187012">
        <ele>484.66</ele>
      </trkpt>
      <trkpt lat="41.312713623046875" lon="-7.516987323760986">
        <ele>485.35</ele>
      </trkpt>
      <trkpt lat="41.312724351882935" lon="-7.516578622162342">
        <ele>485.76</ele>
      </trkpt>
      <trkpt lat="41.312735080718994" lon="-7.516171932220459">
        <ele>486.25</ele>
      </trkpt>
      <trkpt lat="41.312788808718324" lon="-7.515946123749018">
        <ele>486.89</ele>
      </trkpt>
      <trkpt lat="41.31284236907959" lon="-7.515721321105957">
        <ele>487.46</ele>
      </trkpt>
      <trkpt lat="41.31285309791565" lon="-7.5153557024896145">
        <ele>487.83</ele>
      </trkpt>
      <trkpt lat="41.31286382675171" lon="-7.514991760253906">
        <ele>488.06</ele>
      </trkpt>
      <trkpt lat="41.31291755475104" lon="-7.514765951782465">
        <ele>488.4</ele>
      </trkpt>
      <trkpt lat="41.312971115112305" lon="-7.514541149139404">
        <ele>488.73</ele>
      </trkpt>
      <trkpt lat="41.312852846458554" lon="-7.5142295099794865">
        <ele>488.79</ele>
      </trkpt>
      <trkpt lat="41.312735080718994" lon="-7.513918876647949">
        <ele>488.86</ele>
      </trkpt>
      <trkpt lat="41.312735080718994" lon="-7.5135111808776855">
        <ele>488.96</ele>
      </trkpt>
      <trkpt lat="41.31275653839111" lon="-7.513253688812256">
        <ele>488.99</ele>
      </trkpt>
      <trkpt lat="41.31289609707892" lon="-7.51298513263464">
        <ele>489.13</ele>
      </trkpt>
      <trkpt lat="41.31303548812866" lon="-7.512717247009277">
        <ele>489.31</ele>
      </trkpt>
      <trkpt lat="41.31302467547357" lon="-7.512437626719475">
        <ele>489.22</ele>
      </trkpt>
      <trkpt lat="41.31301403045654" lon="-7.51215934753418">
        <ele>489.06</ele>
      </trkpt>
      <trkpt lat="41.31307848729193" lon="-7.511922810226679">
        <ele>489.1</ele>
      </trkpt>
      <trkpt lat="41.31314277648926" lon="-7.511687278747559">
        <ele>489.11</ele>
      </trkpt>
      <trkpt lat="41.313185691833496" lon="-7.511472702026367">
        <ele>489.03</ele>
      </trkpt>
      <trkpt lat="41.3130784034729" lon="-7.511236667633057">
        <ele>488.81</ele>
      </trkpt>
      <trkpt lat="41.31278914399445" lon="-7.511204481124878">
        <ele>488.37</ele>
      </trkpt>
      <trkpt lat="41.312499046325684" lon="-7.511172294616699">
        <ele>487.82</ele>
      </trkpt>
      <trkpt lat="41.312359403818846" lon="-7.510903738439083">
        <ele>487.85</ele>
      </trkpt>
      <trkpt lat="41.312220096588135" lon="-7.510635852813721">
        <ele>487.7</ele>
      </trkpt>
      <trkpt lat="41.31204843521118" lon="-7.510550022125244">
        <ele>487.47</ele>
      </trkpt>
      <trkpt lat="41.31179094314575" lon="-7.510700225830078">
        <ele>487.02</ele>
      </trkpt>
      <trkpt lat="41.31153345108032" lon="-7.5109148025512695">
        <ele>486.56</ele>
      </trkpt>
      <trkpt lat="41.31127595901489" lon="-7.510957717895508">
        <ele>486.25</ele>
      </trkpt>
      <trkpt lat="41.31110429763794" lon="-7.510721683502197">
        <ele>486.09</ele>
      </trkpt>
      <trkpt lat="41.310954093933105" lon="-7.510614395141602">
        <ele>485.88</ele>
      </trkpt>
      <trkpt lat="41.31086834706366" lon="-7.510614395141602">
        <ele>485.68</ele>
      </trkpt>
      <trkpt lat="41.310761058703065" lon="-7.510678768157959">
        <ele>485.54</ele>
      </trkpt>
      <trkpt lat="41.310718059539795" lon="-7.5107645988464355">
        <ele>485.54</ele>
      </trkpt>
      <trkpt lat="41.310696601867676" lon="-7.5109148025512695">
        <ele>485.62</ele>
      </trkpt>
      <trkpt lat="41.310782600194216" lon="-7.511316128075123">
        <ele>485.61</ele>
      </trkpt>
      <trkpt lat="41.310868598520756" lon="-7.511717453598976">
        <ele>485.86</ele>
      </trkpt>
      <trkpt lat="41.310954093933105" lon="-7.512116432189941">
        <ele>486.24</ele>
      </trkpt>
      <trkpt lat="41.3110613822937" lon="-7.512202262878418">
        <ele>486.29</ele>
      </trkpt>
      <trkpt lat="41.31136178970337" lon="-7.512266635894775">
        <ele>486.25</ele>
      </trkpt>
      <trkpt lat="41.311469078063965" lon="-7.512502670288086">
        <ele>486.6</ele>
      </trkpt>
      <trkpt lat="41.31140470504761" lon="-7.512803077697754">
        <ele>487.02</ele>
      </trkpt>
      <trkpt lat="41.311168586835265" lon="-7.513060569763184">
        <ele>487.54</ele>
      </trkpt>
      <trkpt lat="41.310932552441955" lon="-7.513318061828613">
        <ele>488.01</ele>
      </trkpt>
      <trkpt lat="41.310696601867676" lon="-7.513575553894043">
        <ele>488.4</ele>
      </trkpt>
      <trkpt lat="41.31054648198187" lon="-7.513672029599547">
        <ele>488.92</ele>
      </trkpt>
      <trkpt lat="41.31039619445801" lon="-7.513768672943115">
        <ele>489.49</ele>
      </trkpt>
      <trkpt lat="41.31034783087671" lon="-7.513827430084348">
        <ele>489.99</ele>
      </trkpt>
      <trkpt lat="41.31022176705301" lon="-7.513980399817228">
        <ele>490.54</ele>
      </trkpt>
      <trkpt lat="41.31009578704834" lon="-7.514133453369141">
        <ele>491.13</ele>
      </trkpt>
      <trkpt lat="41.31009520031512" lon="-7.514133453369141">
        <ele>491.68</ele>
      </trkpt>
      <trkpt lat="41.310095116496086" lon="-7.514133537188172">
        <ele>492.25</ele>
      </trkpt>
      <trkpt lat="41.310095032677054" lon="-7.514133621007204">
        <ele>492.84</ele>
      </trkpt>
      <trkpt lat="41.31009478121996" lon="-7.514133704826236">
        <ele>493.45</ele>
      </trkpt>
      <trkpt lat="41.31009469740093" lon="-7.5141337886452675">
        <ele>494.08</ele>
      </trkpt>
      <trkpt lat="41.310094529762864" lon="-7.514133872464299">
        <ele>494.73</ele>
      </trkpt>
      <trkpt lat="41.3100943621248" lon="-7.514133956283331">
        <ele>495.41</ele>
      </trkpt>
      <trkpt lat="41.310094110667706" lon="-7.514134123921394">
        <ele>496.1</ele>
      </trkpt>
      <trkpt lat="41.31009394302964" lon="-7.514134291559458">
        <ele>496.83</ele>
      </trkpt>
      <trkpt lat="41.31009369157255" lon="-7.514134459197521">
        <ele>497.57</ele>
      </trkpt>
      <trkpt lat="41.31009352393448" lon="-7.514134626835585">
        <ele>498.35</ele>
      </trkpt>
      <trkpt lat="41.310062846168876" lon="-7.514151725918055">
        <ele>499.19</ele>
      </trkpt>
      <trkpt lat="41.31003325805068" lon="-7.514168322086334">
        <ele>500.05</ele>
      </trkpt>
      <trkpt lat="41.31003325805068" lon="-7.514168405905366">
        <ele>500.92</ele>
      </trkpt>
      <trkpt lat="41.310032000765204" lon="-7.514169160276651">
        <ele>501.81</ele>
      </trkpt>
      <trkpt lat="41.31003116257489" lon="-7.514169747009873">
        <ele>502.74</ele>
      </trkpt>
      <trkpt lat="41.30979537963867" lon="-7.514305114746094">
        <ele>503.8</ele>
      </trkpt>
      <trkpt lat="41.30957015790045" lon="-7.514487337321043">
        <ele>504.79</ele>
      </trkpt>
      <trkpt lat="41.30934476852417" lon="-7.514669895172119">
        <ele>505.9</ele>
      </trkpt>
      <trkpt lat="41.309205209836364" lon="-7.514863098040223">
        <ele>506.99</ele>
      </trkpt>
      <trkpt lat="41.30906581878662" lon="-7.515056133270264">
        <ele>508.12</ele>
      </trkpt>
      <trkpt lat="41.30894755013287" lon="-7.5154107715934515">
        <ele>511.28</ele>
      </trkpt>
      <trkpt lat="41.30882978439331" lon="-7.515764236450195">
        <ele>512.56</ele>
      </trkpt>
      <trkpt lat="41.308701038360596" lon="-7.515850067138672">
        <ele>513.75</ele>
      </trkpt>
      <trkpt lat="41.30859375" lon="-7.515914440155029">
        <ele>514.91</ele>
      </trkpt>
      <trkpt lat="41.30831513553858" lon="-7.5158286932855844">
        <ele>516.09</ele>
      </trkpt>
      <trkpt lat="41.3080358505249" lon="-7.515742778778076">
        <ele>517.31</ele>
      </trkpt>
      <trkpt lat="41.30784273147583" lon="-7.5157856941223145">
        <ele>518.55</ele>
      </trkpt>
      <trkpt lat="41.30764961242676" lon="-7.515935897827148">
        <ele>519.78</ele>
      </trkpt>
      <trkpt lat="41.30754207260907" lon="-7.516308473423123">
        <ele>520.91</ele>
      </trkpt>
      <trkpt lat="41.30743461661041" lon="-7.516681049019098">
        <ele>522.05</ele>
      </trkpt>
      <trkpt lat="41.30732774734497" lon="-7.517051696777344">
        <ele>523.18</ele>
      </trkpt>
      <trkpt lat="41.30717737600207" lon="-7.517277086153626">
        <ele>524.39</ele>
      </trkpt>
      <trkpt lat="41.3070273399353" lon="-7.517502307891846">
        <ele>525.47</ele>
      </trkpt>
      <trkpt lat="41.306962966918945" lon="-7.517716884613037">
        <ele>526.51</ele>
      </trkpt>
      <trkpt lat="41.30697009153664" lon="-7.518068086355925">
        <ele>527.47</ele>
      </trkpt>
      <trkpt lat="41.30697729997337" lon="-7.518419371917844">
        <ele>528.49</ele>
      </trkpt>
      <trkpt lat="41.306984424591064" lon="-7.518768310546875">
        <ele>529.38</ele>
      </trkpt>
      <trkpt lat="41.3068912178278" lon="-7.519090678542852">
        <ele>530.39</ele>
      </trkpt>
      <trkpt lat="41.30679809488356" lon="-7.5194131303578615">
        <ele>531.42</ele>
      </trkpt>
      <trkpt lat="41.306705474853516" lon="-7.519733905792236">
        <ele>532.51</ele>
      </trkpt>
      <trkpt lat="41.306662391871214" lon="-7.520142439752817">
        <ele>533.47</ele>
      </trkpt>
      <trkpt lat="41.30661964416504" lon="-7.520549297332764">
        <ele>534.39</ele>
      </trkpt>
      <trkpt lat="41.30640506744385" lon="-7.5206780433654785">
        <ele>535.2</ele>
      </trkpt>
      <trkpt lat="41.30613709799945" lon="-7.5205708388239145">
        <ele>536.06</ele>
      </trkpt>
      <trkpt lat="41.30586862564087" lon="-7.520463466644287">
        <ele>536.88</ele>
      </trkpt>
      <trkpt lat="41.30565413273871" lon="-7.520302617922425">
        <ele>537.78</ele>
      </trkpt>
      <trkpt lat="41.305439472198486" lon="-7.5201416015625">
        <ele>538.63</ele>
      </trkpt>
      <trkpt lat="41.305224895477295" lon="-7.519841194152832">
        <ele>539.4</ele>
      </trkpt>
      <trkpt lat="41.30518198013306" lon="-7.5194549560546875">
        <ele>540.34</ele>
      </trkpt>
      <trkpt lat="41.305241072550416" lon="-7.5191377848386765">
        <ele>541.25</ele>
      </trkpt>
      <trkpt lat="41.305300164967775" lon="-7.518820613622665">
        <ele>542.05</ele>
      </trkpt>
      <trkpt lat="41.305359341204166" lon="-7.518503442406654">
        <ele>542.84</ele>
      </trkpt>
      <trkpt lat="41.30541801452637" lon="-7.518188953399658">
        <ele>543.68</ele>
      </trkpt>
      <trkpt lat="41.305525386705995" lon="-7.517952583730221">
        <ele>544.53</ele>
      </trkpt>
      <trkpt lat="41.30563259124756" lon="-7.517716884613037">
        <ele>545.36</ele>
      </trkpt>
      <trkpt lat="41.30558967590332" lon="-7.517437934875488">
        <ele>546.16</ele>
      </trkpt>
      <trkpt lat="41.30538943223655" lon="-7.517273481935263">
        <ele>547.01</ele>
      </trkpt>
      <trkpt lat="41.305189272388816" lon="-7.517109028995037">
        <ele>547.88</ele>
      </trkpt>
      <trkpt lat="41.304988861083984" lon="-7.516944408416748">
        <ele>548.78</ele>
      </trkpt>
      <trkpt lat="41.30490303039551" lon="-7.5167083740234375">
        <ele>549.67</ele>
      </trkpt>
      <trkpt lat="41.30490303039551" lon="-7.5164824817329645">
        <ele>550.56</ele>
      </trkpt>
      <trkpt lat="41.30490303039551" lon="-7.5162577629089355">
        <ele>551.49</ele>
      </trkpt>
      <trkpt lat="41.30483865737915" lon="-7.515914440155029">
        <ele>552.41</ele>
      </trkpt>
      <trkpt lat="41.30458116531372" lon="-7.515764236450195">
        <ele>553.32</ele>
      </trkpt>
      <trkpt lat="41.30433088168502" lon="-7.515985853970051">
        <ele>554.16</ele>
      </trkpt>
      <trkpt lat="41.304080598056316" lon="-7.516207471489906">
        <ele>555.08</ele>
      </trkpt>
      <trkpt lat="41.30383014678955" lon="-7.516429424285889">
        <ele>556.05</ele>
      </trkpt>
      <trkpt lat="41.30363702774048" lon="-7.516515254974365">
        <ele>557.02</ele>
      </trkpt>
      <trkpt lat="41.30345480516553" lon="-7.516450881958008">
        <ele>558.06</ele>
      </trkpt>
      <trkpt lat="41.30327224731445" lon="-7.51638650894165">
        <ele>559.04</ele>
      </trkpt>
      <trkpt lat="41.30303621292114" lon="-7.5164079666137695">
        <ele>560.01</ele>
      </trkpt>
      <trkpt lat="41.30290746688843" lon="-7.51664400100708">
        <ele>560.88</ele>
      </trkpt>
      <trkpt lat="41.302859019488096" lon="-7.5169772654771805">
        <ele>561.76</ele>
      </trkpt>
      <trkpt lat="41.3028106559068" lon="-7.517310613766313">
        <ele>562.8</ele>
      </trkpt>
      <trkpt lat="41.3027622923255" lon="-7.517643878236413">
        <ele>563.81</ele>
      </trkpt>
      <trkpt lat="41.302714347839355" lon="-7.517974376678467">
        <ele>564.74</ele>
      </trkpt>
      <trkpt lat="41.30260328762233" lon="-7.5183110777288675">
        <ele>565.58</ele>
      </trkpt>
      <trkpt lat="41.30249222740531" lon="-7.518647778779268">
        <ele>566.38</ele>
      </trkpt>
      <trkpt lat="41.30238116718829" lon="-7.518984563648701">
        <ele>567.34</ele>
      </trkpt>
      <trkpt lat="41.302270106971264" lon="-7.5193212646991014">
        <ele>568.27</ele>
      </trkpt>
      <trkpt lat="41.30215904675424" lon="-7.519658049568534">
        <ele>569.2</ele>
      </trkpt>
      <trkpt lat="41.30204916000366" lon="-7.519991397857666">
        <ele>569.96</ele>
      </trkpt>
      <trkpt lat="41.301898872479796" lon="-7.52019532956183">
        <ele>570.76</ele>
      </trkpt>
      <trkpt lat="41.301748752593994" lon="-7.52039909362793">
        <ele>571.51</ele>
      </trkpt>
      <trkpt lat="41.30154490470886" lon="-7.52060285769403">
        <ele>572.27</ele>
      </trkpt>
      <trkpt lat="41.30134105682373" lon="-7.520806789398193">
        <ele>572.94</ele>
      </trkpt>
      <trkpt lat="41.301094461232424" lon="-7.520946096628904">
        <ele>573.79</ele>
      </trkpt>
      <trkpt lat="41.30084753036499" lon="-7.521085739135742">
        <ele>574.56</ele>
      </trkpt>
      <trkpt lat="41.3006329536438" lon="-7.521107196807861">
        <ele>575.25</ele>
      </trkpt>
      <trkpt lat="41.30056858062744" lon="-7.5211286544799805">
        <ele>575.83</ele>
      </trkpt>
      <trkpt lat="41.30035400390625" lon="-7.520935535430908">
        <ele>576.42</ele>
      </trkpt>
      <trkpt lat="41.30031092092395" lon="-7.5207204557955265">
        <ele>576.93</ele>
      </trkpt>
      <trkpt lat="41.30026817321777" lon="-7.520506381988525">
        <ele>577.45</ele>
      </trkpt>
      <trkpt lat="41.30013942718506" lon="-7.520248889923096">
        <ele>577.93</ele>
      </trkpt>
      <trkpt lat="41.29986047744751" lon="-7.520163059234619">
        <ele>578.34</ele>
      </trkpt>
      <trkpt lat="41.29961404949427" lon="-7.52015233039856">
        <ele>578.75</ele>
      </trkpt>
      <trkpt lat="41.29936762154102" lon="-7.5201416015625">
        <ele>579.12</ele>
      </trkpt>
      <trkpt lat="41.29912127740681" lon="-7.52013087272644">
        <ele>579.48</ele>
      </trkpt>
      <trkpt lat="41.29887342453003" lon="-7.520120143890381">
        <ele>579.89</ele>
      </trkpt>
      <trkpt lat="41.29868030548096" lon="-7.519991397857666">
        <ele>580.37</ele>
      </trkpt>
      <trkpt lat="41.29859430715442" lon="-7.519754944369197">
        <ele>580.89</ele>
      </trkpt>
      <trkpt lat="41.298508644104004" lon="-7.519519329071045">
        <ele>581.32</ele>
      </trkpt>
      <trkpt lat="41.29829406738281" lon="-7.519347667694092">
        <ele>581.68</ele>
      </trkpt>
      <trkpt lat="41.29807949066162" lon="-7.5194549560546875">
        <ele>582.01</ele>
      </trkpt>
      <trkpt lat="41.2978577055037" lon="-7.519719572737813">
        <ele>582.34</ele>
      </trkpt>
      <trkpt lat="41.29763592034578" lon="-7.51998427323997">
        <ele>582.74</ele>
      </trkpt>
      <trkpt lat="41.29741430282593" lon="-7.520248889923096">
        <ele>583.16</ele>
      </trkpt>
      <trkpt lat="41.29713535308838" lon="-7.520270347595215">
        <ele>583.59</ele>
      </trkpt>
      <trkpt lat="41.29694231785834" lon="-7.520120143890381">
        <ele>584.11</ele>
      </trkpt>
      <trkpt lat="41.2967492826283" lon="-7.519970024004579">
        <ele>584.53</ele>
      </trkpt>
      <trkpt lat="41.29655599594116" lon="-7.519819736480713">
        <ele>584.93</ele>
      </trkpt>
      <trkpt lat="41.29640579223633" lon="-7.5194549560546875">
        <ele>585.4</ele>
      </trkpt>
      <trkpt lat="41.29634141921997" lon="-7.519347667694092">
        <ele>585.81</ele>
      </trkpt>
      <trkpt lat="41.29619121551514" lon="-7.519283294677734">
        <ele>586.22</ele>
      </trkpt>
      <trkpt lat="41.296019554138184" lon="-7.519326210021973">
        <ele>586.65</ele>
      </trkpt>
      <trkpt lat="41.29584797658026" lon="-7.519497871398926">
        <ele>587.11</ele>
      </trkpt>
      <trkpt lat="41.295661982148886" lon="-7.519690906628966">
        <ele>587.63</ele>
      </trkpt>
      <trkpt lat="41.29547598771751" lon="-7.519884025678039">
        <ele>588.18</ele>
      </trkpt>
      <trkpt lat="41.29528999328613" lon="-7.520077228546143">
        <ele>588.73</ele>
      </trkpt>
      <trkpt lat="41.29511833190918" lon="-7.520163059234619">
        <ele>589.28</ele>
      </trkpt>
      <trkpt lat="41.294811218976974" lon="-7.520155850797892">
        <ele>589.89</ele>
      </trkpt>
      <trkpt lat="41.29450410604477" lon="-7.520148726180196">
        <ele>590.54</ele>
      </trkpt>
      <trkpt lat="41.294196993112564" lon="-7.5201416015625">
        <ele>591.24</ele>
      </trkpt>
      <trkpt lat="41.29388988018036" lon="-7.520134476944804">
        <ele>591.89</ele>
      </trkpt>
      <trkpt lat="41.293582767248154" lon="-7.520127268508077">
        <ele>592.57</ele>
      </trkpt>
      <trkpt lat="41.293272972106934" lon="-7.520120143890381">
        <ele>593.3</ele>
      </trkpt>
      <trkpt lat="41.29302981309593" lon="-7.5203632190823555">
        <ele>593.89</ele>
      </trkpt>
      <trkpt lat="41.29278665408492" lon="-7.520606378093362">
        <ele>594.57</ele>
      </trkpt>
      <trkpt lat="41.29254341125488" lon="-7.520849704742432">
        <ele>595.33</ele>
      </trkpt>
      <trkpt lat="41.292543495073915" lon="-7.520849704742432">
        <ele>595.93</ele>
      </trkpt>
      <trkpt lat="41.29236102104187" lon="-7.521064281463623">
        <ele>596.6</ele>
      </trkpt>
      <trkpt lat="41.29217863082886" lon="-7.5212788581848145">
        <ele>597.21</ele>
      </trkpt>
      <trkpt lat="41.29207134246826" lon="-7.521364688873291">
        <ele>597.81</ele>
      </trkpt>
      <trkpt lat="41.29187822341919" lon="-7.521429061889648">
        <ele>598.41</ele>
      </trkpt>
      <trkpt lat="41.29168510437012" lon="-7.521364688873291">
        <ele>598.98</ele>
      </trkpt>
      <trkpt lat="41.29162081517279" lon="-7.521343231201172">
        <ele>599.53</ele>
      </trkpt>
      <trkpt lat="41.29145996645093" lon="-7.5212788581848145">
        <ele>600.09</ele>
      </trkpt>
      <trkpt lat="41.29129886627197" lon="-7.521214485168457">
        <ele>600.57</ele>
      </trkpt>
      <trkpt lat="41.29117012023926" lon="-7.5211501121521">
        <ele>601.04</ele>
      </trkpt>
      <trkpt lat="41.29106283187866" lon="-7.5209784507751465">
        <ele>601.56</ele>
      </trkpt>
      <trkpt lat="41.29101974889636" lon="-7.520688101649284">
        <ele>602.18</ele>
      </trkpt>
      <trkpt lat="41.290977001190186" lon="-7.52039909362793">
        <ele>602.74</ele>
      </trkpt>
      <trkpt lat="41.29078388214111" lon="-7.520205974578857">
        <ele>603.2</ele>
      </trkpt>
      <trkpt lat="41.29071959294379" lon="-7.520205974578857">
        <ele>603.63</ele>
      </trkpt>
      <trkpt lat="41.29055882804096" lon="-7.520216619595885">
        <ele>604.0</ele>
      </trkpt>
      <trkpt lat="41.29039764404297" lon="-7.520227432250977">
        <ele>604.47</ele>
      </trkpt>
      <trkpt lat="41.29009765572846" lon="-7.520238077268004">
        <ele>605.04</ele>
      </trkpt>
      <trkpt lat="41.28979682922363" lon="-7.520248889923096">
        <ele>605.58</ele>
      </trkpt>
      <trkpt lat="41.28962516784668" lon="-7.520163059234619">
        <ele>606.18</ele>
      </trkpt>
      <trkpt lat="41.289496421813965" lon="-7.520077228546143">
        <ele>606.77</ele>
      </trkpt>
      <trkpt lat="41.28930355422199" lon="-7.520055770874023">
        <ele>607.3</ele>
      </trkpt>
      <trkpt lat="41.28911018371582" lon="-7.520034313201904">
        <ele>607.88</ele>
      </trkpt>
      <trkpt lat="41.289067352190614" lon="-7.520012855529785">
        <ele>608.46</ele>
      </trkpt>
      <trkpt lat="41.28887423314154" lon="-7.519841194152832">
        <ele>609.07</ele>
      </trkpt>
      <trkpt lat="41.28876677714288" lon="-7.519680093973875">
        <ele>609.65</ele>
      </trkpt>
      <trkpt lat="41.28865957260132" lon="-7.519519329071045">
        <ele>610.25</ele>
      </trkpt>
      <trkpt lat="41.2886381149292" lon="-7.519283294677734">
        <ele>610.99</ele>
      </trkpt>
      <trkpt lat="41.28863819874823" lon="-7.519283294677734">
        <ele>611.7</ele>
      </trkpt>
      <trkpt lat="41.28861665725708" lon="-7.5191545486450195">
        <ele>612.45</ele>
      </trkpt>
      <trkpt lat="41.288766860961914" lon="-7.518854141235352">
        <ele>613.33</ele>
      </trkpt>
      <trkpt lat="41.288927709683776" lon="-7.518693208694458">
        <ele>614.22</ele>
      </trkpt>
      <trkpt lat="41.2890887260437" lon="-7.5185322761535645">
        <ele>615.12</ele>
      </trkpt>
      <trkpt lat="41.28917455673218" lon="-7.518274784088135">
        <ele>615.96</ele>
      </trkpt>
      <trkpt lat="41.28917455673218" lon="-7.518188953399658">
        <ele>616.77</ele>
      </trkpt>
      <trkpt lat="41.28917455673218" lon="-7.518103122711182">
        <ele>617.6</ele>
      </trkpt>
      <trkpt lat="41.28896702080965" lon="-7.5178024638444185">
        <ele>618.39</ele>
      </trkpt>
      <trkpt lat="41.28875948488712" lon="-7.517501888796687">
        <ele>619.32</ele>
      </trkpt>
      <trkpt lat="41.288552368059754" lon="-7.517201900482178">
        <ele>620.26</ele>
      </trkpt>
      <trkpt lat="41.288466453552246" lon="-7.516944408416748">
        <ele>621.11</ele>
      </trkpt>
      <trkpt lat="41.2884879950434" lon="-7.516794204711914">
        <ele>622.05</ele>
      </trkpt>
      <trkpt lat="41.2885308265686" lon="-7.5165581703186035">
        <ele>623.06</ele>
      </trkpt>
      <trkpt lat="41.2885308265686" lon="-7.516343090683222">
        <ele>623.95</ele>
      </trkpt>
      <trkpt lat="41.2885308265686" lon="-7.516129016876221">
        <ele>624.78</ele>
      </trkpt>
      <trkpt lat="41.28835916519165" lon="-7.515935897827148">
        <ele>625.46</ele>
      </trkpt>
      <trkpt lat="41.288144839927554" lon="-7.515871608629823">
        <ele>626.11</ele>
      </trkpt>
      <trkpt lat="41.28793001174927" lon="-7.515807151794434">
        <ele>626.88</ele>
      </trkpt>
      <trkpt lat="41.287779808044434" lon="-7.51564621925354">
        <ele>627.81</ele>
      </trkpt>
      <trkpt lat="41.28762968815863" lon="-7.5154852867126465">
        <ele>628.72</ele>
      </trkpt>
      <trkpt lat="41.28739356994629" lon="-7.5152169819921255">
        <ele>629.68</ele>
      </trkpt>
      <trkpt lat="41.28715753555298" lon="-7.514948844909668">
        <ele>630.4</ele>
      </trkpt>
      <trkpt lat="41.28698260523379" lon="-7.514611221849918">
        <ele>631.17</ele>
      </trkpt>
      <trkpt lat="41.2868076749146" lon="-7.5142736826092005">
        <ele>632.01</ele>
      </trkpt>
      <trkpt lat="41.28663274459541" lon="-7.513936143368483">
        <ele>632.83</ele>
      </trkpt>
      <trkpt lat="41.28645781427622" lon="-7.513598520308733">
        <ele>633.71</ele>
      </trkpt>
      <trkpt lat="41.28628296777606" lon="-7.513260981068015">
        <ele>634.56</ele>
      </trkpt>
      <trkpt lat="41.28610803745687" lon="-7.512923441827297">
        <ele>635.32</ele>
      </trkpt>
      <trkpt lat="41.28593444824219" lon="-7.5125885009765625">
        <ele>636.07</ele>
      </trkpt>
      <trkpt lat="41.285719871520996" lon="-7.512366715818644">
        <ele>636.78</ele>
      </trkpt>
      <trkpt lat="41.285505294799805" lon="-7.512145014479756">
        <ele>637.33</ele>
      </trkpt>
      <trkpt lat="41.28529071807861" lon="-7.511923313140869">
        <ele>637.82</ele>
      </trkpt>
      <trkpt lat="41.28518317826092" lon="-7.511536320671439">
        <ele>638.45</ele>
      </trkpt>
      <trkpt lat="41.28507614135742" lon="-7.51115083694458">
        <ele>639.0</ele>
      </trkpt>
      <trkpt lat="41.284904312342405" lon="-7.510893177241087">
        <ele>639.43</ele>
      </trkpt>
      <trkpt lat="41.284732818603516" lon="-7.510635852813721">
        <ele>639.79</ele>
      </trkpt>
      <trkpt lat="41.284603821113706" lon="-7.5102919433265924">
        <ele>640.24</ele>
      </trkpt>
      <trkpt lat="41.28447490744293" lon="-7.509948117658496">
        <ele>640.69</ele>
      </trkpt>
      <trkpt lat="41.28434658050537" lon="-7.509605884552002">
        <ele>641.16</ele>
      </trkpt>
      <trkpt lat="41.284217834472656" lon="-7.509477138519287">
        <ele>641.63</ele>
      </trkpt>
      <trkpt lat="41.2839927803725" lon="-7.509519970044494">
        <ele>642.03</ele>
      </trkpt>
      <trkpt lat="41.283767223358154" lon="-7.509562969207764">
        <ele>642.62</ele>
      </trkpt>
      <trkpt lat="41.28361701965332" lon="-7.509734630584717">
        <ele>643.33</ele>
      </trkpt>
      <trkpt lat="41.2835955619812" lon="-7.509949207305908">
        <ele>644.07</ele>
      </trkpt>
      <trkpt lat="41.2836922891438" lon="-7.5103361159563065">
        <ele>644.93</ele>
      </trkpt>
      <trkpt lat="41.28378868103027" lon="-7.510721683502197">
        <ele>645.72</ele>
      </trkpt>
      <trkpt lat="41.28381013870239" lon="-7.510979678481817">
        <ele>646.61</ele>
      </trkpt>
      <trkpt lat="41.28383159637451" lon="-7.511236667633057">
        <ele>647.56</ele>
      </trkpt>
      <trkpt lat="41.28371332772076" lon="-7.511559035629034">
        <ele>648.62</ele>
      </trkpt>
      <trkpt lat="41.2835955619812" lon="-7.511880397796631">
        <ele>649.57</ele>
      </trkpt>
      <trkpt lat="41.283359695225954" lon="-7.511998247355223">
        <ele>650.63</ele>
      </trkpt>
      <trkpt lat="41.28312349319458" lon="-7.512116432189941">
        <ele>651.64</ele>
      </trkpt>
      <trkpt lat="41.28288762643933" lon="-7.512266468256712">
        <ele>652.6</ele>
      </trkpt>
      <trkpt lat="41.28265142440796" lon="-7.512416839599609">
        <ele>653.52</ele>
      </trkpt>
      <trkpt lat="41.282394183799624" lon="-7.512507867068052">
        <ele>654.44</ele>
      </trkpt>
      <trkpt lat="41.28213702701032" lon="-7.512598978355527">
        <ele>655.37</ele>
      </trkpt>
      <trkpt lat="41.28187987022102" lon="-7.51269000582397">
        <ele>656.29</ele>
      </trkpt>
      <trkpt lat="41.28162145614624" lon="-7.512781620025635">
        <ele>657.08</ele>
      </trkpt>
      <trkpt lat="41.2813385669142" lon="-7.5127216055989265">
        <ele>657.68</ele>
      </trkpt>
      <trkpt lat="41.28105576150119" lon="-7.512661591172218">
        <ele>658.22</ele>
      </trkpt>
      <trkpt lat="41.280772872269154" lon="-7.51260157674551">
        <ele>658.74</ele>
      </trkpt>
      <trkpt lat="41.280490066856146" lon="-7.512541562318802">
        <ele>659.27</ele>
      </trkpt>
      <trkpt lat="41.28020524978638" lon="-7.512481212615967">
        <ele>659.74</ele>
      </trkpt>
      <trkpt lat="41.280055129900575" lon="-7.512331008911133">
        <ele>660.04</ele>
      </trkpt>
      <trkpt lat="41.279819095507264" lon="-7.512105703353882">
        <ele>660.17</ele>
      </trkpt>
      <trkpt lat="41.27958297729492" lon="-7.511880397796631">
        <ele>660.22</ele>
      </trkpt>
      <trkpt lat="41.279583061113954" lon="-7.511880397796631">
        <ele>660.28</ele>
      </trkpt>
      <trkpt lat="41.27935239113867" lon="-7.51166045665741">
        <ele>660.22</ele>
      </trkpt>
      <trkpt lat="41.27912172116339" lon="-7.51144059933722">
        <ele>660.11</ele>
      </trkpt>
      <trkpt lat="41.27889105118811" lon="-7.511220658197999">
        <ele>660.0</ele>
      </trkpt>
      <trkpt lat="41.2786602973938" lon="-7.511000633239746">
        <ele>659.76</ele>
      </trkpt>
      <trkpt lat="41.27837849780917" lon="-7.510853614658117">
        <ele>659.43</ele>
      </trkpt>
      <trkpt lat="41.278096782043576" lon="-7.5107065960764885">
        <ele>659.03</ele>
      </trkpt>
      <trkpt lat="41.27781506627798" lon="-7.51055957749486">
        <ele>658.63</ele>
      </trkpt>
      <trkpt lat="41.277533350512385" lon="-7.510412642732263">
        <ele>658.2</ele>
      </trkpt>
      <trkpt lat="41.27725155092776" lon="-7.510265624150634">
        <ele>657.81</ele>
      </trkpt>
      <trkpt lat="41.27696983516216" lon="-7.510118605569005">
        <ele>657.42</ele>
      </trkpt>
      <trkpt lat="41.27668619155884" lon="-7.509970664978027">
        <ele>656.96</ele>
      </trkpt>
      <trkpt lat="41.276493072509766" lon="-7.509713172912598">
        <ele>656.45</ele>
      </trkpt>
      <trkpt lat="41.276349825784564" lon="-7.509405221790075">
        <ele>655.89</ele>
      </trkpt>
      <trkpt lat="41.27620657905936" lon="-7.509097270667553">
        <ele>655.37</ele>
      </trkpt>
      <trkpt lat="41.27606391906738" lon="-7.508790493011475">
        <ele>654.86</ele>
      </trkpt>
      <trkpt lat="41.27587080001831" lon="-7.508626040071249">
        <ele>654.37</ele>
      </trkpt>
      <trkpt lat="41.27567776478827" lon="-7.508461587131023">
        <ele>653.87</ele>
      </trkpt>
      <trkpt lat="41.275484561920166" lon="-7.508296966552734">
        <ele>653.33</ele>
      </trkpt>
      <trkpt lat="41.27533435821533" lon="-7.508082389831543">
        <ele>652.78</ele>
      </trkpt>
      <trkpt lat="41.275291442871094" lon="-7.507996559143066">
        <ele>652.14</ele>
      </trkpt>
      <trkpt lat="41.275291526690125" lon="-7.507996559143066">
        <ele>651.46</ele>
      </trkpt>
      <trkpt lat="41.27520561218262" lon="-7.507739067077637">
        <ele>650.74</ele>
      </trkpt>
      <trkpt lat="41.27520569600165" lon="-7.507739067077637">
        <ele>649.98</ele>
      </trkpt>
      <trkpt lat="41.27509103156626" lon="-7.507452489808202">
        <ele>649.12</ele>
      </trkpt>
      <trkpt lat="41.274976367130876" lon="-7.507165996357799">
        <ele>648.25</ele>
      </trkpt>
      <trkpt lat="41.27486228942871" lon="-7.506880760192871">
        <ele>647.42</ele>
      </trkpt>
      <trkpt lat="41.27469062805176" lon="-7.506687641143799">
        <ele>646.55</ele>
      </trkpt>
      <trkpt lat="41.274540424346924" lon="-7.506601810455322">
        <ele>645.82</ele>
      </trkpt>
      <trkpt lat="41.27430438995361" lon="-7.506601810455322">
        <ele>645.04</ele>
      </trkpt>
      <trkpt lat="41.2740683555603" lon="-7.50666618347168">
        <ele>644.19</ele>
      </trkpt>
      <trkpt lat="41.27385377883911" lon="-7.5066447257995605">
        <ele>643.4</ele>
      </trkpt>
      <trkpt lat="41.273628724738955" lon="-7.506569707766175">
        <ele>642.66</ele>
      </trkpt>
      <trkpt lat="41.27340316772461" lon="-7.506494522094727">
        <ele>641.85</ele>
      </trkpt>
      <trkpt lat="41.27315112389624" lon="-7.506279945373535">
        <ele>640.99</ele>
      </trkpt>
      <trkpt lat="41.27289908006787" lon="-7.5060654524713755">
        <ele>640.17</ele>
      </trkpt>
      <trkpt lat="41.272647036239505" lon="-7.505850959569216">
        <ele>639.37</ele>
      </trkpt>
      <trkpt lat="41.27239465713501" lon="-7.505636215209961">
        <ele>638.62</ele>
      </trkpt>
      <trkpt lat="41.272137416526675" lon="-7.505511827766895">
        <ele>638.01</ele>
      </trkpt>
      <trkpt lat="41.27188017591834" lon="-7.505387524142861">
        <ele>637.49</ele>
      </trkpt>
      <trkpt lat="41.271622935310006" lon="-7.505263220518827">
        <ele>637.03</ele>
      </trkpt>
      <trkpt lat="41.2713657785207" lon="-7.5051389168947935">
        <ele>636.64</ele>
      </trkpt>
      <trkpt lat="41.27110719680786" lon="-7.505013942718506">
        <ele>636.35</ele>
      </trkpt>
      <trkpt lat="41.270839143544436" lon="-7.504853093996644">
        <ele>636.09</ele>
      </trkpt>
      <trkpt lat="41.27057075500488" lon="-7.504692077636719">
        <ele>635.81</ele>
      </trkpt>
      <trkpt lat="41.27032533288002" lon="-7.504479344934225">
        <ele>635.54</ele>
      </trkpt>
      <trkpt lat="41.27013858407736" lon="-7.504317322745919">
        <ele>635.31</ele>
      </trkpt>
    </trkseg>
  </trk>
</gpx>
