<?xml version="1.0" ?>
<gpx xmlns="http://www.topografix.com/GPX/1/1">
 <trk>
  <name>GP Mortágua - Nova versão</name>
  <trkseg>
   <trkpt lat="40.397929" lon="-8.22857"/>
   <trkpt lat="40.397772" lon="-8.228808"/>
   <trkpt lat="40.397642" lon="-8.229001"/>
   <trkpt lat="40.397572" lon="-8.229105"/>
   <trkpt lat="40.397441" lon="-8.229304"/>
   <trkpt lat="40.397378" lon="-8.229447"/>
   <trkpt lat="40.397358" lon="-8.229555"/>
   <trkpt lat="40.397151" lon="-8.230678"/>
   <trkpt lat="40.3971" lon="-8.23094"/>
   <trkpt lat="40.397084" lon="-8.231001"/>
   <trkpt lat="40.397047" lon="-8.231136"/>
   <trkpt lat="40.396893" lon="-8.231557"/>
   <trkpt lat="40.396852" lon="-8.231673"/>
   <trkpt lat="40.396653" lon="-8.232066"/>
   <trkpt lat="40.396653" lon="-8.232066"/>
   <trkpt lat="40.396557" lon="-8.232256"/>
   <trkpt lat="40.39657" lon="-8.232275"/>
   <trkpt lat="40.396577" lon="-8.232299"/>
   <trkpt lat="40.396579" lon="-8.232324"/>
   <trkpt lat="40.396575" lon="-8.232349"/>
   <trkpt lat="40.396564" lon="-8.232371"/>
   <trkpt lat="40.397228" lon="-8.233035"/>
   <trkpt lat="40.398519" lon="-8.234282"/>
   <trkpt lat="40.400327" lon="-8.23603"/>
   <trkpt lat="40.400327" lon="-8.23603"/>
   <trkpt lat="40.400435" lon="-8.236134"/>
   <trkpt lat="40.400627" lon="-8.235463"/>
   <trkpt lat="40.400641" lon="-8.235416"/>
   <trkpt lat="40.400641" lon="-8.235416"/>
   <trkpt lat="40.400685" lon="-8.235267"/>
   <trkpt lat="40.40074" lon="-8.235105"/>
   <trkpt lat="40.4008" lon="-8.234899"/>
   <trkpt lat="40.400849" lon="-8.234789"/>
   <trkpt lat="40.400976" lon="-8.234735"/>
   <trkpt lat="40.401047" lon="-8.234724"/>
   <trkpt lat="40.401143" lon="-8.234735"/>
   <trkpt lat="40.401258" lon="-8.234717"/>
   <trkpt lat="40.401395" lon="-8.234703"/>
   <trkpt lat="40.401554" lon="-8.234712"/>
   <trkpt lat="40.401712" lon="-8.234754"/>
   <trkpt lat="40.401836" lon="-8.2348"/>
   <trkpt lat="40.402118" lon="-8.23499"/>
   <trkpt lat="40.402118" lon="-8.23499"/>
   <trkpt lat="40.402118" lon="-8.23499"/>
   <trkpt lat="40.402147" lon="-8.235009"/>
   <trkpt lat="40.402388" lon="-8.235217"/>
   <trkpt lat="40.402531" lon="-8.235412"/>
   <trkpt lat="40.402616" lon="-8.235642"/>
   <trkpt lat="40.402633" lon="-8.235814"/>
   <trkpt lat="40.402588" lon="-8.23602"/>
   <trkpt lat="40.402522" lon="-8.2362"/>
   <trkpt lat="40.40241" lon="-8.236457"/>
   <trkpt lat="40.4024103" lon="-8.23645668"/>
   <trkpt lat="40.4024103" lon="-8.23645668"/>
   <trkpt lat="40.40241" lon="-8.236457"/>
   <trkpt lat="40.402005" lon="-8.237388"/>
   <trkpt lat="40.402005" lon="-8.237388"/>
   <trkpt lat="40.402005" lon="-8.237388"/>
   <trkpt lat="40.401926" lon="-8.23757"/>
   <trkpt lat="40.401887" lon="-8.237808"/>
   <trkpt lat="40.401919" lon="-8.237857"/>
   <trkpt lat="40.401938" lon="-8.237917"/>
   <trkpt lat="40.401944" lon="-8.237981"/>
   <trkpt lat="40.401935" lon="-8.238045"/>
   <trkpt lat="40.401913" lon="-8.238103"/>
   <trkpt lat="40.401891" lon="-8.238135"/>
   <trkpt lat="40.401865" lon="-8.238162"/>
   <trkpt lat="40.401847" lon="-8.238299"/>
   <trkpt lat="40.401842" lon="-8.238372"/>
   <trkpt lat="40.401855" lon="-8.238452"/>
   <trkpt lat="40.401932" lon="-8.238786"/>
   <trkpt lat="40.401968" lon="-8.238925"/>
   <trkpt lat="40.401999" lon="-8.239088"/>
   <trkpt lat="40.40218" lon="-8.241343"/>
   <trkpt lat="40.402223" lon="-8.241867"/>
   <trkpt lat="40.402295" lon="-8.24228"/>
   <trkpt lat="40.402398" lon="-8.242653"/>
   <trkpt lat="40.402561" lon="-8.243002"/>
   <trkpt lat="40.402761" lon="-8.243304"/>
   <trkpt lat="40.402985" lon="-8.243518"/>
   <trkpt lat="40.403287" lon="-8.243749"/>
   <trkpt lat="40.403825" lon="-8.244114"/>
   <trkpt lat="40.40446" lon="-8.244463"/>
   <trkpt lat="40.404732" lon="-8.244686"/>
   <trkpt lat="40.404949" lon="-8.244932"/>
   <trkpt lat="40.405173" lon="-8.245305"/>
   <trkpt lat="40.405355" lon="-8.245742"/>
   <trkpt lat="40.405548" lon="-8.246139"/>
   <trkpt lat="40.405651" lon="-8.246323"/>
   <trkpt lat="40.405723" lon="-8.246448"/>
   <trkpt lat="40.405971" lon="-8.24675"/>
   <trkpt lat="40.406243" lon="-8.247004"/>
   <trkpt lat="40.406509" lon="-8.247147"/>
   <trkpt lat="40.406981" lon="-8.247385"/>
   <trkpt lat="40.407295" lon="-8.247576"/>
   <trkpt lat="40.407332" lon="-8.247601"/>
   <trkpt lat="40.407332" lon="-8.247601"/>
   <trkpt lat="40.407555" lon="-8.24775"/>
   <trkpt lat="40.407831" lon="-8.248035"/>
   <trkpt lat="40.407973" lon="-8.248203"/>
   <trkpt lat="40.408272" lon="-8.248641"/>
   <trkpt lat="40.409145" lon="-8.250029"/>
   <trkpt lat="40.409186" lon="-8.250094"/>
   <trkpt lat="40.409399" lon="-8.250442"/>
   <trkpt lat="40.409635" lon="-8.250831"/>
   <trkpt lat="40.409822" lon="-8.251093"/>
   <trkpt lat="40.410082" lon="-8.251371"/>
   <trkpt lat="40.411287" lon="-8.252425"/>
   <trkpt lat="40.41165" lon="-8.252741"/>
   <trkpt lat="40.412814" lon="-8.253753"/>
   <trkpt lat="40.413063" lon="-8.253973"/>
   <trkpt lat="40.413576" lon="-8.254418"/>
   <trkpt lat="40.413783" lon="-8.254609"/>
   <trkpt lat="40.413977" lon="-8.254825"/>
   <trkpt lat="40.413977" lon="-8.254825"/>
   <trkpt lat="40.413977" lon="-8.254825"/>
   <trkpt lat="40.414175" lon="-8.255136"/>
   <trkpt lat="40.414222" lon="-8.255227"/>
   <trkpt lat="40.414364" lon="-8.255504"/>
   <trkpt lat="40.414572" lon="-8.256"/>
   <trkpt lat="40.414799" lon="-8.256413"/>
   <trkpt lat="40.414978" lon="-8.256667"/>
   <trkpt lat="40.415258" lon="-8.256972"/>
   <trkpt lat="40.415442" lon="-8.257213"/>
   <trkpt lat="40.415547" lon="-8.25739"/>
   <trkpt lat="40.415592" lon="-8.257467"/>
   <trkpt lat="40.415732" lon="-8.25788"/>
   <trkpt lat="40.415876" lon="-8.258713"/>
   <trkpt lat="40.415977" lon="-8.259296"/>
   <trkpt lat="40.416054" lon="-8.259673"/>
   <trkpt lat="40.416135" lon="-8.259981"/>
   <trkpt lat="40.416264" lon="-8.260275"/>
   <trkpt lat="40.416434" lon="-8.260599"/>
   <trkpt lat="40.416683" lon="-8.260924"/>
   <trkpt lat="40.416987" lon="-8.261205"/>
   <trkpt lat="40.418096" lon="-8.261949"/>
   <trkpt lat="40.418998" lon="-8.262522"/>
   <trkpt lat="40.419536" lon="-8.262859"/>
   <trkpt lat="40.419536" lon="-8.262859"/>
   <trkpt lat="40.419964" lon="-8.263127"/>
   <trkpt lat="40.42022" lon="-8.263387"/>
   <trkpt lat="40.420489" lon="-8.263659"/>
   <trkpt lat="40.420652" lon="-8.263811"/>
   <trkpt lat="40.420965" lon="-8.264048"/>
   <trkpt lat="40.421207" lon="-8.2642"/>
   <trkpt lat="40.421283" lon="-8.264261"/>
   <trkpt lat="40.421415" lon="-8.264365"/>
   <trkpt lat="40.421608" lon="-8.264562"/>
   <trkpt lat="40.422106" lon="-8.265102"/>
   <trkpt lat="40.422348" lon="-8.265356"/>
   <trkpt lat="40.422537" lon="-8.265521"/>
   <trkpt lat="40.422672" lon="-8.265617"/>
   <trkpt lat="40.422817" lon="-8.265699"/>
   <trkpt lat="40.423088" lon="-8.265833"/>
   <trkpt lat="40.423242" lon="-8.26596"/>
   <trkpt lat="40.423417" lon="-8.266099"/>
   <trkpt lat="40.423605" lon="-8.266303"/>
   <trkpt lat="40.423823" lon="-8.266461"/>
   <trkpt lat="40.423946" lon="-8.266524"/>
   <trkpt lat="40.424084" lon="-8.266595"/>
   <trkpt lat="40.424199" lon="-8.266621"/>
   <trkpt lat="40.42434" lon="-8.266652"/>
   <trkpt lat="40.425573" lon="-8.266893"/>
   <trkpt lat="40.425781" lon="-8.266931"/>
   <trkpt lat="40.42596" lon="-8.266944"/>
   <trkpt lat="40.426149" lon="-8.266912"/>
   <trkpt lat="40.426361" lon="-8.266811"/>
   <trkpt lat="40.426932" lon="-8.266411"/>
   <trkpt lat="40.427213" lon="-8.266235"/>
   <trkpt lat="40.427442" lon="-8.26611"/>
   <trkpt lat="40.427624" lon="-8.266044"/>
   <trkpt lat="40.427872" lon="-8.265986"/>
   <trkpt lat="40.428106" lon="-8.265959"/>
   <trkpt lat="40.428235" lon="-8.265962"/>
   <trkpt lat="40.428409" lon="-8.265972"/>
   <trkpt lat="40.428832" lon="-8.266097"/>
   <trkpt lat="40.429023" lon="-8.266142"/>
   <trkpt lat="40.429303" lon="-8.266181"/>
   <trkpt lat="40.429379" lon="-8.266197"/>
   <trkpt lat="40.429441" lon="-8.26622"/>
   <trkpt lat="40.429732" lon="-8.266379"/>
   <trkpt lat="40.429964" lon="-8.266589"/>
   <trkpt lat="40.430022" lon="-8.266653"/>
   <trkpt lat="40.430022" lon="-8.266653"/>
   <trkpt lat="40.430152" lon="-8.266798"/>
   <trkpt lat="40.430301" lon="-8.266945"/>
   <trkpt lat="40.430462" lon="-8.267078"/>
   <trkpt lat="40.430564" lon="-8.267145"/>
   <trkpt lat="40.43079" lon="-8.267253"/>
   <trkpt lat="40.43122" lon="-8.267381"/>
   <trkpt lat="40.431435" lon="-8.267467"/>
   <trkpt lat="40.431579" lon="-8.267536"/>
   <trkpt lat="40.431727" lon="-8.267611"/>
   <trkpt lat="40.431771" lon="-8.267645"/>
   <trkpt lat="40.431855" lon="-8.267721"/>
   <trkpt lat="40.431914" lon="-8.267789"/>
   <trkpt lat="40.432008" lon="-8.267901"/>
   <trkpt lat="40.43214" lon="-8.268073"/>
   <trkpt lat="40.432417" lon="-8.268524"/>
   <trkpt lat="40.432618" lon="-8.268883"/>
   <trkpt lat="40.433029" lon="-8.26958"/>
   <trkpt lat="40.433143" lon="-8.26978"/>
   <trkpt lat="40.433143" lon="-8.26978"/>
   <trkpt lat="40.433155" lon="-8.269802"/>
   <trkpt lat="40.433237" lon="-8.270019"/>
   <trkpt lat="40.433261" lon="-8.27026"/>
   <trkpt lat="40.433232" lon="-8.270501"/>
   <trkpt lat="40.433131" lon="-8.270757"/>
   <trkpt lat="40.432579" lon="-8.271715"/>
   <trkpt lat="40.432492" lon="-8.271844"/>
   <trkpt lat="40.432375" lon="-8.271873"/>
   <trkpt lat="40.432257" lon="-8.271981"/>
   <trkpt lat="40.432173" lon="-8.272123"/>
   <trkpt lat="40.432102" lon="-8.272333"/>
   <trkpt lat="40.432067" lon="-8.272574"/>
   <trkpt lat="40.432049" lon="-8.273118"/>
   <trkpt lat="40.432018" lon="-8.273263"/>
   <trkpt lat="40.431918" lon="-8.273558"/>
   <trkpt lat="40.431714" lon="-8.274069"/>
   <trkpt lat="40.43162" lon="-8.274306"/>
   <trkpt lat="40.431208" lon="-8.275393"/>
   <trkpt lat="40.431099" lon="-8.27558"/>
   <trkpt lat="40.431004" lon="-8.275698"/>
   <trkpt lat="40.430326" lon="-8.276206"/>
   <trkpt lat="40.430169" lon="-8.276281"/>
   <trkpt lat="40.430077" lon="-8.276305"/>
   <trkpt lat="40.429613" lon="-8.276329"/>
   <trkpt lat="40.42923" lon="-8.276347"/>
   <trkpt lat="40.42923" lon="-8.276347"/>
   <trkpt lat="40.429217" lon="-8.276348"/>
   <trkpt lat="40.428535" lon="-8.276364"/>
   <trkpt lat="40.427769" lon="-8.27631"/>
   <trkpt lat="40.42721" lon="-8.276283"/>
   <trkpt lat="40.427071" lon="-8.276316"/>
   <trkpt lat="40.426906" lon="-8.276388"/>
   <trkpt lat="40.425854" lon="-8.276887"/>
   <trkpt lat="40.425583" lon="-8.277019"/>
   <trkpt lat="40.42544" lon="-8.277141"/>
   <trkpt lat="40.42527" lon="-8.277329"/>
   <trkpt lat="40.424901" lon="-8.277909"/>
   <trkpt lat="40.424299" lon="-8.278799"/>
   <trkpt lat="40.424299" lon="-8.278799"/>
   <trkpt lat="40.423994" lon="-8.27925"/>
   <trkpt lat="40.423706" lon="-8.279689"/>
   <trkpt lat="40.42348" lon="-8.280034"/>
   <trkpt lat="40.423439" lon="-8.280172"/>
   <trkpt lat="40.423418" lon="-8.280301"/>
   <trkpt lat="40.423439" lon="-8.280427"/>
   <trkpt lat="40.423639" lon="-8.281002"/>
   <trkpt lat="40.423665" lon="-8.281079"/>
   <trkpt lat="40.423749" lon="-8.2812"/>
   <trkpt lat="40.423927" lon="-8.28134"/>
   <trkpt lat="40.424741" lon="-8.281803"/>
   <trkpt lat="40.424835" lon="-8.281894"/>
   <trkpt lat="40.424901" lon="-8.282024"/>
   <trkpt lat="40.424897" lon="-8.282128"/>
   <trkpt lat="40.424835" lon="-8.282211"/>
   <trkpt lat="40.424758" lon="-8.282219"/>
   <trkpt lat="40.424602" lon="-8.282211"/>
   <trkpt lat="40.42449" lon="-8.282248"/>
   <trkpt lat="40.424445" lon="-8.28231"/>
   <trkpt lat="40.424386" lon="-8.282407"/>
   <trkpt lat="40.424364" lon="-8.282504"/>
   <trkpt lat="40.424368" lon="-8.282677"/>
   <trkpt lat="40.424386" lon="-8.282718"/>
   <trkpt lat="40.424429" lon="-8.282812"/>
   <trkpt lat="40.424529" lon="-8.282975"/>
   <trkpt lat="40.424699" lon="-8.283394"/>
   <trkpt lat="40.424743" lon="-8.283605"/>
   <trkpt lat="40.424758" lon="-8.283738"/>
   <trkpt lat="40.424746" lon="-8.283839"/>
   <trkpt lat="40.424435" lon="-8.284212"/>
   <trkpt lat="40.424424" lon="-8.284237"/>
   <trkpt lat="40.424353" lon="-8.284407"/>
   <trkpt lat="40.424337" lon="-8.284544"/>
   <trkpt lat="40.424384" lon="-8.285008"/>
   <trkpt lat="40.42428" lon="-8.285339"/>
   <trkpt lat="40.424204" lon="-8.285491"/>
   <trkpt lat="40.424136" lon="-8.285566"/>
   <trkpt lat="40.424136" lon="-8.285566"/>
   <trkpt lat="40.424061" lon="-8.285649"/>
   <trkpt lat="40.423921" lon="-8.285749"/>
   <trkpt lat="40.423804" lon="-8.285791"/>
   <trkpt lat="40.423686" lon="-8.285826"/>
   <trkpt lat="40.423301" lon="-8.285808"/>
   <trkpt lat="40.42271" lon="-8.285781"/>
   <trkpt lat="40.421563" lon="-8.28576"/>
   <trkpt lat="40.421414" lon="-8.285741"/>
   <trkpt lat="40.421297" lon="-8.2857"/>
   <trkpt lat="40.421195" lon="-8.285612"/>
   <trkpt lat="40.421107" lon="-8.285459"/>
   <trkpt lat="40.421064" lon="-8.285296"/>
   <trkpt lat="40.421052" lon="-8.285075"/>
   <trkpt lat="40.421048" lon="-8.284391"/>
   <trkpt lat="40.421064" lon="-8.284269"/>
   <trkpt lat="40.421113" lon="-8.284081"/>
   <trkpt lat="40.421122" lon="-8.284033"/>
   <trkpt lat="40.421122" lon="-8.283995"/>
   <trkpt lat="40.421109" lon="-8.28395"/>
   <trkpt lat="40.421089" lon="-8.28392"/>
   <trkpt lat="40.421059" lon="-8.283912"/>
   <trkpt lat="40.421033" lon="-8.283922"/>
   <trkpt lat="40.420974" lon="-8.283981"/>
   <trkpt lat="40.420798" lon="-8.283952"/>
   <trkpt lat="40.42074" lon="-8.283995"/>
   <trkpt lat="40.420693" lon="-8.284073"/>
   <trkpt lat="40.420595" lon="-8.284135"/>
   <trkpt lat="40.42049" lon="-8.28415"/>
   <trkpt lat="40.420415" lon="-8.284118"/>
   <trkpt lat="40.42036" lon="-8.284049"/>
   <trkpt lat="40.420314" lon="-8.283938"/>
   <trkpt lat="40.420307" lon="-8.283826"/>
   <trkpt lat="40.420327" lon="-8.28371"/>
   <trkpt lat="40.420372" lon="-8.283577"/>
   <trkpt lat="40.420464" lon="-8.283423"/>
   <trkpt lat="40.420598" lon="-8.283286"/>
   <trkpt lat="40.420702" lon="-8.283232"/>
   <trkpt lat="40.420721" lon="-8.283222"/>
   <trkpt lat="40.421056" lon="-8.283144"/>
   <trkpt lat="40.421183" lon="-8.28304"/>
   <trkpt lat="40.42128" lon="-8.28283"/>
   <trkpt lat="40.421311" lon="-8.282582"/>
   <trkpt lat="40.421297" lon="-8.28241"/>
   <trkpt lat="40.421238" lon="-8.282115"/>
   <trkpt lat="40.42117" lon="-8.28191"/>
   <trkpt lat="40.42106" lon="-8.281739"/>
   <trkpt lat="40.420954" lon="-8.281618"/>
   <trkpt lat="40.420116" lon="-8.280993"/>
   <trkpt lat="40.42" lon="-8.280932"/>
   <trkpt lat="40.419894" lon="-8.280903"/>
   <trkpt lat="40.419806" lon="-8.28091"/>
   <trkpt lat="40.419733" lon="-8.280937"/>
   <trkpt lat="40.419538" lon="-8.281141"/>
   <trkpt lat="40.419463" lon="-8.281173"/>
   <trkpt lat="40.4194" lon="-8.281157"/>
   <trkpt lat="40.419347" lon="-8.281092"/>
   <trkpt lat="40.419259" lon="-8.280819"/>
   <trkpt lat="40.419179" lon="-8.280685"/>
   <trkpt lat="40.418982" lon="-8.280452"/>
   <trkpt lat="40.418246" lon="-8.279629"/>
   <trkpt lat="40.41816" lon="-8.279445"/>
   <trkpt lat="40.418115" lon="-8.27926"/>
   <trkpt lat="40.417987" lon="-8.27863"/>
   <trkpt lat="40.417926" lon="-8.278486"/>
   <trkpt lat="40.417852" lon="-8.278408"/>
   <trkpt lat="40.417762" lon="-8.278367"/>
   <trkpt lat="40.417666" lon="-8.27837"/>
   <trkpt lat="40.41758" lon="-8.278421"/>
   <trkpt lat="40.417362" lon="-8.278659"/>
   <trkpt lat="40.416916" lon="-8.279083"/>
   <trkpt lat="40.416721" lon="-8.279199"/>
   <trkpt lat="40.416721" lon="-8.279199"/>
   <trkpt lat="40.416721" lon="-8.279199"/>
   <trkpt lat="40.416586" lon="-8.279247"/>
   <trkpt lat="40.416449" lon="-8.279287"/>
   <trkpt lat="40.416226" lon="-8.27932"/>
   <trkpt lat="40.416236" lon="-8.27955"/>
   <trkpt lat="40.416249" lon="-8.279692"/>
   <trkpt lat="40.4163" lon="-8.279877"/>
   <trkpt lat="40.416423" lon="-8.280124"/>
   <trkpt lat="40.416739" lon="-8.280611"/>
   <trkpt lat="40.417111" lon="-8.281109"/>
   <trkpt lat="40.417347" lon="-8.281362"/>
   <trkpt lat="40.417448" lon="-8.281435"/>
   <trkpt lat="40.417676" lon="-8.281599"/>
   <trkpt lat="40.417937" lon="-8.281839"/>
   <trkpt lat="40.418003" lon="-8.281945"/>
   <trkpt lat="40.418003" lon="-8.281945"/>
   <trkpt lat="40.418083" lon="-8.282076"/>
   <trkpt lat="40.418128" lon="-8.282278"/>
   <trkpt lat="40.41813" lon="-8.282551"/>
   <trkpt lat="40.418073" lon="-8.283734"/>
   <trkpt lat="40.418051" lon="-8.284023"/>
   <trkpt lat="40.418042" lon="-8.284133"/>
   <trkpt lat="40.417982" lon="-8.284297"/>
   <trkpt lat="40.417676" lon="-8.285132"/>
   <trkpt lat="40.417619" lon="-8.285344"/>
   <trkpt lat="40.417614" lon="-8.285428"/>
   <trkpt lat="40.417609" lon="-8.285538"/>
   <trkpt lat="40.417627" lon="-8.285688"/>
   <trkpt lat="40.417437" lon="-8.285877"/>
   <trkpt lat="40.417201" lon="-8.286548"/>
   <trkpt lat="40.417189" lon="-8.286848"/>
   <trkpt lat="40.417271" lon="-8.287034"/>
   <trkpt lat="40.41749" lon="-8.287121"/>
   <trkpt lat="40.417922" lon="-8.287249"/>
   <trkpt lat="40.418201" lon="-8.28735"/>
   <trkpt lat="40.418323" lon="-8.287394"/>
   <trkpt lat="40.418722" lon="-8.287517"/>
   <trkpt lat="40.418965" lon="-8.287724"/>
   <trkpt lat="40.419286" lon="-8.288178"/>
   <trkpt lat="40.419488" lon="-8.28856"/>
   <trkpt lat="40.419654" lon="-8.28921"/>
   <trkpt lat="40.419751" lon="-8.289581"/>
   <trkpt lat="40.41995" lon="-8.290369"/>
   <trkpt lat="40.420155" lon="-8.290653"/>
   <trkpt lat="40.420376" lon="-8.290845"/>
   <trkpt lat="40.420824" lon="-8.291012"/>
   <trkpt lat="40.421124" lon="-8.291136"/>
   <trkpt lat="40.42153" lon="-8.291303"/>
   <trkpt lat="40.421715" lon="-8.291528"/>
   <trkpt lat="40.422255" lon="-8.292262"/>
   <trkpt lat="40.422797" lon="-8.292978"/>
   <trkpt lat="40.423093" lon="-8.293429"/>
   <trkpt lat="40.423297" lon="-8.293974"/>
   <trkpt lat="40.423361" lon="-8.29423"/>
   <trkpt lat="40.423361" lon="-8.29423"/>
   <trkpt lat="40.423441" lon="-8.294548"/>
   <trkpt lat="40.423485" lon="-8.294989"/>
   <trkpt lat="40.42349" lon="-8.295041"/>
   <trkpt lat="40.423502" lon="-8.295417"/>
   <trkpt lat="40.423523" lon="-8.295761"/>
   <trkpt lat="40.423517" lon="-8.295789"/>
   <trkpt lat="40.423518" lon="-8.295817"/>
   <trkpt lat="40.423507" lon="-8.296134"/>
   <trkpt lat="40.423514" lon="-8.296477"/>
   <trkpt lat="40.4235" lon="-8.297003"/>
   <trkpt lat="40.423433" lon="-8.297342"/>
   <trkpt lat="40.423382" lon="-8.297494"/>
   <trkpt lat="40.423102" lon="-8.297983"/>
   <trkpt lat="40.423102" lon="-8.297983"/>
   <trkpt lat="40.42309" lon="-8.298004"/>
   <trkpt lat="40.422975" lon="-8.298159"/>
   <trkpt lat="40.42282" lon="-8.29825"/>
   <trkpt lat="40.422328" lon="-8.298398"/>
   <trkpt lat="40.422034" lon="-8.298441"/>
   <trkpt lat="40.421664" lon="-8.298384"/>
   <trkpt lat="40.421516" lon="-8.29842"/>
   <trkpt lat="40.421457" lon="-8.298463"/>
   <trkpt lat="40.421391" lon="-8.298511"/>
   <trkpt lat="40.420878" lon="-8.29894"/>
   <trkpt lat="40.420636" lon="-8.299089"/>
   <trkpt lat="40.42048" lon="-8.299156"/>
   <trkpt lat="40.420234" lon="-8.29922"/>
   <trkpt lat="40.42017" lon="-8.299231"/>
   <trkpt lat="40.42017" lon="-8.299231"/>
   <trkpt lat="40.419987" lon="-8.299262"/>
   <trkpt lat="40.419887" lon="-8.299339"/>
   <trkpt lat="40.419945" lon="-8.299464"/>
   <trkpt lat="40.420024" lon="-8.299562"/>
   <trkpt lat="40.420227" lon="-8.299838"/>
   <trkpt lat="40.420278" lon="-8.299959"/>
   <trkpt lat="40.420315" lon="-8.300131"/>
   <trkpt lat="40.42033" lon="-8.300429"/>
   <trkpt lat="40.42033" lon="-8.300429"/>
   <trkpt lat="40.420351" lon="-8.300841"/>
   <trkpt lat="40.420384" lon="-8.301084"/>
   <trkpt lat="40.420517" lon="-8.30148"/>
   <trkpt lat="40.420552" lon="-8.301663"/>
   <trkpt lat="40.420553" lon="-8.301804"/>
   <trkpt lat="40.420498" lon="-8.301952"/>
   <trkpt lat="40.420399" lon="-8.302054"/>
   <trkpt lat="40.42027" lon="-8.302028"/>
   <trkpt lat="40.420192" lon="-8.302012"/>
   <trkpt lat="40.419961" lon="-8.301845"/>
   <trkpt lat="40.419814" lon="-8.301847"/>
   <trkpt lat="40.419604" lon="-8.301893"/>
   <trkpt lat="40.419085" lon="-8.301931"/>
   <trkpt lat="40.419085" lon="-8.301931"/>
   <trkpt lat="40.419016" lon="-8.301936"/>
   <trkpt lat="40.418607" lon="-8.301887"/>
   <trkpt lat="40.417329" lon="-8.301614"/>
   <trkpt lat="40.417205" lon="-8.301649"/>
   <trkpt lat="40.4171" lon="-8.301756"/>
   <trkpt lat="40.416963" lon="-8.301976"/>
   <trkpt lat="40.416876" lon="-8.302156"/>
   <trkpt lat="40.416819" lon="-8.302433"/>
   <trkpt lat="40.416794" lon="-8.30266"/>
   <trkpt lat="40.416808" lon="-8.30297"/>
   <trkpt lat="40.416819" lon="-8.303215"/>
   <trkpt lat="40.416839" lon="-8.303857"/>
   <trkpt lat="40.416805" lon="-8.304407"/>
   <trkpt lat="40.416651" lon="-8.305192"/>
   <trkpt lat="40.416586" lon="-8.305374"/>
   <trkpt lat="40.416375" lon="-8.305739"/>
   <trkpt lat="40.416265" lon="-8.305995"/>
   <trkpt lat="40.415873" lon="-8.307167"/>
   <trkpt lat="40.415845" lon="-8.307346"/>
   <trkpt lat="40.415886" lon="-8.30759"/>
   <trkpt lat="40.415886" lon="-8.30759"/>
   <trkpt lat="40.415889" lon="-8.307609"/>
   <trkpt lat="40.415885" lon="-8.307727"/>
   <trkpt lat="40.415851" lon="-8.307832"/>
   <trkpt lat="40.415639" lon="-8.308092"/>
   <trkpt lat="40.415567" lon="-8.307971"/>
   <trkpt lat="40.415501" lon="-8.307839"/>
   <trkpt lat="40.415477" lon="-8.307673"/>
   <trkpt lat="40.41554" lon="-8.306839"/>
   <trkpt lat="40.415722" lon="-8.30582"/>
   <trkpt lat="40.415765" lon="-8.305605"/>
   <trkpt lat="40.415814" lon="-8.30546"/>
   <trkpt lat="40.415957" lon="-8.305272"/>
   <trkpt lat="40.416047" lon="-8.305071"/>
   <trkpt lat="40.416112" lon="-8.304902"/>
   <trkpt lat="40.416151" lon="-8.304717"/>
   <trkpt lat="40.416161" lon="-8.304545"/>
   <trkpt lat="40.416128" lon="-8.30436"/>
   <trkpt lat="40.416071" lon="-8.304212"/>
   <trkpt lat="40.416071" lon="-8.304212"/>
   <trkpt lat="40.415735" lon="-8.303343"/>
   <trkpt lat="40.415242" lon="-8.302182"/>
   <trkpt lat="40.415224" lon="-8.302138"/>
   <trkpt lat="40.415204" lon="-8.302094"/>
   <trkpt lat="40.415182" lon="-8.302058"/>
   <trkpt lat="40.415158" lon="-8.302026"/>
   <trkpt lat="40.415133" lon="-8.302001"/>
   <trkpt lat="40.415103" lon="-8.30198"/>
   <trkpt lat="40.415069" lon="-8.301963"/>
   <trkpt lat="40.414824" lon="-8.301846"/>
   <trkpt lat="40.414704" lon="-8.301777"/>
   <trkpt lat="40.414638" lon="-8.301735"/>
   <trkpt lat="40.414576" lon="-8.301687"/>
   <trkpt lat="40.414504" lon="-8.301626"/>
   <trkpt lat="40.414433" lon="-8.301558"/>
   <trkpt lat="40.414306" lon="-8.301429"/>
   <trkpt lat="40.414269" lon="-8.301382"/>
   <trkpt lat="40.414235" lon="-8.301328"/>
   <trkpt lat="40.414204" lon="-8.301265"/>
   <trkpt lat="40.414183" lon="-8.301198"/>
   <trkpt lat="40.414167" lon="-8.301125"/>
   <trkpt lat="40.414154" lon="-8.30105"/>
   <trkpt lat="40.414144" lon="-8.300971"/>
   <trkpt lat="40.414053" lon="-8.299959"/>
   <trkpt lat="40.414064" lon="-8.299583"/>
   <trkpt lat="40.414061" lon="-8.299514"/>
   <trkpt lat="40.414061" lon="-8.299514"/>
   <trkpt lat="40.414058" lon="-8.299455"/>
   <trkpt lat="40.414021" lon="-8.299361"/>
   <trkpt lat="40.413953" lon="-8.299355"/>
   <trkpt lat="40.413909" lon="-8.299418"/>
   <trkpt lat="40.413858" lon="-8.299767"/>
   <trkpt lat="40.413735" lon="-8.300439"/>
   <trkpt lat="40.413635" lon="-8.300743"/>
   <trkpt lat="40.413464" lon="-8.301261"/>
   <trkpt lat="40.413418" lon="-8.301437"/>
   <trkpt lat="40.413373" lon="-8.301818"/>
   <trkpt lat="40.413324" lon="-8.301941"/>
   <trkpt lat="40.41322" lon="-8.302003"/>
   <trkpt lat="40.413022" lon="-8.302086"/>
   <trkpt lat="40.412906" lon="-8.302089"/>
   <trkpt lat="40.412657" lon="-8.301957"/>
   <trkpt lat="40.412549" lon="-8.301853"/>
   <trkpt lat="40.412549" lon="-8.301853"/>
   <trkpt lat="40.412448" lon="-8.301756"/>
   <trkpt lat="40.41232" lon="-8.301592"/>
   <trkpt lat="40.412236" lon="-8.301413"/>
   <trkpt lat="40.412242" lon="-8.301246"/>
   <trkpt lat="40.412236" lon="-8.301069"/>
   <trkpt lat="40.412263" lon="-8.300812"/>
   <trkpt lat="40.412276" lon="-8.300739"/>
   <trkpt lat="40.412309" lon="-8.300565"/>
   <trkpt lat="40.412512" lon="-8.299819"/>
   <trkpt lat="40.412575" lon="-8.29957"/>
   <trkpt lat="40.412622" lon="-8.29927"/>
   <trkpt lat="40.412673" lon="-8.298387"/>
   <trkpt lat="40.412698" lon="-8.297059"/>
   <trkpt lat="40.412679" lon="-8.296813"/>
   <trkpt lat="40.41261" lon="-8.296511"/>
   <trkpt lat="40.412491" lon="-8.295997"/>
   <trkpt lat="40.412418" lon="-8.295746"/>
   <trkpt lat="40.412313" lon="-8.295533"/>
   <trkpt lat="40.412211" lon="-8.295421"/>
   <trkpt lat="40.412032" lon="-8.295266"/>
   <trkpt lat="40.411872" lon="-8.295147"/>
   <trkpt lat="40.411691" lon="-8.295026"/>
   <trkpt lat="40.411488" lon="-8.29494"/>
   <trkpt lat="40.4109" lon="-8.294766"/>
   <trkpt lat="40.410717" lon="-8.294688"/>
   <trkpt lat="40.410574" lon="-8.294568"/>
   <trkpt lat="40.410433" lon="-8.29435"/>
   <trkpt lat="40.410233" lon="-8.293935"/>
   <trkpt lat="40.41009" lon="-8.29379"/>
   <trkpt lat="40.409832" lon="-8.293516"/>
   <trkpt lat="40.409395" lon="-8.293111"/>
   <trkpt lat="40.409222" lon="-8.293009"/>
   <trkpt lat="40.408917" lon="-8.292792"/>
   <trkpt lat="40.408039" lon="-8.292401"/>
   <trkpt lat="40.4071" lon="-8.292031"/>
   <trkpt lat="40.4071" lon="-8.292031"/>
   <trkpt lat="40.406887" lon="-8.291947"/>
   <trkpt lat="40.406552" lon="-8.291792"/>
   <trkpt lat="40.406344" lon="-8.291797"/>
   <trkpt lat="40.406059" lon="-8.292099"/>
   <trkpt lat="40.40519" lon="-8.2933"/>
   <trkpt lat="40.405146" lon="-8.293366"/>
   <trkpt lat="40.404974" lon="-8.293623"/>
   <trkpt lat="40.40461" lon="-8.29417"/>
   <trkpt lat="40.40389" lon="-8.295503"/>
   <trkpt lat="40.40389" lon="-8.295503"/>
   <trkpt lat="40.403718" lon="-8.295822"/>
   <trkpt lat="40.403511" lon="-8.2962"/>
   <trkpt lat="40.403461" lon="-8.296346"/>
   <trkpt lat="40.40337" lon="-8.29661"/>
   <trkpt lat="40.403061" lon="-8.29826"/>
   <trkpt lat="40.402969" lon="-8.29855"/>
   <trkpt lat="40.402672" lon="-8.29905"/>
   <trkpt lat="40.402142" lon="-8.29966"/>
   <trkpt lat="40.40184" lon="-8.2998"/>
   <trkpt lat="40.401279" lon="-8.29993"/>
   <trkpt lat="40.39983" lon="-8.29993"/>
   <trkpt lat="40.399422" lon="-8.30007"/>
   <trkpt lat="40.398595" lon="-8.300557"/>
   <trkpt lat="40.398415" lon="-8.300638"/>
   <trkpt lat="40.398121" lon="-8.300595"/>
   <trkpt lat="40.397287" lon="-8.300579"/>
   <trkpt lat="40.396613" lon="-8.300654"/>
   <trkpt lat="40.396246" lon="-8.300593"/>
   <trkpt lat="40.396099" lon="-8.30043"/>
   <trkpt lat="40.395802" lon="-8.30017"/>
   <trkpt lat="40.395119" lon="-8.29944"/>
   <trkpt lat="40.39452" lon="-8.29902"/>
   <trkpt lat="40.394346" lon="-8.298937"/>
   <trkpt lat="40.394097" lon="-8.298719"/>
   <trkpt lat="40.393896" lon="-8.298513"/>
   <trkpt lat="40.393639" lon="-8.298159"/>
   <trkpt lat="40.393492" lon="-8.29793"/>
   <trkpt lat="40.393222" lon="-8.29751"/>
   <trkpt lat="40.392997" lon="-8.297167"/>
   <trkpt lat="40.392789" lon="-8.296824"/>
   <trkpt lat="40.392585" lon="-8.296566"/>
   <trkpt lat="40.392413" lon="-8.296335"/>
   <trkpt lat="40.392197" lon="-8.296106"/>
   <trkpt lat="40.391988" lon="-8.295928"/>
   <trkpt lat="40.391811" lon="-8.295806"/>
   <trkpt lat="40.391686" lon="-8.29572"/>
   <trkpt lat="40.391494" lon="-8.295575"/>
   <trkpt lat="40.391093" lon="-8.295273"/>
   <trkpt lat="40.390852" lon="-8.295085"/>
   <trkpt lat="40.390595" lon="-8.294898"/>
   <trkpt lat="40.390297" lon="-8.294669"/>
   <trkpt lat="40.390113" lon="-8.294519"/>
   <trkpt lat="40.389974" lon="-8.29441"/>
   <trkpt lat="40.389941" lon="-8.294384"/>
   <trkpt lat="40.389798" lon="-8.294211"/>
   <trkpt lat="40.389709" lon="-8.294113"/>
   <trkpt lat="40.389709" lon="-8.294113"/>
   <trkpt lat="40.389672" lon="-8.294072"/>
   <trkpt lat="40.389561" lon="-8.293911"/>
   <trkpt lat="40.389394" lon="-8.293639"/>
   <trkpt lat="40.389283" lon="-8.293482"/>
   <trkpt lat="40.389177" lon="-8.293342"/>
   <trkpt lat="40.389177" lon="-8.293342"/>
   <trkpt lat="40.389098" lon="-8.293277"/>
   <trkpt lat="40.38905" lon="-8.293254"/>
   <trkpt lat="40.388989" lon="-8.293262"/>
   <trkpt lat="40.388909" lon="-8.293304"/>
   <trkpt lat="40.388765" lon="-8.294002"/>
   <trkpt lat="40.3887" lon="-8.29528"/>
   <trkpt lat="40.388678" lon="-8.295715"/>
   <trkpt lat="40.388568" lon="-8.297901"/>
   <trkpt lat="40.388542" lon="-8.298424"/>
   <trkpt lat="40.388536" lon="-8.298551"/>
   <trkpt lat="40.388526" lon="-8.298631"/>
   <trkpt lat="40.388481" lon="-8.298962"/>
   <trkpt lat="40.388405" lon="-8.29923"/>
   <trkpt lat="40.388189" lon="-8.299715"/>
   <trkpt lat="40.388094" lon="-8.299999"/>
   <trkpt lat="40.387957" lon="-8.300605"/>
   <trkpt lat="40.387851" lon="-8.301167"/>
   <trkpt lat="40.387843" lon="-8.301402"/>
   <trkpt lat="40.387866" lon="-8.301614"/>
   <trkpt lat="40.388279" lon="-8.303115"/>
   <trkpt lat="40.388358" lon="-8.303424"/>
   <trkpt lat="40.388403" lon="-8.303669"/>
   <trkpt lat="40.388395" lon="-8.303948"/>
   <trkpt lat="40.388373" lon="-8.304145"/>
   <trkpt lat="40.388291" lon="-8.304371"/>
   <trkpt lat="40.388115" lon="-8.3046"/>
   <trkpt lat="40.388115" lon="-8.3046"/>
   <trkpt lat="40.388098" lon="-8.304623"/>
   <trkpt lat="40.387903" lon="-8.30478"/>
   <trkpt lat="40.387755" lon="-8.304843"/>
   <trkpt lat="40.386272" lon="-8.305176"/>
   <trkpt lat="40.386105" lon="-8.305256"/>
   <trkpt lat="40.385944" lon="-8.305379"/>
   <trkpt lat="40.38581" lon="-8.305552"/>
   <trkpt lat="40.385681" lon="-8.305824"/>
   <trkpt lat="40.385627" lon="-8.306126"/>
   <trkpt lat="40.385632" lon="-8.306423"/>
   <trkpt lat="40.385742" lon="-8.30746"/>
   <trkpt lat="40.385765" lon="-8.30768"/>
   <trkpt lat="40.385852" lon="-8.308401"/>
   <trkpt lat="40.385962" lon="-8.309408"/>
   <trkpt lat="40.386086" lon="-8.310549"/>
   <trkpt lat="40.386207" lon="-8.311678"/>
   <trkpt lat="40.386208" lon="-8.311948"/>
   <trkpt lat="40.386174" lon="-8.312144"/>
   <trkpt lat="40.386105" lon="-8.312321"/>
   <trkpt lat="40.385492" lon="-8.313342"/>
   <trkpt lat="40.385492" lon="-8.313342"/>
   <trkpt lat="40.385315" lon="-8.313636"/>
   <trkpt lat="40.385261" lon="-8.313585"/>
   <trkpt lat="40.385145" lon="-8.313567"/>
   <trkpt lat="40.385078" lon="-8.313643"/>
   <trkpt lat="40.384891" lon="-8.313979"/>
   <trkpt lat="40.384745" lon="-8.314141"/>
   <trkpt lat="40.384519" lon="-8.314343"/>
   <trkpt lat="40.384356" lon="-8.314409"/>
   <trkpt lat="40.384221" lon="-8.314419"/>
   <trkpt lat="40.384018" lon="-8.314371"/>
   <trkpt lat="40.38387" lon="-8.31429"/>
   <trkpt lat="40.383608" lon="-8.314162"/>
   <trkpt lat="40.383388" lon="-8.314097"/>
   <trkpt lat="40.383274" lon="-8.314113"/>
   <trkpt lat="40.383182" lon="-8.314158"/>
   <trkpt lat="40.382928" lon="-8.314437"/>
   <trkpt lat="40.382243" lon="-8.315331"/>
   <trkpt lat="40.381972" lon="-8.315531"/>
   <trkpt lat="40.381604" lon="-8.315617"/>
   <trkpt lat="40.3812" lon="-8.31552"/>
   <trkpt lat="40.3812" lon="-8.31552"/>
   <trkpt lat="40.381083" lon="-8.315492"/>
   <trkpt lat="40.380666" lon="-8.315449"/>
   <trkpt lat="40.379587" lon="-8.315578"/>
   <trkpt lat="40.379309" lon="-8.315642"/>
   <trkpt lat="40.379089" lon="-8.315889"/>
   <trkpt lat="40.37875" lon="-8.316455"/>
   <trkpt lat="40.378597" lon="-8.316711"/>
   <trkpt lat="40.378206" lon="-8.317284"/>
   <trkpt lat="40.37783" lon="-8.317509"/>
   <trkpt lat="40.377469" lon="-8.317623"/>
   <trkpt lat="40.377258" lon="-8.317584"/>
   <trkpt lat="40.376939" lon="-8.317316"/>
   <trkpt lat="40.376725" lon="-8.317162"/>
   <trkpt lat="40.376187" lon="-8.317133"/>
   <trkpt lat="40.375795" lon="-8.31709"/>
   <trkpt lat="40.375378" lon="-8.316887"/>
   <trkpt lat="40.3751" lon="-8.31664"/>
   <trkpt lat="40.375031" lon="-8.316627"/>
   <trkpt lat="40.374806" lon="-8.316586"/>
   <trkpt lat="40.374512" lon="-8.316629"/>
   <trkpt lat="40.374201" lon="-8.31694"/>
   <trkpt lat="40.374038" lon="-8.317048"/>
   <trkpt lat="40.37331" lon="-8.317058"/>
   <trkpt lat="40.372963" lon="-8.317058"/>
   <trkpt lat="40.372697" lon="-8.317058"/>
   <trkpt lat="40.37227" lon="-8.316936"/>
   <trkpt lat="40.37227" lon="-8.316936"/>
   <trkpt lat="40.3721" lon="-8.316887"/>
   <trkpt lat="40.371259" lon="-8.316575"/>
   <trkpt lat="40.370711" lon="-8.316307"/>
   <trkpt lat="40.370564" lon="-8.316243"/>
   <trkpt lat="40.370343" lon="-8.316286"/>
   <trkpt lat="40.369992" lon="-8.316221"/>
   <trkpt lat="40.369338" lon="-8.316071"/>
   <trkpt lat="40.368577" lon="-8.316071"/>
   <trkpt lat="40.36785" lon="-8.316221"/>
   <trkpt lat="40.367629" lon="-8.3162"/>
   <trkpt lat="40.367372" lon="-8.316133"/>
   <trkpt lat="40.367119" lon="-8.316051"/>
   <trkpt lat="40.366967" lon="-8.315963"/>
   <trkpt lat="40.366842" lon="-8.315854"/>
   <trkpt lat="40.366709" lon="-8.315717"/>
   <trkpt lat="40.366627" lon="-8.315629"/>
   <trkpt lat="40.366586" lon="-8.315585"/>
   <trkpt lat="40.366544" lon="-8.315438"/>
   <trkpt lat="40.366444" lon="-8.315292"/>
   <trkpt lat="40.366267" lon="-8.315153"/>
   <trkpt lat="40.365943" lon="-8.314939"/>
   <trkpt lat="40.3656" lon="-8.314746"/>
   <trkpt lat="40.365499" lon="-8.314688"/>
   <trkpt lat="40.365499" lon="-8.314688"/>
   <trkpt lat="40.365287" lon="-8.314566"/>
   <trkpt lat="40.365089" lon="-8.314424"/>
   <trkpt lat="40.364942" lon="-8.314277"/>
   <trkpt lat="40.364823" lon="-8.314124"/>
   <trkpt lat="40.364796" lon="-8.314103"/>
   <trkpt lat="40.364719" lon="-8.314043"/>
   <trkpt lat="40.364595" lon="-8.314002"/>
   <trkpt lat="40.364423" lon="-8.313984"/>
   <trkpt lat="40.364139" lon="-8.313968"/>
   <trkpt lat="40.363972" lon="-8.313964"/>
   <trkpt lat="40.363912" lon="-8.313849"/>
   <trkpt lat="40.363879" lon="-8.313668"/>
   <trkpt lat="40.363846" lon="-8.313397"/>
   <trkpt lat="40.363818" lon="-8.313233"/>
   <trkpt lat="40.363789" lon="-8.313099"/>
   <trkpt lat="40.363742" lon="-8.312941"/>
   <trkpt lat="40.363708" lon="-8.312512"/>
   <trkpt lat="40.363708" lon="-8.312189"/>
   <trkpt lat="40.36375" lon="-8.311694"/>
   <trkpt lat="40.363762" lon="-8.311448"/>
   <trkpt lat="40.363775" lon="-8.311173"/>
   <trkpt lat="40.363792" lon="-8.310976"/>
   <trkpt lat="40.363798" lon="-8.310907"/>
   <trkpt lat="40.363775" lon="-8.310589"/>
   <trkpt lat="40.363681" lon="-8.31016"/>
   <trkpt lat="40.363501" lon="-8.309591"/>
   <trkpt lat="40.363164" lon="-8.308418"/>
   <trkpt lat="40.362843" lon="-8.307402"/>
   <trkpt lat="40.362757" lon="-8.307107"/>
   <trkpt lat="40.362679" lon="-8.306968"/>
   <trkpt lat="40.3625" lon="-8.306759"/>
   <trkpt lat="40.361874" lon="-8.30605"/>
   <trkpt lat="40.361726" lon="-8.305843"/>
   <trkpt lat="40.36156" lon="-8.305493"/>
   <trkpt lat="40.36149" lon="-8.30524"/>
   <trkpt lat="40.361376" lon="-8.304758"/>
   <trkpt lat="40.361302" lon="-8.304511"/>
   <trkpt lat="40.361171" lon="-8.304184"/>
   <trkpt lat="40.360987" lon="-8.303856"/>
   <trkpt lat="40.360685" lon="-8.303443"/>
   <trkpt lat="40.36046" lon="-8.303127"/>
   <trkpt lat="40.360284" lon="-8.302794"/>
   <trkpt lat="40.360119" lon="-8.302463"/>
   <trkpt lat="40.35987" lon="-8.301997"/>
   <trkpt lat="40.359745" lon="-8.301738"/>
   <trkpt lat="40.359687" lon="-8.301539"/>
   <trkpt lat="40.359634" lon="-8.301265"/>
   <trkpt lat="40.359622" lon="-8.301003"/>
   <trkpt lat="40.359679" lon="-8.300702"/>
   <trkpt lat="40.359818" lon="-8.300418"/>
   <trkpt lat="40.360006" lon="-8.300069"/>
   <trkpt lat="40.360144" lon="-8.29977"/>
   <trkpt lat="40.360194" lon="-8.299511"/>
   <trkpt lat="40.360174" lon="-8.299265"/>
   <trkpt lat="40.360082" lon="-8.298869"/>
   <trkpt lat="40.359978" lon="-8.298444"/>
   <trkpt lat="40.359859" lon="-8.297977"/>
   <trkpt lat="40.359794" lon="-8.297639"/>
   <trkpt lat="40.359753" lon="-8.29721"/>
   <trkpt lat="40.359716" lon="-8.296663"/>
   <trkpt lat="40.359679" lon="-8.296175"/>
   <trkpt lat="40.359663" lon="-8.295815"/>
   <trkpt lat="40.359647" lon="-8.295601"/>
   <trkpt lat="40.359606" lon="-8.295381"/>
   <trkpt lat="40.359553" lon="-8.295204"/>
   <trkpt lat="40.359499" lon="-8.294962"/>
   <trkpt lat="40.359463" lon="-8.294737"/>
   <trkpt lat="40.359458" lon="-8.294576"/>
   <trkpt lat="40.35949" lon="-8.29447"/>
   <trkpt lat="40.359856" lon="-8.293969"/>
   <trkpt lat="40.360059" lon="-8.293718"/>
   <trkpt lat="40.360111" lon="-8.29358"/>
   <trkpt lat="40.360119" lon="-8.293387"/>
   <trkpt lat="40.36013" lon="-8.293229"/>
   <trkpt lat="40.360021" lon="-8.293153"/>
   <trkpt lat="40.359933" lon="-8.292999"/>
   <trkpt lat="40.359902" lon="-8.292917"/>
   <trkpt lat="40.359902" lon="-8.292917"/>
   <trkpt lat="40.359835" lon="-8.292736"/>
   <trkpt lat="40.359655" lon="-8.292355"/>
   <trkpt lat="40.359409" lon="-8.291969"/>
   <trkpt lat="40.359181" lon="-8.291663"/>
   <trkpt lat="40.358969" lon="-8.291413"/>
   <trkpt lat="40.358886" lon="-8.291314"/>
   <trkpt lat="40.358772" lon="-8.291202"/>
   <trkpt lat="40.358661" lon="-8.291089"/>
   <trkpt lat="40.358592" lon="-8.29095"/>
   <trkpt lat="40.358526" lon="-8.290714"/>
   <trkpt lat="40.358449" lon="-8.290483"/>
   <trkpt lat="40.358334" lon="-8.290317"/>
   <trkpt lat="40.35822" lon="-8.290225"/>
   <trkpt lat="40.358032" lon="-8.290129"/>
   <trkpt lat="40.357823" lon="-8.290075"/>
   <trkpt lat="40.357713" lon="-8.290022"/>
   <trkpt lat="40.357682" lon="-8.289982"/>
   <trkpt lat="40.357625" lon="-8.289911"/>
   <trkpt lat="40.357566" lon="-8.289732"/>
   <trkpt lat="40.357562" lon="-8.289582"/>
   <trkpt lat="40.357601" lon="-8.289428"/>
   <trkpt lat="40.357664" lon="-8.289249"/>
   <trkpt lat="40.357701" lon="-8.289078"/>
   <trkpt lat="40.357705" lon="-8.288858"/>
   <trkpt lat="40.357703" lon="-8.288618"/>
   <trkpt lat="40.357684" lon="-8.288337"/>
   <trkpt lat="40.35768" lon="-8.288117"/>
   <trkpt lat="40.357713" lon="-8.287951"/>
   <trkpt lat="40.357782" lon="-8.287838"/>
   <trkpt lat="40.358105" lon="-8.287441"/>
   <trkpt lat="40.358615" lon="-8.286864"/>
   <trkpt lat="40.35871" lon="-8.286712"/>
   <trkpt lat="40.358788" lon="-8.286572"/>
   <trkpt lat="40.358858" lon="-8.286481"/>
   <trkpt lat="40.358909" lon="-8.286451"/>
   <trkpt lat="40.358909" lon="-8.286451"/>
   <trkpt lat="40.358954" lon="-8.286424"/>
   <trkpt lat="40.359127" lon="-8.286358"/>
   <trkpt lat="40.359266" lon="-8.286299"/>
   <trkpt lat="40.359334" lon="-8.286225"/>
   <trkpt lat="40.35945" lon="-8.28602"/>
   <trkpt lat="40.359892" lon="-8.285279"/>
   <trkpt lat="40.360095" lon="-8.284932"/>
   <trkpt lat="40.360201" lon="-8.28468"/>
   <trkpt lat="40.360284" lon="-8.284491"/>
   <trkpt lat="40.36032" lon="-8.284461"/>
   <trkpt lat="40.360378" lon="-8.28441"/>
   <trkpt lat="40.360493" lon="-8.284389"/>
   <trkpt lat="40.360624" lon="-8.28441"/>
   <trkpt lat="40.360858" lon="-8.284468"/>
   <trkpt lat="40.360881" lon="-8.284346"/>
   <trkpt lat="40.360928" lon="-8.284133"/>
   <trkpt lat="40.360959" lon="-8.283885"/>
   <trkpt lat="40.360965" lon="-8.283624"/>
   <trkpt lat="40.360953" lon="-8.283334"/>
   <trkpt lat="40.36093" lon="-8.283"/>
   <trkpt lat="40.360889" lon="-8.282603"/>
   <trkpt lat="40.360878" lon="-8.282545"/>
   <trkpt lat="40.360878" lon="-8.282545"/>
   <trkpt lat="40.360839" lon="-8.282347"/>
   <trkpt lat="40.360738" lon="-8.282088"/>
   <trkpt lat="40.360611" lon="-8.281868"/>
   <trkpt lat="40.360493" lon="-8.281691"/>
   <trkpt lat="40.360382" lon="-8.281498"/>
   <trkpt lat="40.360317" lon="-8.281288"/>
   <trkpt lat="40.360313" lon="-8.281058"/>
   <trkpt lat="40.360297" lon="-8.280741"/>
   <trkpt lat="40.360211" lon="-8.27889"/>
   <trkpt lat="40.360197" lon="-8.278436"/>
   <trkpt lat="40.360178" lon="-8.278155"/>
   <trkpt lat="40.360152" lon="-8.27783"/>
   <trkpt lat="40.360121" lon="-8.277496"/>
   <trkpt lat="40.360088" lon="-8.277163"/>
   <trkpt lat="40.360039" lon="-8.276943"/>
   <trkpt lat="40.359953" lon="-8.276691"/>
   <trkpt lat="40.359818" lon="-8.276401"/>
   <trkpt lat="40.35963" lon="-8.276058"/>
   <trkpt lat="40.359434" lon="-8.27572"/>
   <trkpt lat="40.359127" lon="-8.275312"/>
   <trkpt lat="40.358898" lon="-8.274991"/>
   <trkpt lat="40.358604" lon="-8.274626"/>
   <trkpt lat="40.358468" lon="-8.274407"/>
   <trkpt lat="40.358347" lon="-8.274186"/>
   <trkpt lat="40.35815" lon="-8.273821"/>
   <trkpt lat="40.358048" lon="-8.27366"/>
   <trkpt lat="40.357983" lon="-8.273494"/>
   <trkpt lat="40.357913" lon="-8.273258"/>
   <trkpt lat="40.357856" lon="-8.272968"/>
   <trkpt lat="40.35777" lon="-8.272593"/>
   <trkpt lat="40.357713" lon="-8.272426"/>
   <trkpt lat="40.357597" lon="-8.272154"/>
   <trkpt lat="40.357419" lon="-8.271718"/>
   <trkpt lat="40.357243" lon="-8.271262"/>
   <trkpt lat="40.357085" lon="-8.27081"/>
   <trkpt lat="40.356985" lon="-8.270522"/>
   <trkpt lat="40.356867" lon="-8.27013"/>
   <trkpt lat="40.356826" lon="-8.269991"/>
   <trkpt lat="40.356818" lon="-8.269878"/>
   <trkpt lat="40.356828" lon="-8.269746"/>
   <trkpt lat="40.356882" lon="-8.26951"/>
   <trkpt lat="40.357135" lon="-8.268662"/>
   <trkpt lat="40.357169" lon="-8.268516"/>
   <trkpt lat="40.357298" lon="-8.267938"/>
   <trkpt lat="40.35737" lon="-8.267525"/>
   <trkpt lat="40.357402" lon="-8.267336"/>
   <trkpt lat="40.35745" lon="-8.267019"/>
   <trkpt lat="40.357527" lon="-8.266511"/>
   <trkpt lat="40.35758" lon="-8.266179"/>
   <trkpt lat="40.357586" lon="-8.266139"/>
   <trkpt lat="40.357733" lon="-8.265544"/>
   <trkpt lat="40.357828" lon="-8.265142"/>
   <trkpt lat="40.357864" lon="-8.264991"/>
   <trkpt lat="40.357961" lon="-8.26451"/>
   <trkpt lat="40.357973" lon="-8.264421"/>
   <trkpt lat="40.358033" lon="-8.26399"/>
   <trkpt lat="40.358033" lon="-8.26399"/>
   <trkpt lat="40.358154" lon="-8.263122"/>
   <trkpt lat="40.358201" lon="-8.263115"/>
   <trkpt lat="40.358343" lon="-8.263075"/>
   <trkpt lat="40.358542" lon="-8.262961"/>
   <trkpt lat="40.358744" lon="-8.262871"/>
   <trkpt lat="40.358883" lon="-8.262839"/>
   <trkpt lat="40.359025" lon="-8.262857"/>
   <trkpt lat="40.359216" lon="-8.262975"/>
   <trkpt lat="40.360203" lon="-8.263773"/>
   <trkpt lat="40.360298" lon="-8.263863"/>
   <trkpt lat="40.360416" lon="-8.264016"/>
   <trkpt lat="40.360527" lon="-8.264292"/>
   <trkpt lat="40.360631" lon="-8.264528"/>
   <trkpt lat="40.360754" lon="-8.264779"/>
   <trkpt lat="40.36089" lon="-8.264943"/>
   <trkpt lat="40.361054" lon="-8.265151"/>
   <trkpt lat="40.361212" lon="-8.265308"/>
   <trkpt lat="40.361315" lon="-8.265376"/>
   <trkpt lat="40.361482" lon="-8.265359"/>
   <trkpt lat="40.361645" lon="-8.265265"/>
   <trkpt lat="40.361771" lon="-8.265147"/>
   <trkpt lat="40.36191" lon="-8.264961"/>
   <trkpt lat="40.36209" lon="-8.264761"/>
   <trkpt lat="40.362196" lon="-8.264675"/>
   <trkpt lat="40.362496" lon="-8.264464"/>
   <trkpt lat="40.362758" lon="-8.264324"/>
   <trkpt lat="40.362933" lon="-8.264238"/>
   <trkpt lat="40.363061" lon="-8.264242"/>
   <trkpt lat="40.363192" lon="-8.264281"/>
   <trkpt lat="40.363404" lon="-8.264417"/>
   <trkpt lat="40.363584" lon="-8.264514"/>
   <trkpt lat="40.363756" lon="-8.264578"/>
   <trkpt lat="40.363966" lon="-8.264596"/>
   <trkpt lat="40.364288" lon="-8.264593"/>
   <trkpt lat="40.364462" lon="-8.264596"/>
   <trkpt lat="40.364678" lon="-8.264646"/>
   <trkpt lat="40.36485" lon="-8.264714"/>
   <trkpt lat="40.365038" lon="-8.264725"/>
   <trkpt lat="40.365308" lon="-8.264664"/>
   <trkpt lat="40.365632" lon="-8.2645"/>
   <trkpt lat="40.365698" lon="-8.264464"/>
   <trkpt lat="40.365804" lon="-8.264407"/>
   <trkpt lat="40.365943" lon="-8.264378"/>
   <trkpt lat="40.366107" lon="-8.264389"/>
   <trkpt lat="40.366314" lon="-8.264416"/>
   <trkpt lat="40.366519" lon="-8.264444"/>
   <trkpt lat="40.366669" lon="-8.264426"/>
   <trkpt lat="40.366794" lon="-8.264351"/>
   <trkpt lat="40.366882" lon="-8.264233"/>
   <trkpt lat="40.366972" lon="-8.264036"/>
   <trkpt lat="40.367037" lon="-8.2639"/>
   <trkpt lat="40.367135" lon="-8.263782"/>
   <trkpt lat="40.367272" lon="-8.263696"/>
   <trkpt lat="40.367416" lon="-8.263625"/>
   <trkpt lat="40.367664" lon="-8.263546"/>
   <trkpt lat="40.367904" lon="-8.263439"/>
   <trkpt lat="40.368335" lon="-8.263195"/>
   <trkpt lat="40.368867" lon="-8.262877"/>
   <trkpt lat="40.369" lon="-8.262769"/>
   <trkpt lat="40.369194" lon="-8.262597"/>
   <trkpt lat="40.369366" lon="-8.262422"/>
   <trkpt lat="40.369497" lon="-8.262218"/>
   <trkpt lat="40.369581" lon="-8.26205"/>
   <trkpt lat="40.369696" lon="-8.261792"/>
   <trkpt lat="40.369843" lon="-8.261438"/>
   <trkpt lat="40.369919" lon="-8.261302"/>
   <trkpt lat="40.370006" lon="-8.261184"/>
   <trkpt lat="40.370135" lon="-8.261087"/>
   <trkpt lat="40.370287" lon="-8.261009"/>
   <trkpt lat="40.370437" lon="-8.260919"/>
   <trkpt lat="40.370535" lon="-8.260783"/>
   <trkpt lat="40.37059" lon="-8.260636"/>
   <trkpt lat="40.370645" lon="-8.260332"/>
   <trkpt lat="40.370694" lon="-8.260146"/>
   <trkpt lat="40.370756" lon="-8.260024"/>
   <trkpt lat="40.370882" lon="-8.259888"/>
   <trkpt lat="40.371089" lon="-8.25976"/>
   <trkpt lat="40.371394" lon="-8.259591"/>
   <trkpt lat="40.37155" lon="-8.259448"/>
   <trkpt lat="40.371877" lon="-8.259124"/>
   <trkpt lat="40.372102" lon="-8.25887"/>
   <trkpt lat="40.372244" lon="-8.258756"/>
   <trkpt lat="40.37244" lon="-8.258656"/>
   <trkpt lat="40.372519" lon="-8.258609"/>
   <trkpt lat="40.372817" lon="-8.258477"/>
   <trkpt lat="40.372967" lon="-8.258401"/>
   <trkpt lat="40.372992" lon="-8.258386"/>
   <trkpt lat="40.373046" lon="-8.258355"/>
   <trkpt lat="40.373177" lon="-8.25824"/>
   <trkpt lat="40.373381" lon="-8.258051"/>
   <trkpt lat="40.373575" lon="-8.257789"/>
   <trkpt lat="40.373678" lon="-8.257621"/>
   <trkpt lat="40.373801" lon="-8.257457"/>
   <trkpt lat="40.373894" lon="-8.257356"/>
   <trkpt lat="40.373984" lon="-8.257292"/>
   <trkpt lat="40.374093" lon="-8.257242"/>
   <trkpt lat="40.374226" lon="-8.257188"/>
   <trkpt lat="40.374319" lon="-8.257135"/>
   <trkpt lat="40.37445" lon="-8.256991"/>
   <trkpt lat="40.374687" lon="-8.256662"/>
   <trkpt lat="40.374815" lon="-8.256497"/>
   <trkpt lat="40.374908" lon="-8.25639"/>
   <trkpt lat="40.375003" lon="-8.25634"/>
   <trkpt lat="40.37517" lon="-8.256304"/>
   <trkpt lat="40.375846" lon="-8.2562"/>
   <trkpt lat="40.376148" lon="-8.256172"/>
   <trkpt lat="40.376249" lon="-8.256175"/>
   <trkpt lat="40.376358" lon="-8.256215"/>
   <trkpt lat="40.376516" lon="-8.256208"/>
   <trkpt lat="40.376694" lon="-8.25615"/>
   <trkpt lat="40.377015" lon="-8.256039"/>
   <trkpt lat="40.377433" lon="-8.255864"/>
   <trkpt lat="40.377657" lon="-8.255688"/>
   <trkpt lat="40.377842" lon="-8.255455"/>
   <trkpt lat="40.377941" lon="-8.255449"/>
   <trkpt lat="40.378019" lon="-8.255445"/>
   <trkpt lat="40.37825" lon="-8.255596"/>
   <trkpt lat="40.378536" lon="-8.25588"/>
   <trkpt lat="40.378782" lon="-8.25593"/>
   <trkpt lat="40.379106" lon="-8.25589"/>
   <trkpt lat="40.379488" lon="-8.255743"/>
   <trkpt lat="40.379688" lon="-8.255576"/>
   <trkpt lat="40.379943" lon="-8.255328"/>
   <trkpt lat="40.380232" lon="-8.255207"/>
   <trkpt lat="40.380502" lon="-8.255191"/>
   <trkpt lat="40.380665" lon="-8.255231"/>
   <trkpt lat="40.380756" lon="-8.255252"/>
   <trkpt lat="40.380945" lon="-8.255359"/>
   <trkpt lat="40.381146" lon="-8.255475"/>
   <trkpt lat="40.381288" lon="-8.255505"/>
   <trkpt lat="40.381378" lon="-8.255491"/>
   <trkpt lat="40.381378" lon="-8.255491"/>
   <trkpt lat="40.381547" lon="-8.255465"/>
   <trkpt lat="40.381598" lon="-8.255438"/>
   <trkpt lat="40.381732" lon="-8.255369"/>
   <trkpt lat="40.381871" lon="-8.255273"/>
   <trkpt lat="40.381961" lon="-8.255181"/>
   <trkpt lat="40.382035" lon="-8.255076"/>
   <trkpt lat="40.382144" lon="-8.254873"/>
   <trkpt lat="40.382199" lon="-8.25476"/>
   <trkpt lat="40.382272" lon="-8.254655"/>
   <trkpt lat="40.382367" lon="-8.254581"/>
   <trkpt lat="40.382423" lon="-8.254552"/>
   <trkpt lat="40.382506" lon="-8.254512"/>
   <trkpt lat="40.382601" lon="-8.254456"/>
   <trkpt lat="40.382684" lon="-8.254356"/>
   <trkpt lat="40.382788" lon="-8.254164"/>
   <trkpt lat="40.382912" lon="-8.25382"/>
   <trkpt lat="40.382969" lon="-8.253542"/>
   <trkpt lat="40.383093" lon="-8.253162"/>
   <trkpt lat="40.383201" lon="-8.252944"/>
   <trkpt lat="40.383328" lon="-8.252727"/>
   <trkpt lat="40.383413" lon="-8.252656"/>
   <trkpt lat="40.383447" lon="-8.252681"/>
   <trkpt lat="40.383383" lon="-8.253038"/>
   <trkpt lat="40.383374" lon="-8.253466"/>
   <trkpt lat="40.383409" lon="-8.253774"/>
   <trkpt lat="40.383517" lon="-8.254134"/>
   <trkpt lat="40.383644" lon="-8.254407"/>
   <trkpt lat="40.383695" lon="-8.254462"/>
   <trkpt lat="40.383783" lon="-8.254483"/>
   <trkpt lat="40.384041" lon="-8.254488"/>
   <trkpt lat="40.384267" lon="-8.254534"/>
   <trkpt lat="40.384674" lon="-8.254659"/>
   <trkpt lat="40.384719" lon="-8.254681"/>
   <trkpt lat="40.384719" lon="-8.254681"/>
   <trkpt lat="40.38485" lon="-8.254747"/>
   <trkpt lat="40.385011" lon="-8.254881"/>
   <trkpt lat="40.385118" lon="-8.254926"/>
   <trkpt lat="40.385222" lon="-8.254942"/>
   <trkpt lat="40.385415" lon="-8.254909"/>
   <trkpt lat="40.385549" lon="-8.254863"/>
   <trkpt lat="40.385654" lon="-8.254863"/>
   <trkpt lat="40.386069" lon="-8.255074"/>
   <trkpt lat="40.38617" lon="-8.255094"/>
   <trkpt lat="40.38633" lon="-8.255094"/>
   <trkpt lat="40.386837" lon="-8.254863"/>
   <trkpt lat="40.38702" lon="-8.254811"/>
   <trkpt lat="40.387601" lon="-8.254733"/>
   <trkpt lat="40.387802" lon="-8.254701"/>
   <trkpt lat="40.388166" lon="-8.254745"/>
   <trkpt lat="40.388296" lon="-8.254745"/>
   <trkpt lat="40.388457" lon="-8.2548"/>
   <trkpt lat="40.388994" lon="-8.255087"/>
   <trkpt lat="40.38919" lon="-8.255133"/>
   <trkpt lat="40.38945" lon="-8.255177"/>
   <trkpt lat="40.390057" lon="-8.255229"/>
   <trkpt lat="40.390283" lon="-8.255246"/>
   <trkpt lat="40.390283" lon="-8.255246"/>
   <trkpt lat="40.390356" lon="-8.255252"/>
   <trkpt lat="40.390895" lon="-8.255268"/>
   <trkpt lat="40.390956" lon="-8.255278"/>
   <trkpt lat="40.390963" lon="-8.255254"/>
   <trkpt lat="40.390975" lon="-8.255232"/>
   <trkpt lat="40.390991" lon="-8.255216"/>
   <trkpt lat="40.39101" lon="-8.255207"/>
   <trkpt lat="40.39103" lon="-8.255205"/>
   <trkpt lat="40.391034" lon="-8.25513"/>
   <trkpt lat="40.391042" lon="-8.254989"/>
   <trkpt lat="40.391039" lon="-8.254931"/>
   <trkpt lat="40.391033" lon="-8.254789"/>
   <trkpt lat="40.391029" lon="-8.254756"/>
   <trkpt lat="40.391029" lon="-8.254756"/>
   <trkpt lat="40.391029" lon="-8.254756"/>
   <trkpt lat="40.390949" lon="-8.254165"/>
   <trkpt lat="40.390881" lon="-8.25358"/>
   <trkpt lat="40.39083" lon="-8.253172"/>
   <trkpt lat="40.390636" lon="-8.251598"/>
   <trkpt lat="40.39038" lon="-8.249697"/>
   <trkpt lat="40.390367" lon="-8.249611"/>
   <trkpt lat="40.390177" lon="-8.248085"/>
   <trkpt lat="40.390096" lon="-8.247467"/>
   <trkpt lat="40.389972" lon="-8.246519"/>
   <trkpt lat="40.389922" lon="-8.246385"/>
   <trkpt lat="40.389936" lon="-8.246239"/>
   <trkpt lat="40.389852" lon="-8.245593"/>
   <trkpt lat="40.389831" lon="-8.245437"/>
   <trkpt lat="40.389697" lon="-8.24439"/>
   <trkpt lat="40.3896968" lon="-8.24439002"/>
   <trkpt lat="40.3896968" lon="-8.24439002"/>
   <trkpt lat="40.389697" lon="-8.24439"/>
   <trkpt lat="40.389604" lon="-8.243666"/>
   <trkpt lat="40.389299" lon="-8.241296"/>
   <trkpt lat="40.389299" lon="-8.241296"/>
   <trkpt lat="40.389299" lon="-8.241296"/>
   <trkpt lat="40.389236" lon="-8.240804"/>
   <trkpt lat="40.389222" lon="-8.240701"/>
   <trkpt lat="40.389141" lon="-8.240411"/>
   <trkpt lat="40.389032" lon="-8.240181"/>
   <trkpt lat="40.38852" lon="-8.239574"/>
   <trkpt lat="40.388377" lon="-8.239348"/>
   <trkpt lat="40.388299" lon="-8.239166"/>
   <trkpt lat="40.388172" lon="-8.238589"/>
   <trkpt lat="40.388151" lon="-8.238384"/>
   <trkpt lat="40.388176" lon="-8.238179"/>
   <trkpt lat="40.388254" lon="-8.237937"/>
   <trkpt lat="40.388284" lon="-8.23784"/>
   <trkpt lat="40.388814" lon="-8.237033"/>
   <trkpt lat="40.389136" lon="-8.23664"/>
   <trkpt lat="40.389254" lon="-8.236496"/>
   <trkpt lat="40.389416" lon="-8.236298"/>
   <trkpt lat="40.389776" lon="-8.235901"/>
   <trkpt lat="40.390244" lon="-8.235368"/>
   <trkpt lat="40.390424" lon="-8.235272"/>
   <trkpt lat="40.391008" lon="-8.235103"/>
   <trkpt lat="40.391008" lon="-8.235103"/>
   <trkpt lat="40.391361" lon="-8.235001"/>
   <trkpt lat="40.391318" lon="-8.234944"/>
   <trkpt lat="40.391292" lon="-8.23491"/>
   <trkpt lat="40.391268" lon="-8.234874"/>
   <trkpt lat="40.391246" lon="-8.23484"/>
   <trkpt lat="40.391224" lon="-8.234805"/>
   <trkpt lat="40.390826" lon="-8.234144"/>
   <trkpt lat="40.390776" lon="-8.234061"/>
   <trkpt lat="40.390012" lon="-8.23279"/>
   <trkpt lat="40.389845" lon="-8.232477"/>
   <trkpt lat="40.389845" lon="-8.232477"/>
   <trkpt lat="40.389501" lon="-8.23183"/>
   <trkpt lat="40.389482" lon="-8.231795"/>
   <trkpt lat="40.389424" lon="-8.231703"/>
   <trkpt lat="40.389385" lon="-8.231644"/>
   <trkpt lat="40.389348" lon="-8.231599"/>
   <trkpt lat="40.389307" lon="-8.231561"/>
   <trkpt lat="40.38926" lon="-8.231534"/>
   <trkpt lat="40.389211" lon="-8.23152"/>
   <trkpt lat="40.389163" lon="-8.231514"/>
   <trkpt lat="40.389116" lon="-8.231523"/>
   <trkpt lat="40.389071" lon="-8.231543"/>
   <trkpt lat="40.389032" lon="-8.23157"/>
   <trkpt lat="40.388993" lon="-8.231608"/>
   <trkpt lat="40.388905" lon="-8.231703"/>
   <trkpt lat="40.38816" lon="-8.232494"/>
   <trkpt lat="40.388114" lon="-8.232542"/>
   <trkpt lat="40.388072" lon="-8.232588"/>
   <trkpt lat="40.38803" lon="-8.23264"/>
   <trkpt lat="40.387989" lon="-8.232691"/>
   <trkpt lat="40.387941" lon="-8.232747"/>
   <trkpt lat="40.387891" lon="-8.232794"/>
   <trkpt lat="40.387832" lon="-8.232833"/>
   <trkpt lat="40.387774" lon="-8.232859"/>
   <trkpt lat="40.38771" lon="-8.232878"/>
   <trkpt lat="40.387639" lon="-8.232889"/>
   <trkpt lat="40.387135" lon="-8.232939"/>
   <trkpt lat="40.387135" lon="-8.232939"/>
   <trkpt lat="40.387127" lon="-8.23294"/>
   <trkpt lat="40.387089" lon="-8.232943"/>
   <trkpt lat="40.387043" lon="-8.232946"/>
   <trkpt lat="40.386994" lon="-8.232948"/>
   <trkpt lat="40.386942" lon="-8.232942"/>
   <trkpt lat="40.386893" lon="-8.232932"/>
   <trkpt lat="40.386856" lon="-8.232923"/>
   <trkpt lat="40.386798" lon="-8.232906"/>
   <trkpt lat="40.386757" lon="-8.232893"/>
   <trkpt lat="40.386717" lon="-8.232878"/>
   <trkpt lat="40.386678" lon="-8.23286"/>
   <trkpt lat="40.386642" lon="-8.23284"/>
   <trkpt lat="40.38661" lon="-8.232818"/>
   <trkpt lat="40.386582" lon="-8.232795"/>
   <trkpt lat="40.386555" lon="-8.232769"/>
   <trkpt lat="40.386415" lon="-8.232612"/>
   <trkpt lat="40.386389" lon="-8.232586"/>
   <trkpt lat="40.386363" lon="-8.232565"/>
   <trkpt lat="40.386335" lon="-8.232551"/>
   <trkpt lat="40.386305" lon="-8.232546"/>
   <trkpt lat="40.386279" lon="-8.232552"/>
   <trkpt lat="40.386256" lon="-8.232567"/>
   <trkpt lat="40.386236" lon="-8.232588"/>
   <trkpt lat="40.386101" lon="-8.232839"/>
   <trkpt lat="40.386085" lon="-8.232865"/>
   <trkpt lat="40.386066" lon="-8.232886"/>
   <trkpt lat="40.38604" lon="-8.232904"/>
   <trkpt lat="40.386011" lon="-8.232913"/>
   <trkpt lat="40.385978" lon="-8.232918"/>
   <trkpt lat="40.385943" lon="-8.232916"/>
   <trkpt lat="40.385906" lon="-8.23291"/>
   <trkpt lat="40.385849" lon="-8.232895"/>
   <trkpt lat="40.38581" lon="-8.232883"/>
   <trkpt lat="40.385777" lon="-8.232868"/>
   <trkpt lat="40.385747" lon="-8.232849"/>
   <trkpt lat="40.38572" lon="-8.232827"/>
   <trkpt lat="40.385698" lon="-8.232801"/>
   <trkpt lat="40.38568" lon="-8.232773"/>
   <trkpt lat="40.385665" lon="-8.232741"/>
   <trkpt lat="40.385655" lon="-8.232698"/>
   <trkpt lat="40.385652" lon="-8.232657"/>
   <trkpt lat="40.38566" lon="-8.232618"/>
   <trkpt lat="40.385673" lon="-8.232589"/>
   <trkpt lat="40.385694" lon="-8.232562"/>
   <trkpt lat="40.38572" lon="-8.232538"/>
   <trkpt lat="40.385798" lon="-8.232466"/>
   <trkpt lat="40.38582" lon="-8.232443"/>
   <trkpt lat="40.38584" lon="-8.232416"/>
   <trkpt lat="40.385856" lon="-8.232385"/>
   <trkpt lat="40.385869" lon="-8.232345"/>
   <trkpt lat="40.385877" lon="-8.2323"/>
   <trkpt lat="40.385883" lon="-8.232248"/>
   <trkpt lat="40.385887" lon="-8.232193"/>
   <trkpt lat="40.385907" lon="-8.23188"/>
   <trkpt lat="40.385912" lon="-8.231836"/>
   <trkpt lat="40.385921" lon="-8.231795"/>
   <trkpt lat="40.385938" lon="-8.231757"/>
   <trkpt lat="40.385957" lon="-8.231727"/>
   <trkpt lat="40.385983" lon="-8.231704"/>
   <trkpt lat="40.386013" lon="-8.231691"/>
   <trkpt lat="40.386047" lon="-8.231686"/>
   <trkpt lat="40.386081" lon="-8.231686"/>
   <trkpt lat="40.38612" lon="-8.231693"/>
   <trkpt lat="40.386157" lon="-8.231707"/>
   <trkpt lat="40.38619" lon="-8.231724"/>
   <trkpt lat="40.386225" lon="-8.231748"/>
   <trkpt lat="40.386468" lon="-8.231929"/>
   <trkpt lat="40.386468" lon="-8.231929"/>
   <trkpt lat="40.38651" lon="-8.231961"/>
   <trkpt lat="40.386546" lon="-8.231983"/>
   <trkpt lat="40.386584" lon="-8.232001"/>
   <trkpt lat="40.386624" lon="-8.232014"/>
   <trkpt lat="40.386666" lon="-8.232021"/>
   <trkpt lat="40.386719" lon="-8.232023"/>
   <trkpt lat="40.386766" lon="-8.232019"/>
   <trkpt lat="40.386815" lon="-8.232011"/>
   <trkpt lat="40.386868" lon="-8.231995"/>
   <trkpt lat="40.386923" lon="-8.231976"/>
   <trkpt lat="40.386982" lon="-8.231949"/>
   <trkpt lat="40.387047" lon="-8.231915"/>
   <trkpt lat="40.387098" lon="-8.231885"/>
   <trkpt lat="40.387142" lon="-8.231854"/>
   <trkpt lat="40.387186" lon="-8.231819"/>
   <trkpt lat="40.387227" lon="-8.231781"/>
   <trkpt lat="40.387267" lon="-8.231736"/>
   <trkpt lat="40.387297" lon="-8.231696"/>
   <trkpt lat="40.387322" lon="-8.231662"/>
   <trkpt lat="40.387348" lon="-8.23162"/>
   <trkpt lat="40.387376" lon="-8.231565"/>
   <trkpt lat="40.387404" lon="-8.231506"/>
   <trkpt lat="40.38743" lon="-8.23144"/>
   <trkpt lat="40.387455" lon="-8.231366"/>
   <trkpt lat="40.38748" lon="-8.231278"/>
   <trkpt lat="40.387501" lon="-8.231197"/>
   <trkpt lat="40.387519" lon="-8.231116"/>
   <trkpt lat="40.387535" lon="-8.23103"/>
   <trkpt lat="40.387548" lon="-8.230943"/>
   <trkpt lat="40.387559" lon="-8.230841"/>
   <trkpt lat="40.387567" lon="-8.230739"/>
   <trkpt lat="40.387573" lon="-8.230638"/>
   <trkpt lat="40.387575" lon="-8.23053"/>
   <trkpt lat="40.387575" lon="-8.230417"/>
   <trkpt lat="40.387571" lon="-8.230313"/>
   <trkpt lat="40.387565" lon="-8.230214"/>
   <trkpt lat="40.387554" lon="-8.230119"/>
   <trkpt lat="40.387542" lon="-8.230031"/>
   <trkpt lat="40.387392" lon="-8.229099"/>
   <trkpt lat="40.387377" lon="-8.229029"/>
   <trkpt lat="40.38736" lon="-8.228957"/>
   <trkpt lat="40.387336" lon="-8.22888"/>
   <trkpt lat="40.387308" lon="-8.228804"/>
   <trkpt lat="40.387275" lon="-8.228728"/>
   <trkpt lat="40.387238" lon="-8.228652"/>
   <trkpt lat="40.387197" lon="-8.228575"/>
   <trkpt lat="40.387174" lon="-8.228533"/>
   <trkpt lat="40.387174" lon="-8.228533"/>
   <trkpt lat="40.386939" lon="-8.228113"/>
   <trkpt lat="40.386904" lon="-8.228055"/>
   <trkpt lat="40.386865" lon="-8.227997"/>
   <trkpt lat="40.38682" lon="-8.227945"/>
   <trkpt lat="40.386774" lon="-8.227904"/>
   <trkpt lat="40.386724" lon="-8.227868"/>
   <trkpt lat="40.386671" lon="-8.227837"/>
   <trkpt lat="40.386388" lon="-8.227713"/>
   <trkpt lat="40.386335" lon="-8.227682"/>
   <trkpt lat="40.386282" lon="-8.227634"/>
   <trkpt lat="40.386244" lon="-8.227581"/>
   <trkpt lat="40.386214" lon="-8.22751"/>
   <trkpt lat="40.386195" lon="-8.22743"/>
   <trkpt lat="40.386186" lon="-8.227345"/>
   <trkpt lat="40.386169" lon="-8.226833"/>
   <trkpt lat="40.386158" lon="-8.226742"/>
   <trkpt lat="40.386129" lon="-8.226659"/>
   <trkpt lat="40.386086" lon="-8.226587"/>
   <trkpt lat="40.386036" lon="-8.226536"/>
   <trkpt lat="40.38597" lon="-8.226505"/>
   <trkpt lat="40.385895" lon="-8.226486"/>
   <trkpt lat="40.385771" lon="-8.226476"/>
   <trkpt lat="40.385697" lon="-8.226463"/>
   <trkpt lat="40.38563" lon="-8.226442"/>
   <trkpt lat="40.385565" lon="-8.226396"/>
   <trkpt lat="40.385507" lon="-8.226331"/>
   <trkpt lat="40.385449" lon="-8.22625"/>
   <trkpt lat="40.385405" lon="-8.226164"/>
   <trkpt lat="40.385372" lon="-8.226056"/>
   <trkpt lat="40.385362" lon="-8.225949"/>
   <trkpt lat="40.385375" lon="-8.225849"/>
   <trkpt lat="40.3854" lon="-8.225749"/>
   <trkpt lat="40.385502" lon="-8.225417"/>
   <trkpt lat="40.38557" lon="-8.225076"/>
   <trkpt lat="40.385595" lon="-8.224718"/>
   <trkpt lat="40.385601" lon="-8.224384"/>
   <trkpt lat="40.385706" lon="-8.2241"/>
   <trkpt lat="40.385954" lon="-8.223726"/>
   <trkpt lat="40.386233" lon="-8.223352"/>
   <trkpt lat="40.386387" lon="-8.223116"/>
   <trkpt lat="40.386449" lon="-8.22284"/>
   <trkpt lat="40.386466" lon="-8.22247"/>
   <trkpt lat="40.386448" lon="-8.222229"/>
   <trkpt lat="40.386291" lon="-8.221799"/>
   <trkpt lat="40.385714" lon="-8.220517"/>
   <trkpt lat="40.384653" lon="-8.217985"/>
   <trkpt lat="40.384548" lon="-8.217693"/>
   <trkpt lat="40.384154" lon="-8.216571"/>
   <trkpt lat="40.384073" lon="-8.216325"/>
   <trkpt lat="40.384027" lon="-8.216205"/>
   <trkpt lat="40.383975" lon="-8.216103"/>
   <trkpt lat="40.38392" lon="-8.216022"/>
   <trkpt lat="40.383868" lon="-8.215963"/>
   <trkpt lat="40.383868" lon="-8.215964"/>
   <trkpt lat="40.38386" lon="-8.215955"/>
   <trkpt lat="40.383795" lon="-8.215901"/>
   <trkpt lat="40.383617" lon="-8.215781"/>
   <trkpt lat="40.383532" lon="-8.215723"/>
   <trkpt lat="40.383446" lon="-8.215659"/>
   <trkpt lat="40.383368" lon="-8.215588"/>
   <trkpt lat="40.383299" lon="-8.215513"/>
   <trkpt lat="40.383235" lon="-8.215436"/>
   <trkpt lat="40.383165" lon="-8.21534"/>
   <trkpt lat="40.38308" lon="-8.215218"/>
   <trkpt lat="40.383002" lon="-8.215099"/>
   <trkpt lat="40.382938" lon="-8.214989"/>
   <trkpt lat="40.382879" lon="-8.21488"/>
   <trkpt lat="40.382822" lon="-8.214752"/>
   <trkpt lat="40.382767" lon="-8.214606"/>
   <trkpt lat="40.382182" lon="-8.212839"/>
   <trkpt lat="40.381941" lon="-8.211816"/>
   <trkpt lat="40.381823" lon="-8.211351"/>
   <trkpt lat="40.381761" lon="-8.21112"/>
   <trkpt lat="40.38169" lon="-8.210897"/>
   <trkpt lat="40.38159" lon="-8.210583"/>
   <trkpt lat="40.38098" lon="-8.208718"/>
   <trkpt lat="40.380951" lon="-8.208634"/>
   <trkpt lat="40.380913" lon="-8.208547"/>
   <trkpt lat="40.380865" lon="-8.208464"/>
   <trkpt lat="40.380809" lon="-8.208387"/>
   <trkpt lat="40.380746" lon="-8.208316"/>
   <trkpt lat="40.380675" lon="-8.208254"/>
   <trkpt lat="40.380597" lon="-8.208199"/>
   <trkpt lat="40.380208" lon="-8.207945"/>
   <trkpt lat="40.380147" lon="-8.207901"/>
   <trkpt lat="40.380092" lon="-8.207857"/>
   <trkpt lat="40.380044" lon="-8.20781"/>
   <trkpt lat="40.379999" lon="-8.20775"/>
   <trkpt lat="40.379968" lon="-8.207679"/>
   <trkpt lat="40.379943" lon="-8.207604"/>
   <trkpt lat="40.379921" lon="-8.207511"/>
   <trkpt lat="40.379909" lon="-8.207412"/>
   <trkpt lat="40.379901" lon="-8.207315"/>
   <trkpt lat="40.379887" lon="-8.206818"/>
   <trkpt lat="40.379881" lon="-8.206738"/>
   <trkpt lat="40.37987" lon="-8.20666"/>
   <trkpt lat="40.37985" lon="-8.206581"/>
   <trkpt lat="40.379822" lon="-8.206507"/>
   <trkpt lat="40.379789" lon="-8.206439"/>
   <trkpt lat="40.379362" lon="-8.205709"/>
   <trkpt lat="40.379328" lon="-8.205646"/>
   <trkpt lat="40.379296" lon="-8.205579"/>
   <trkpt lat="40.379273" lon="-8.205513"/>
   <trkpt lat="40.379251" lon="-8.205439"/>
   <trkpt lat="40.379229" lon="-8.205352"/>
   <trkpt lat="40.37921" lon="-8.205262"/>
   <trkpt lat="40.379193" lon="-8.205167"/>
   <trkpt lat="40.379179" lon="-8.205081"/>
   <trkpt lat="40.379171" lon="-8.205009"/>
   <trkpt lat="40.379167" lon="-8.204927"/>
   <trkpt lat="40.379168" lon="-8.20486"/>
   <trkpt lat="40.379175" lon="-8.204791"/>
   <trkpt lat="40.379226" lon="-8.204412"/>
   <trkpt lat="40.379235" lon="-8.204336"/>
   <trkpt lat="40.37924" lon="-8.204255"/>
   <trkpt lat="40.379238" lon="-8.204163"/>
   <trkpt lat="40.379229" lon="-8.204065"/>
   <trkpt lat="40.379134" lon="-8.203411"/>
   <trkpt lat="40.379119" lon="-8.203331"/>
   <trkpt lat="40.379099" lon="-8.203248"/>
   <trkpt lat="40.379072" lon="-8.203167"/>
   <trkpt lat="40.379044" lon="-8.203092"/>
   <trkpt lat="40.379009" lon="-8.203007"/>
   <trkpt lat="40.378982" lon="-8.202946"/>
   <trkpt lat="40.378982" lon="-8.202946"/>
   <trkpt lat="40.378975" lon="-8.202931"/>
   <trkpt lat="40.378938" lon="-8.202857"/>
   <trkpt lat="40.378461" lon="-8.201982"/>
   <trkpt lat="40.378407" lon="-8.201869"/>
   <trkpt lat="40.378365" lon="-8.201752"/>
   <trkpt lat="40.378333" lon="-8.201625"/>
   <trkpt lat="40.378318" lon="-8.201496"/>
   <trkpt lat="40.378319" lon="-8.201363"/>
   <trkpt lat="40.378392" lon="-8.201039"/>
   <trkpt lat="40.378488" lon="-8.200884"/>
   <trkpt lat="40.378561" lon="-8.200677"/>
   <trkpt lat="40.378665" lon="-8.200497"/>
   <trkpt lat="40.378755" lon="-8.200205"/>
   <trkpt lat="40.378749" lon="-8.200117"/>
   <trkpt lat="40.378715" lon="-8.200025"/>
   <trkpt lat="40.378559" lon="-8.19976"/>
   <trkpt lat="40.378457" lon="-8.199602"/>
   <trkpt lat="40.378347" lon="-8.19932"/>
   <trkpt lat="40.378277" lon="-8.199156"/>
   <trkpt lat="40.378218" lon="-8.199103"/>
   <trkpt lat="40.378085" lon="-8.199022"/>
   <trkpt lat="40.378026" lon="-8.198947"/>
   <trkpt lat="40.377979" lon="-8.198832"/>
   <trkpt lat="40.377942" lon="-8.198735"/>
   <trkpt lat="40.377875" lon="-8.198655"/>
   <trkpt lat="40.377763" lon="-8.198532"/>
   <trkpt lat="40.377969" lon="-8.198158"/>
   <trkpt lat="40.378118" lon="-8.198195"/>
   <trkpt lat="40.37847" lon="-8.19818"/>
   <trkpt lat="40.378858" lon="-8.198349"/>
   <trkpt lat="40.379191" lon="-8.198503"/>
   <trkpt lat="40.379416" lon="-8.198495"/>
   <trkpt lat="40.380263" lon="-8.198017"/>
   <trkpt lat="40.380468" lon="-8.197961"/>
   <trkpt lat="40.380672" lon="-8.197916"/>
   <trkpt lat="40.38082" lon="-8.197944"/>
   <trkpt lat="40.380969" lon="-8.197993"/>
   <trkpt lat="40.381128" lon="-8.198084"/>
   <trkpt lat="40.382111" lon="-8.1988"/>
   <trkpt lat="40.382571" lon="-8.199236"/>
   <trkpt lat="40.382744" lon="-8.199346"/>
   <trkpt lat="40.382797" lon="-8.199358"/>
   <trkpt lat="40.382797" lon="-8.199358"/>
   <trkpt lat="40.383989" lon="-8.199621"/>
   <trkpt lat="40.384045" lon="-8.199571"/>
   <trkpt lat="40.384068" lon="-8.199437"/>
   <trkpt lat="40.384086" lon="-8.199367"/>
   <trkpt lat="40.385342" lon="-8.199608"/>
   <trkpt lat="40.385464" lon="-8.199636"/>
   <trkpt lat="40.386636" lon="-8.199862"/>
   <trkpt lat="40.390261" lon="-8.200553"/>
   <trkpt lat="40.390359" lon="-8.200572"/>
   <trkpt lat="40.390428" lon="-8.20059"/>
   <trkpt lat="40.390674" lon="-8.200694"/>
   <trkpt lat="40.39078" lon="-8.200749"/>
   <trkpt lat="40.390884" lon="-8.200802"/>
   <trkpt lat="40.391062" lon="-8.200911"/>
   <trkpt lat="40.391283" lon="-8.201062"/>
   <trkpt lat="40.391371" lon="-8.201134"/>
   <trkpt lat="40.391449" lon="-8.201213"/>
   <trkpt lat="40.391631" lon="-8.201416"/>
   <trkpt lat="40.391707" lon="-8.201519"/>
   <trkpt lat="40.391745" lon="-8.201574"/>
   <trkpt lat="40.391787" lon="-8.201637"/>
   <trkpt lat="40.391834" lon="-8.201715"/>
   <trkpt lat="40.391948" lon="-8.201909"/>
   <trkpt lat="40.392022" lon="-8.202071"/>
   <trkpt lat="40.392099" lon="-8.202238"/>
   <trkpt lat="40.392552" lon="-8.203614"/>
   <trkpt lat="40.392727" lon="-8.204148"/>
   <trkpt lat="40.392877" lon="-8.204602"/>
   <trkpt lat="40.393634" lon="-8.206714"/>
   <trkpt lat="40.393668" lon="-8.206799"/>
   <trkpt lat="40.393954" lon="-8.207377"/>
   <trkpt lat="40.394256" lon="-8.207785"/>
   <trkpt lat="40.394991" lon="-8.208697"/>
   <trkpt lat="40.396952" lon="-8.211045"/>
   <trkpt lat="40.39707" lon="-8.211186"/>
   <trkpt lat="40.397513" lon="-8.211714"/>
   <trkpt lat="40.397513" lon="-8.211714"/>
   <trkpt lat="40.397675" lon="-8.211907"/>
   <trkpt lat="40.397777" lon="-8.21203"/>
   <trkpt lat="40.399385" lon="-8.213949"/>
   <trkpt lat="40.399568" lon="-8.214115"/>
   <trkpt lat="40.399625" lon="-8.214144"/>
   <trkpt lat="40.39967" lon="-8.214151"/>
   <trkpt lat="40.399715" lon="-8.214158"/>
   <trkpt lat="40.399758" lon="-8.214136"/>
   <trkpt lat="40.399796" lon="-8.214061"/>
   <trkpt lat="40.399828" lon="-8.21398"/>
   <trkpt lat="40.400138" lon="-8.212628"/>
   <trkpt lat="40.400328" lon="-8.211577"/>
   <trkpt lat="40.400564" lon="-8.210446"/>
   <trkpt lat="40.400643" lon="-8.210149"/>
   <trkpt lat="40.400722" lon="-8.209922"/>
   <trkpt lat="40.400904" lon="-8.209534"/>
   <trkpt lat="40.401221" lon="-8.209054"/>
   <trkpt lat="40.401753" lon="-8.208387"/>
   <trkpt lat="40.402358" lon="-8.207606"/>
   <trkpt lat="40.402358" lon="-8.207606"/>
   <trkpt lat="40.402579" lon="-8.207321"/>
   <trkpt lat="40.402919" lon="-8.207758"/>
   <trkpt lat="40.402927" lon="-8.207769"/>
   <trkpt lat="40.403137" lon="-8.208069"/>
   <trkpt lat="40.403346" lon="-8.208568"/>
   <trkpt lat="40.403521" lon="-8.209062"/>
   <trkpt lat="40.403642" lon="-8.209338"/>
   <trkpt lat="40.403766" lon="-8.209526"/>
   <trkpt lat="40.40396" lon="-8.209751"/>
   <trkpt lat="40.405014" lon="-8.210808"/>
   <trkpt lat="40.405962" lon="-8.21179"/>
   <trkpt lat="40.406576" lon="-8.212413"/>
   <trkpt lat="40.406845" lon="-8.212687"/>
   <trkpt lat="40.406845" lon="-8.212687"/>
   <trkpt lat="40.407187" lon="-8.213034"/>
   <trkpt lat="40.407607" lon="-8.213479"/>
   <trkpt lat="40.4077" lon="-8.213579"/>
   <trkpt lat="40.407853" lon="-8.213714"/>
   <trkpt lat="40.408023" lon="-8.213828"/>
   <trkpt lat="40.408778" lon="-8.214187"/>
   <trkpt lat="40.408956" lon="-8.214327"/>
   <trkpt lat="40.409644" lon="-8.215071"/>
   <trkpt lat="40.409644" lon="-8.215071"/>
   <trkpt lat="40.409865" lon="-8.215309"/>
   <trkpt lat="40.409916" lon="-8.215374"/>
   <trkpt lat="40.409974" lon="-8.215449"/>
   <trkpt lat="40.410088" lon="-8.215595"/>
   <trkpt lat="40.4103" lon="-8.21538"/>
   <trkpt lat="40.410396" lon="-8.215294"/>
   <trkpt lat="40.410469" lon="-8.215274"/>
   <trkpt lat="40.410544" lon="-8.215274"/>
   <trkpt lat="40.410837" lon="-8.215512"/>
   <trkpt lat="40.411185" lon="-8.215815"/>
   <trkpt lat="40.411599" lon="-8.216176"/>
   <trkpt lat="40.412085" lon="-8.216545"/>
   <trkpt lat="40.412605" lon="-8.216974"/>
   <trkpt lat="40.412953" lon="-8.217279"/>
   <trkpt lat="40.412953" lon="-8.217279"/>
   <trkpt lat="40.413026" lon="-8.217343"/>
   <trkpt lat="40.413159" lon="-8.217611"/>
   <trkpt lat="40.413251" lon="-8.217463"/>
   <trkpt lat="40.413418" lon="-8.217014"/>
   <trkpt lat="40.413504" lon="-8.216808"/>
   <trkpt lat="40.413972" lon="-8.215853"/>
   <trkpt lat="40.414032" lon="-8.215756"/>
   <trkpt lat="40.414135" lon="-8.215591"/>
   <trkpt lat="40.41465" lon="-8.21497"/>
   <trkpt lat="40.414946" lon="-8.21463"/>
   <trkpt lat="40.415175" lon="-8.214376"/>
   <trkpt lat="40.41533" lon="-8.214226"/>
   <trkpt lat="40.415495" lon="-8.214099"/>
   <trkpt lat="40.415764" lon="-8.213979"/>
   <trkpt lat="40.415989" lon="-8.213877"/>
   <trkpt lat="40.416649" lon="-8.213582"/>
   <trkpt lat="40.417121" lon="-8.21337"/>
   <trkpt lat="40.417872" lon="-8.213013"/>
   <trkpt lat="40.417919" lon="-8.212988"/>
   <trkpt lat="40.417919" lon="-8.212988"/>
   <trkpt lat="40.418213" lon="-8.212829"/>
   <trkpt lat="40.418448" lon="-8.212688"/>
   <trkpt lat="40.418677" lon="-8.212506"/>
   <trkpt lat="40.418881" lon="-8.212321"/>
   <trkpt lat="40.419388" lon="-8.211765"/>
   <trkpt lat="40.4196" lon="-8.211551"/>
   <trkpt lat="40.4198" lon="-8.211398"/>
   <trkpt lat="40.420145" lon="-8.211207"/>
   <trkpt lat="40.421011" lon="-8.210797"/>
   <trkpt lat="40.421233" lon="-8.21071"/>
   <trkpt lat="40.421448" lon="-8.210655"/>
   <trkpt lat="40.42163" lon="-8.210623"/>
   <trkpt lat="40.421838" lon="-8.210644"/>
   <trkpt lat="40.42232" lon="-8.210743"/>
   <trkpt lat="40.422461" lon="-8.210802"/>
   <trkpt lat="40.422642" lon="-8.210948"/>
   <trkpt lat="40.422779" lon="-8.211135"/>
   <trkpt lat="40.42292" lon="-8.211433"/>
   <trkpt lat="40.423043" lon="-8.21165"/>
   <trkpt lat="40.423149" lon="-8.211779"/>
   <trkpt lat="40.423304" lon="-8.211883"/>
   <trkpt lat="40.423757" lon="-8.212095"/>
   <trkpt lat="40.423836" lon="-8.21211"/>
   <trkpt lat="40.423886" lon="-8.212119"/>
   <trkpt lat="40.424027" lon="-8.21209"/>
   <trkpt lat="40.424129" lon="-8.212018"/>
   <trkpt lat="40.424245" lon="-8.211906"/>
   <trkpt lat="40.424941" lon="-8.210843"/>
   <trkpt lat="40.425013" lon="-8.210729"/>
   <trkpt lat="40.42529" lon="-8.210286"/>
   <trkpt lat="40.42536" lon="-8.210202"/>
   <trkpt lat="40.425438" lon="-8.210108"/>
   <trkpt lat="40.425597" lon="-8.209967"/>
   <trkpt lat="40.425783" lon="-8.209815"/>
   <trkpt lat="40.426034" lon="-8.209657"/>
   <trkpt lat="40.426261" lon="-8.209574"/>
   <trkpt lat="40.426432" lon="-8.209542"/>
   <trkpt lat="40.42655" lon="-8.209546"/>
   <trkpt lat="40.426679" lon="-8.20959"/>
   <trkpt lat="40.426804" lon="-8.209663"/>
   <trkpt lat="40.427347" lon="-8.21014"/>
   <trkpt lat="40.427543" lon="-8.210184"/>
   <trkpt lat="40.427698" lon="-8.210132"/>
   <trkpt lat="40.427847" lon="-8.210019"/>
   <trkpt lat="40.427992" lon="-8.209822"/>
   <trkpt lat="40.428968" lon="-8.208488"/>
   <trkpt lat="40.429821" lon="-8.207326"/>
   <trkpt lat="40.430487" lon="-8.206414"/>
   <trkpt lat="40.430691" lon="-8.206206"/>
   <trkpt lat="40.430901" lon="-8.206079"/>
   <trkpt lat="40.431685" lon="-8.205682"/>
   <trkpt lat="40.431939" lon="-8.205535"/>
   <trkpt lat="40.432073" lon="-8.205406"/>
   <trkpt lat="40.432216" lon="-8.205227"/>
   <trkpt lat="40.432404" lon="-8.204954"/>
   <trkpt lat="40.432512" lon="-8.204856"/>
   <trkpt lat="40.432649" lon="-8.204784"/>
   <trkpt lat="40.432817" lon="-8.204781"/>
   <trkpt lat="40.433966" lon="-8.20492"/>
   <trkpt lat="40.434125" lon="-8.204864"/>
   <trkpt lat="40.434233" lon="-8.204754"/>
   <trkpt lat="40.434313" lon="-8.204607"/>
   <trkpt lat="40.434699" lon="-8.203417"/>
   <trkpt lat="40.434825" lon="-8.203032"/>
   <trkpt lat="40.434927" lon="-8.202777"/>
   <trkpt lat="40.435023" lon="-8.202619"/>
   <trkpt lat="40.435117" lon="-8.202472"/>
   <trkpt lat="40.435266" lon="-8.202372"/>
   <trkpt lat="40.435973" lon="-8.202045"/>
   <trkpt lat="40.436124" lon="-8.201907"/>
   <trkpt lat="40.436285" lon="-8.20168"/>
   <trkpt lat="40.436438" lon="-8.201449"/>
   <trkpt lat="40.436555" lon="-8.201361"/>
   <trkpt lat="40.43671" lon="-8.20127"/>
   <trkpt lat="40.438039" lon="-8.200956"/>
   <trkpt lat="40.438488" lon="-8.200836"/>
   <trkpt lat="40.43862" lon="-8.200736"/>
   <trkpt lat="40.438702" lon="-8.200578"/>
   <trkpt lat="40.438753" lon="-8.200402"/>
   <trkpt lat="40.438749" lon="-8.200217"/>
   <trkpt lat="40.43871" lon="-8.20006"/>
   <trkpt lat="40.438629" lon="-8.199926"/>
   <trkpt lat="40.438547" lon="-8.199749"/>
   <trkpt lat="40.438522" lon="-8.199611"/>
   <trkpt lat="40.43853" lon="-8.199493"/>
   <trkpt lat="40.43857" lon="-8.199384"/>
   <trkpt lat="40.438657" lon="-8.199266"/>
   <trkpt lat="40.438657" lon="-8.199266"/>
   <trkpt lat="40.438682" lon="-8.199232"/>
   <trkpt lat="40.438859" lon="-8.199095"/>
   <trkpt lat="40.438876" lon="-8.199083"/>
   <trkpt lat="40.438935" lon="-8.199039"/>
   <trkpt lat="40.439047" lon="-8.199065"/>
   <trkpt lat="40.439355" lon="-8.199012"/>
   <trkpt lat="40.439441" lon="-8.199038"/>
   <trkpt lat="40.439498" lon="-8.199121"/>
   <trkpt lat="40.439617" lon="-8.199529"/>
   <trkpt lat="40.4397" lon="-8.199605"/>
   <trkpt lat="40.439794" lon="-8.19962"/>
   <trkpt lat="40.440525" lon="-8.199572"/>
   <trkpt lat="40.440654" lon="-8.199502"/>
   <trkpt lat="40.440833" lon="-8.199339"/>
   <trkpt lat="40.440946" lon="-8.199282"/>
   <trkpt lat="40.441093" lon="-8.199259"/>
   <trkpt lat="40.441207" lon="-8.199275"/>
   <trkpt lat="40.441293" lon="-8.199349"/>
   <trkpt lat="40.441685" lon="-8.199789"/>
   <trkpt lat="40.441779" lon="-8.199956"/>
   <trkpt lat="40.441826" lon="-8.200074"/>
   <trkpt lat="40.441844" lon="-8.200119"/>
   <trkpt lat="40.441885" lon="-8.200312"/>
   <trkpt lat="40.441974" lon="-8.200873"/>
   <trkpt lat="40.44204" lon="-8.201069"/>
   <trkpt lat="40.442142" lon="-8.201273"/>
   <trkpt lat="40.442405" lon="-8.201734"/>
   <trkpt lat="40.442734" lon="-8.202525"/>
   <trkpt lat="40.443118" lon="-8.203322"/>
   <trkpt lat="40.443207" lon="-8.203662"/>
   <trkpt lat="40.443201" lon="-8.203791"/>
   <trkpt lat="40.443156" lon="-8.203939"/>
   <trkpt lat="40.442873" lon="-8.204499"/>
   <trkpt lat="40.442809" lon="-8.20466"/>
   <trkpt lat="40.442785" lon="-8.204918"/>
   <trkpt lat="40.44282" lon="-8.205129"/>
   <trkpt lat="40.442864" lon="-8.205221"/>
   <trkpt lat="40.442938" lon="-8.205296"/>
   <trkpt lat="40.443046" lon="-8.20532"/>
   <trkpt lat="40.443168" lon="-8.20528"/>
   <trkpt lat="40.443705" lon="-8.204964"/>
   <trkpt lat="40.443852" lon="-8.204846"/>
   <trkpt lat="40.443993" lon="-8.204717"/>
   <trkpt lat="40.44411" lon="-8.204698"/>
   <trkpt lat="40.444291" lon="-8.204743"/>
   <trkpt lat="40.444402" lon="-8.204795"/>
   <trkpt lat="40.444426" lon="-8.204838"/>
   <trkpt lat="40.444444" lon="-8.204872"/>
   <trkpt lat="40.444438" lon="-8.204971"/>
   <trkpt lat="40.444395" lon="-8.20506"/>
   <trkpt lat="40.444269" lon="-8.205197"/>
   <trkpt lat="40.4442" lon="-8.205325"/>
   <trkpt lat="40.444128" lon="-8.20562"/>
   <trkpt lat="40.443961" lon="-8.205937"/>
   <trkpt lat="40.44394" lon="-8.206058"/>
   <trkpt lat="40.443959" lon="-8.206224"/>
   <trkpt lat="40.443995" lon="-8.20635"/>
   <trkpt lat="40.444298" lon="-8.206851"/>
   <trkpt lat="40.444577" lon="-8.207425"/>
   <trkpt lat="40.444661" lon="-8.207625"/>
   <trkpt lat="40.444828" lon="-8.208021"/>
   <trkpt lat="40.444881" lon="-8.208289"/>
   <trkpt lat="40.444955" lon="-8.20926"/>
   <trkpt lat="40.444936" lon="-8.209475"/>
   <trkpt lat="40.444906" lon="-8.209606"/>
   <trkpt lat="40.444732" lon="-8.209982"/>
   <trkpt lat="40.444667" lon="-8.210266"/>
   <trkpt lat="40.444659" lon="-8.210464"/>
   <trkpt lat="40.444689" lon="-8.210711"/>
   <trkpt lat="40.444822" lon="-8.211224"/>
   <trkpt lat="40.444833" lon="-8.21133"/>
   <trkpt lat="40.444842" lon="-8.211417"/>
   <trkpt lat="40.444828" lon="-8.211562"/>
   <trkpt lat="40.444746" lon="-8.211937"/>
   <trkpt lat="40.444763" lon="-8.212227"/>
   <trkpt lat="40.444828" lon="-8.212484"/>
   <trkpt lat="40.444912" lon="-8.21276"/>
   <trkpt lat="40.445036" lon="-8.213085"/>
   <trkpt lat="40.445055" lon="-8.213183"/>
   <trkpt lat="40.445055" lon="-8.213183"/>
   <trkpt lat="40.445065" lon="-8.213235"/>
   <trkpt lat="40.445059" lon="-8.213375"/>
   <trkpt lat="40.444967" lon="-8.213761"/>
   <trkpt lat="40.444938" lon="-8.21433"/>
   <trkpt lat="40.444898" lon="-8.214547"/>
   <trkpt lat="40.444706" lon="-8.215209"/>
   <trkpt lat="40.444655" lon="-8.21588"/>
   <trkpt lat="40.444704" lon="-8.216108"/>
   <trkpt lat="40.444891" lon="-8.217124"/>
   <trkpt lat="40.444926" lon="-8.217449"/>
   <trkpt lat="40.445183" lon="-8.218353"/>
   <trkpt lat="40.4452" lon="-8.218592"/>
   <trkpt lat="40.445157" lon="-8.218785"/>
   <trkpt lat="40.4451" lon="-8.218938"/>
   <trkpt lat="40.445018" lon="-8.219096"/>
   <trkpt lat="40.444926" lon="-8.219208"/>
   <trkpt lat="40.4447" lon="-8.219326"/>
   <trkpt lat="40.444614" lon="-8.219383"/>
   <trkpt lat="40.444581" lon="-8.219493"/>
   <trkpt lat="40.444573" lon="-8.219622"/>
   <trkpt lat="40.44462" lon="-8.220067"/>
   <trkpt lat="40.444606" lon="-8.220383"/>
   <trkpt lat="40.444512" lon="-8.220689"/>
   <trkpt lat="40.444438" lon="-8.220848"/>
   <trkpt lat="40.444169" lon="-8.221081"/>
   <trkpt lat="40.444036" lon="-8.221137"/>
   <trkpt lat="40.443558" lon="-8.22126"/>
   <trkpt lat="40.443205" lon="-8.221384"/>
   <trkpt lat="40.443077" lon="-8.221405"/>
   <trkpt lat="40.44305" lon="-8.221405"/>
   <trkpt lat="40.44305" lon="-8.221405"/>
   <trkpt lat="40.442607" lon="-8.2214"/>
   <trkpt lat="40.442528" lon="-8.221365"/>
   <trkpt lat="40.442477" lon="-8.221298"/>
   <trkpt lat="40.44244" lon="-8.221076"/>
   <trkpt lat="40.442399" lon="-8.221022"/>
   <trkpt lat="40.442334" lon="-8.221019"/>
   <trkpt lat="40.442254" lon="-8.221102"/>
   <trkpt lat="40.442152" lon="-8.221293"/>
   <trkpt lat="40.442097" lon="-8.221454"/>
   <trkpt lat="40.441999" lon="-8.221826"/>
   <trkpt lat="40.441905" lon="-8.22195"/>
   <trkpt lat="40.441795" lon="-8.222073"/>
   <trkpt lat="40.441589" lon="-8.222253"/>
   <trkpt lat="40.441526" lon="-8.222338"/>
   <trkpt lat="40.441519" lon="-8.222399"/>
   <trkpt lat="40.441326" lon="-8.222386"/>
   <trkpt lat="40.441238" lon="-8.222398"/>
   <trkpt lat="40.441137" lon="-8.222417"/>
   <trkpt lat="40.441035" lon="-8.222485"/>
   <trkpt lat="40.440873" lon="-8.222642"/>
   <trkpt lat="40.440802" lon="-8.222808"/>
   <trkpt lat="40.440792" lon="-8.222973"/>
   <trkpt lat="40.440807" lon="-8.223296"/>
   <trkpt lat="40.440755" lon="-8.223423"/>
   <trkpt lat="40.440671" lon="-8.223507"/>
   <trkpt lat="40.439836" lon="-8.22361"/>
   <trkpt lat="40.439268" lon="-8.223899"/>
   <trkpt lat="40.438635" lon="-8.224246"/>
   <trkpt lat="40.438525" lon="-8.224316"/>
   <trkpt lat="40.438447" lon="-8.224391"/>
   <trkpt lat="40.437679" lon="-8.225172"/>
   <trkpt lat="40.437679" lon="-8.225172"/>
   <trkpt lat="40.437532" lon="-8.225321"/>
   <trkpt lat="40.437032" lon="-8.226047"/>
   <trkpt lat="40.436844" lon="-8.226335"/>
   <trkpt lat="40.436791" lon="-8.226416"/>
   <trkpt lat="40.436463" lon="-8.226918"/>
   <trkpt lat="40.43638" lon="-8.22704"/>
   <trkpt lat="40.436158" lon="-8.227364"/>
   <trkpt lat="40.435561" lon="-8.228087"/>
   <trkpt lat="40.435456" lon="-8.228186"/>
   <trkpt lat="40.435351" lon="-8.228248"/>
   <trkpt lat="40.435259" lon="-8.228293"/>
   <trkpt lat="40.435136" lon="-8.228223"/>
   <trkpt lat="40.434173" lon="-8.22791"/>
   <trkpt lat="40.43384" lon="-8.227813"/>
   <trkpt lat="40.433638" lon="-8.227787"/>
   <trkpt lat="40.433458" lon="-8.227805"/>
   <trkpt lat="40.433225" lon="-8.227849"/>
   <trkpt lat="40.432916" lon="-8.227911"/>
   <trkpt lat="40.430559" lon="-8.228385"/>
   <trkpt lat="40.430369" lon="-8.228437"/>
   <trkpt lat="40.430014" lon="-8.22856"/>
   <trkpt lat="40.42958" lon="-8.228773"/>
   <trkpt lat="40.428672" lon="-8.229285"/>
   <trkpt lat="40.428436" lon="-8.229418"/>
   <trkpt lat="40.428207" lon="-8.229514"/>
   <trkpt lat="40.427978" lon="-8.229565"/>
   <trkpt lat="40.426716" lon="-8.229806"/>
   <trkpt lat="40.42619" lon="-8.229906"/>
   <trkpt lat="40.425911" lon="-8.22996"/>
   <trkpt lat="40.425662" lon="-8.230007"/>
   <trkpt lat="40.425385" lon="-8.23006"/>
   <trkpt lat="40.425283" lon="-8.23008"/>
   <trkpt lat="40.424751" lon="-8.230231"/>
   <trkpt lat="40.4245" lon="-8.230303"/>
   <trkpt lat="40.424135" lon="-8.230408"/>
   <trkpt lat="40.423702" lon="-8.230532"/>
   <trkpt lat="40.423049" lon="-8.230657"/>
   <trkpt lat="40.422637" lon="-8.230697"/>
   <trkpt lat="40.421448" lon="-8.230791"/>
   <trkpt lat="40.421448" lon="-8.230791"/>
   <trkpt lat="40.42054" lon="-8.230862"/>
   <trkpt lat="40.420454" lon="-8.230851"/>
   <trkpt lat="40.420354" lon="-8.230831"/>
   <trkpt lat="40.417848" lon="-8.229647"/>
   <trkpt lat="40.417641" lon="-8.229507"/>
   <trkpt lat="40.416401" lon="-8.228525"/>
   <trkpt lat="40.415939" lon="-8.22817"/>
   <trkpt lat="40.415747" lon="-8.228035"/>
   <trkpt lat="40.414608" lon="-8.227464"/>
   <trkpt lat="40.414164" lon="-8.227093"/>
   <trkpt lat="40.413897" lon="-8.226872"/>
   <trkpt lat="40.41375" lon="-8.226758"/>
   <trkpt lat="40.413581" lon="-8.226659"/>
   <trkpt lat="40.413468" lon="-8.226603"/>
   <trkpt lat="40.412594" lon="-8.2264"/>
   <trkpt lat="40.412331" lon="-8.226325"/>
   <trkpt lat="40.411613" lon="-8.225958"/>
   <trkpt lat="40.411544" lon="-8.225913"/>
   <trkpt lat="40.41112" lon="-8.225533"/>
   <trkpt lat="40.410302" lon="-8.22479"/>
   <trkpt lat="40.409796" lon="-8.224436"/>
   <trkpt lat="40.408912" lon="-8.223675"/>
   <trkpt lat="40.408366" lon="-8.223213"/>
   <trkpt lat="40.408232" lon="-8.223155"/>
   <trkpt lat="40.408097" lon="-8.223128"/>
   <trkpt lat="40.408024" lon="-8.223124"/>
   <trkpt lat="40.406822" lon="-8.223074"/>
   <trkpt lat="40.405765" lon="-8.223153"/>
   <trkpt lat="40.404119" lon="-8.223275"/>
   <trkpt lat="40.404017" lon="-8.223279"/>
   <trkpt lat="40.403842" lon="-8.223325"/>
   <trkpt lat="40.403671" lon="-8.223401"/>
   <trkpt lat="40.403003" lon="-8.223761"/>
   <trkpt lat="40.402676" lon="-8.22393"/>
   <trkpt lat="40.402569" lon="-8.224058"/>
   <trkpt lat="40.40254" lon="-8.224114"/>
   <trkpt lat="40.402506" lon="-8.224182"/>
   <trkpt lat="40.402503" lon="-8.22421"/>
   <trkpt lat="40.402489" lon="-8.224258"/>
   <trkpt lat="40.402467" lon="-8.2243"/>
   <trkpt lat="40.402438" lon="-8.224333"/>
   <trkpt lat="40.402403" lon="-8.224357"/>
   <trkpt lat="40.402366" lon="-8.224371"/>
   <trkpt lat="40.402327" lon="-8.224372"/>
   <trkpt lat="40.402281" lon="-8.224356"/>
   <trkpt lat="40.40224" lon="-8.224325"/>
   <trkpt lat="40.402179" lon="-8.224318"/>
   <trkpt lat="40.402077" lon="-8.224313"/>
   <trkpt lat="40.401969" lon="-8.224311"/>
   <trkpt lat="40.401545" lon="-8.224548"/>
   <trkpt lat="40.401128" lon="-8.224778"/>
   <trkpt lat="40.40052" lon="-8.225114"/>
   <trkpt lat="40.400446" lon="-8.225161"/>
   <trkpt lat="40.400326" lon="-8.225251"/>
   <trkpt lat="40.400197" lon="-8.225376"/>
   <trkpt lat="40.39918" lon="-8.226656"/>
   <trkpt lat="40.39916" lon="-8.226687"/>
   <trkpt lat="40.399066" lon="-8.226856"/>
   <trkpt lat="40.399084" lon="-8.226871"/>
   <trkpt lat="40.399096" lon="-8.226893"/>
   <trkpt lat="40.399103" lon="-8.226919"/>
   <trkpt lat="40.399102" lon="-8.226946"/>
   <trkpt lat="40.399095" lon="-8.226972"/>
   <trkpt lat="40.399082" lon="-8.226992"/>
   <trkpt lat="40.399065" lon="-8.227005"/>
   <trkpt lat="40.399046" lon="-8.227011"/>
   <trkpt lat="40.399026" lon="-8.227009"/>
   <trkpt lat="40.399008" lon="-8.226998"/>
   <trkpt lat="40.398993" lon="-8.226981"/>
   <trkpt lat="40.398984" lon="-8.226958"/>
   <trkpt lat="40.398865" lon="-8.22713"/>
   <trkpt lat="40.398409" lon="-8.227831"/>
   <trkpt lat="40.398409" lon="-8.227831"/>
   <trkpt lat="40.397942" lon="-8.22855"/>
   <trkpt lat="40.397772" lon="-8.228808"/>
   <trkpt lat="40.397642" lon="-8.229001"/>
   <trkpt lat="40.397572" lon="-8.229105"/>
   <trkpt lat="40.397441" lon="-8.229304"/>
   <trkpt lat="40.397378" lon="-8.229447"/>
   <trkpt lat="40.397358" lon="-8.229555"/>
   <trkpt lat="40.397151" lon="-8.230678"/>
   <trkpt lat="40.3971" lon="-8.23094"/>
   <trkpt lat="40.397084" lon="-8.231001"/>
   <trkpt lat="40.397047" lon="-8.231136"/>
   <trkpt lat="40.396893" lon="-8.231557"/>
   <trkpt lat="40.396852" lon="-8.231673"/>
   <trkpt lat="40.396557" lon="-8.232256"/>
   <trkpt lat="40.39657" lon="-8.232275"/>
   <trkpt lat="40.396577" lon="-8.232299"/>
   <trkpt lat="40.396579" lon="-8.232324"/>
   <trkpt lat="40.396575" lon="-8.232349"/>
   <trkpt lat="40.396564" lon="-8.232371"/>
   <trkpt lat="40.397228" lon="-8.233035"/>
   <trkpt lat="40.398519" lon="-8.234282"/>
   <trkpt lat="40.399181" lon="-8.234922"/>
   <trkpt lat="40.399181" lon="-8.234922"/>
   <trkpt lat="40.400435" lon="-8.236134"/>
   <trkpt lat="40.400627" lon="-8.235463"/>
   <trkpt lat="40.400685" lon="-8.235267"/>
   <trkpt lat="40.40074" lon="-8.235105"/>
   <trkpt lat="40.400792" lon="-8.235053"/>
   <trkpt lat="40.400843" lon="-8.235002"/>
   <trkpt lat="40.400856" lon="-8.234963"/>
   <trkpt lat="40.400879" lon="-8.234931"/>
   <trkpt lat="40.400908" lon="-8.234911"/>
   <trkpt lat="40.400974" lon="-8.234831"/>
   <trkpt lat="40.401046" lon="-8.234778"/>
   <trkpt lat="40.401143" lon="-8.234735"/>
   <trkpt lat="40.401258" lon="-8.234717"/>
   <trkpt lat="40.401395" lon="-8.234703"/>
   <trkpt lat="40.401554" lon="-8.234712"/>
   <trkpt lat="40.401712" lon="-8.234754"/>
   <trkpt lat="40.401836" lon="-8.2348"/>
   <trkpt lat="40.402147" lon="-8.235009"/>
   <trkpt lat="40.402388" lon="-8.235217"/>
   <trkpt lat="40.402531" lon="-8.235412"/>
   <trkpt lat="40.402603" lon="-8.235607"/>
   <trkpt lat="40.402603" lon="-8.235607"/>
   <trkpt lat="40.402616" lon="-8.235642"/>
   <trkpt lat="40.402633" lon="-8.235814"/>
   <trkpt lat="40.402588" lon="-8.23602"/>
   <trkpt lat="40.402522" lon="-8.2362"/>
   <trkpt lat="40.401926" lon="-8.23757"/>
   <trkpt lat="40.401887" lon="-8.237808"/>
   <trkpt lat="40.401919" lon="-8.237857"/>
   <trkpt lat="40.401938" lon="-8.237917"/>
   <trkpt lat="40.401944" lon="-8.237981"/>
   <trkpt lat="40.401935" lon="-8.238045"/>
   <trkpt lat="40.401913" lon="-8.238103"/>
   <trkpt lat="40.401891" lon="-8.238135"/>
   <trkpt lat="40.401865" lon="-8.238162"/>
   <trkpt lat="40.40182" lon="-8.238188"/>
   <trkpt lat="40.401771" lon="-8.238195"/>
   <trkpt lat="40.401722" lon="-8.238184"/>
   <trkpt lat="40.401678" lon="-8.238154"/>
   <trkpt lat="40.401646" lon="-8.238115"/>
   <trkpt lat="40.401622" lon="-8.238066"/>
   <trkpt lat="40.401609" lon="-8.238011"/>
   <trkpt lat="40.401535" lon="-8.237907"/>
   <trkpt lat="40.401383" lon="-8.237817"/>
   <trkpt lat="40.401203" lon="-8.237793"/>
   <trkpt lat="40.401042" lon="-8.237869"/>
   <trkpt lat="40.400778" lon="-8.238265"/>
   <trkpt lat="40.400374" lon="-8.239046"/>
   <trkpt lat="40.399936" lon="-8.239975"/>
   <trkpt lat="40.399936" lon="-8.239975"/>
   <trkpt lat="40.399243" lon="-8.241448"/>
   <trkpt lat="40.398698" lon="-8.242606"/>
   <trkpt lat="40.398451" lon="-8.243124"/>
   <trkpt lat="40.398314" lon="-8.243415"/>
   <trkpt lat="40.39655" lon="-8.247159"/>
   <trkpt lat="40.396492" lon="-8.247283"/>
   <trkpt lat="40.396492" lon="-8.247283"/>
   <trkpt lat="40.396209" lon="-8.247884"/>
   <trkpt lat="40.396176" lon="-8.247954"/>
   <trkpt lat="40.396034" lon="-8.248259"/>
   <trkpt lat="40.395637" lon="-8.249108"/>
   <trkpt lat="40.394805" lon="-8.250891"/>
   <trkpt lat="40.39434" lon="-8.251858"/>
   <trkpt lat="40.394067" lon="-8.252478"/>
   <trkpt lat="40.393839" lon="-8.253151"/>
   <trkpt lat="40.393712" lon="-8.253693"/>
   <trkpt lat="40.393687" lon="-8.253853"/>
   <trkpt lat="40.393649" lon="-8.25419"/>
   <trkpt lat="40.393716" lon="-8.254568"/>
   <trkpt lat="40.39379" lon="-8.254969"/>
   <trkpt lat="40.393877" lon="-8.255267"/>
   <trkpt lat="40.393965" lon="-8.255482"/>
   <trkpt lat="40.394092" lon="-8.255746"/>
   <trkpt lat="40.394312" lon="-8.256082"/>
   <trkpt lat="40.394489" lon="-8.256285"/>
   <trkpt lat="40.394591" lon="-8.256375"/>
   <trkpt lat="40.394591" lon="-8.256375"/>
   <trkpt lat="40.39464" lon="-8.256419"/>
   <trkpt lat="40.394692" lon="-8.256459"/>
   <trkpt lat="40.394722" lon="-8.256472"/>
   <trkpt lat="40.394753" lon="-8.256475"/>
   <trkpt lat="40.394799" lon="-8.256477"/>
   <trkpt lat="40.39483" lon="-8.256484"/>
   <trkpt lat="40.394859" lon="-8.256498"/>
   <trkpt lat="40.394885" lon="-8.25652"/>
   <trkpt lat="40.394907" lon="-8.256548"/>
   <trkpt lat="40.394925" lon="-8.256581"/>
   <trkpt lat="40.394936" lon="-8.256619"/>
   <trkpt lat="40.394942" lon="-8.256659"/>
   <trkpt lat="40.394942" lon="-8.256699"/>
   <trkpt lat="40.394935" lon="-8.256739"/>
   <trkpt lat="40.394925" lon="-8.256769"/>
   <trkpt lat="40.394912" lon="-8.256796"/>
   <trkpt lat="40.394895" lon="-8.256821"/>
   <trkpt lat="40.394876" lon="-8.256841"/>
   <trkpt lat="40.394854" lon="-8.256857"/>
   <trkpt lat="40.394831" lon="-8.256868"/>
   <trkpt lat="40.394807" lon="-8.256874"/>
   <trkpt lat="40.394782" lon="-8.256875"/>
   <trkpt lat="40.394757" lon="-8.25687"/>
   <trkpt lat="40.394736" lon="-8.256861"/>
   <trkpt lat="40.394716" lon="-8.256849"/>
   <trkpt lat="40.394697" lon="-8.256832"/>
   <trkpt lat="40.394681" lon="-8.256812"/>
   <trkpt lat="40.394667" lon="-8.256789"/>
   <trkpt lat="40.394655" lon="-8.256764"/>
   <trkpt lat="40.394647" lon="-8.256736"/>
   <trkpt lat="40.394642" lon="-8.256708"/>
   <trkpt lat="40.39464" lon="-8.256678"/>
   <trkpt lat="40.394641" lon="-8.256649"/>
   <trkpt lat="40.394514" lon="-8.2566"/>
   <trkpt lat="40.39391" lon="-8.256401"/>
   <trkpt lat="40.393722" lon="-8.256343"/>
   <trkpt lat="40.393293" lon="-8.256218"/>
   <trkpt lat="40.393284" lon="-8.256253"/>
   <trkpt lat="40.393269" lon="-8.256286"/>
   <trkpt lat="40.393251" lon="-8.256314"/>
   <trkpt lat="40.393228" lon="-8.256337"/>
   <trkpt lat="40.393203" lon="-8.256354"/>
   <trkpt lat="40.393175" lon="-8.256365"/>
   <trkpt lat="40.393147" lon="-8.256368"/>
   <trkpt lat="40.393119" lon="-8.256365"/>
   <trkpt lat="40.393091" lon="-8.256355"/>
   <trkpt lat="40.39307" lon="-8.256341"/>
   <trkpt lat="40.39305" lon="-8.256323"/>
   <trkpt lat="40.393033" lon="-8.256302"/>
   <trkpt lat="40.393019" lon="-8.256277"/>
   <trkpt lat="40.393008" lon="-8.25625"/>
   <trkpt lat="40.393" lon="-8.25622"/>
   <trkpt lat="40.392996" lon="-8.25619"/>
   <trkpt lat="40.392995" lon="-8.256158"/>
   <trkpt lat="40.392998" lon="-8.256128"/>
   <trkpt lat="40.392629" lon="-8.255972"/>
   <trkpt lat="40.392345" lon="-8.255879"/>
   <trkpt lat="40.392336" lon="-8.255931"/>
   <trkpt lat="40.392345" lon="-8.255879"/>
   <trkpt lat="40.392184" lon="-8.25582"/>
   <trkpt lat="40.39207" lon="-8.255779"/>
   <trkpt lat="40.391964" lon="-8.255734"/>
   <trkpt lat="40.391802" lon="-8.255666"/>
   <trkpt lat="40.391351" lon="-8.255444"/>
   <trkpt lat="40.391351" lon="-8.255444"/>
   <trkpt lat="40.391273" lon="-8.255405"/>
   <trkpt lat="40.391208" lon="-8.25537"/>
   <trkpt lat="40.391169" lon="-8.255349"/>
   <trkpt lat="40.391092" lon="-8.25532"/>
   <trkpt lat="40.391083" lon="-8.255346"/>
   <trkpt lat="40.391069" lon="-8.255366"/>
   <trkpt lat="40.391052" lon="-8.255381"/>
   <trkpt lat="40.391031" lon="-8.255388"/>
   <trkpt lat="40.39101" lon="-8.255386"/>
   <trkpt lat="40.390991" lon="-8.255377"/>
   <trkpt lat="40.390973" lon="-8.255359"/>
   <trkpt lat="40.390961" lon="-8.255335"/>
   <trkpt lat="40.390955" lon="-8.255307"/>
   <trkpt lat="40.390956" lon="-8.255278"/>
   <trkpt lat="40.390963" lon="-8.255254"/>
   <trkpt lat="40.390975" lon="-8.255232"/>
   <trkpt lat="40.390991" lon="-8.255216"/>
   <trkpt lat="40.39101" lon="-8.255207"/>
   <trkpt lat="40.39103" lon="-8.255205"/>
   <trkpt lat="40.391034" lon="-8.25513"/>
   <trkpt lat="40.391042" lon="-8.254989"/>
   <trkpt lat="40.391039" lon="-8.254931"/>
   <trkpt lat="40.391033" lon="-8.254789"/>
   <trkpt lat="40.390949" lon="-8.254165"/>
   <trkpt lat="40.390881" lon="-8.25358"/>
   <trkpt lat="40.39083" lon="-8.253172"/>
   <trkpt lat="40.390636" lon="-8.251598"/>
   <trkpt lat="40.39038" lon="-8.249697"/>
   <trkpt lat="40.390367" lon="-8.249611"/>
   <trkpt lat="40.390177" lon="-8.248085"/>
   <trkpt lat="40.390096" lon="-8.247467"/>
   <trkpt lat="40.390018" lon="-8.246872"/>
   <trkpt lat="40.390018" lon="-8.246872"/>
   <trkpt lat="40.389972" lon="-8.246519"/>
   <trkpt lat="40.389922" lon="-8.246385"/>
   <trkpt lat="40.389936" lon="-8.246239"/>
   <trkpt lat="40.389852" lon="-8.245593"/>
   <trkpt lat="40.389831" lon="-8.245437"/>
   <trkpt lat="40.389604" lon="-8.243666"/>
   <trkpt lat="40.389236" lon="-8.240804"/>
   <trkpt lat="40.389222" lon="-8.240701"/>
   <trkpt lat="40.389141" lon="-8.240411"/>
   <trkpt lat="40.389032" lon="-8.240181"/>
   <trkpt lat="40.38852" lon="-8.239574"/>
   <trkpt lat="40.388377" lon="-8.239348"/>
   <trkpt lat="40.388299" lon="-8.239166"/>
   <trkpt lat="40.388172" lon="-8.238589"/>
   <trkpt lat="40.388151" lon="-8.238384"/>
   <trkpt lat="40.388176" lon="-8.238179"/>
   <trkpt lat="40.388254" lon="-8.237937"/>
   <trkpt lat="40.388284" lon="-8.23784"/>
   <trkpt lat="40.388814" lon="-8.237033"/>
   <trkpt lat="40.389136" lon="-8.23664"/>
   <trkpt lat="40.389254" lon="-8.236496"/>
   <trkpt lat="40.389416" lon="-8.236298"/>
   <trkpt lat="40.389776" lon="-8.235901"/>
   <trkpt lat="40.390244" lon="-8.235368"/>
   <trkpt lat="40.390316" lon="-8.235329"/>
   <trkpt lat="40.390316" lon="-8.23533"/>
   <trkpt lat="40.390424" lon="-8.235272"/>
   <trkpt lat="40.391361" lon="-8.235001"/>
   <trkpt lat="40.391318" lon="-8.234944"/>
   <trkpt lat="40.391292" lon="-8.23491"/>
   <trkpt lat="40.391268" lon="-8.234874"/>
   <trkpt lat="40.391246" lon="-8.23484"/>
   <trkpt lat="40.391224" lon="-8.234805"/>
   <trkpt lat="40.390826" lon="-8.234144"/>
   <trkpt lat="40.390776" lon="-8.234061"/>
   <trkpt lat="40.390125" lon="-8.232979"/>
   <trkpt lat="40.390125" lon="-8.232979"/>
   <trkpt lat="40.390012" lon="-8.23279"/>
   <trkpt lat="40.389501" lon="-8.23183"/>
   <trkpt lat="40.389482" lon="-8.231795"/>
   <trkpt lat="40.389424" lon="-8.231703"/>
   <trkpt lat="40.389385" lon="-8.231644"/>
   <trkpt lat="40.389348" lon="-8.231599"/>
   <trkpt lat="40.389307" lon="-8.231561"/>
   <trkpt lat="40.38926" lon="-8.231534"/>
   <trkpt lat="40.389211" lon="-8.23152"/>
   <trkpt lat="40.389163" lon="-8.231514"/>
   <trkpt lat="40.389116" lon="-8.231523"/>
   <trkpt lat="40.389071" lon="-8.231543"/>
   <trkpt lat="40.389032" lon="-8.23157"/>
   <trkpt lat="40.388993" lon="-8.231608"/>
   <trkpt lat="40.388905" lon="-8.231703"/>
   <trkpt lat="40.38816" lon="-8.232494"/>
   <trkpt lat="40.388114" lon="-8.232542"/>
   <trkpt lat="40.388072" lon="-8.232588"/>
   <trkpt lat="40.38803" lon="-8.23264"/>
   <trkpt lat="40.387989" lon="-8.232691"/>
   <trkpt lat="40.387941" lon="-8.232747"/>
   <trkpt lat="40.387891" lon="-8.232794"/>
   <trkpt lat="40.387832" lon="-8.232833"/>
   <trkpt lat="40.387774" lon="-8.232859"/>
   <trkpt lat="40.38771" lon="-8.232878"/>
   <trkpt lat="40.387651" lon="-8.232887"/>
   <trkpt lat="40.387651" lon="-8.232887"/>
   <trkpt lat="40.387639" lon="-8.232889"/>
   <trkpt lat="40.387127" lon="-8.23294"/>
   <trkpt lat="40.387089" lon="-8.232943"/>
   <trkpt lat="40.387043" lon="-8.232946"/>
   <trkpt lat="40.386994" lon="-8.232948"/>
   <trkpt lat="40.386942" lon="-8.232942"/>
   <trkpt lat="40.386893" lon="-8.232932"/>
   <trkpt lat="40.386856" lon="-8.232923"/>
   <trkpt lat="40.386798" lon="-8.232906"/>
   <trkpt lat="40.386757" lon="-8.232893"/>
   <trkpt lat="40.386717" lon="-8.232878"/>
   <trkpt lat="40.386678" lon="-8.23286"/>
   <trkpt lat="40.386642" lon="-8.23284"/>
   <trkpt lat="40.38661" lon="-8.232818"/>
   <trkpt lat="40.386582" lon="-8.232795"/>
   <trkpt lat="40.386555" lon="-8.232769"/>
   <trkpt lat="40.386415" lon="-8.232612"/>
   <trkpt lat="40.386389" lon="-8.232586"/>
   <trkpt lat="40.386363" lon="-8.232565"/>
   <trkpt lat="40.386335" lon="-8.232551"/>
   <trkpt lat="40.386305" lon="-8.232546"/>
   <trkpt lat="40.386279" lon="-8.232552"/>
   <trkpt lat="40.386256" lon="-8.232567"/>
   <trkpt lat="40.386236" lon="-8.232588"/>
   <trkpt lat="40.386101" lon="-8.232839"/>
   <trkpt lat="40.386085" lon="-8.232865"/>
   <trkpt lat="40.386066" lon="-8.232886"/>
   <trkpt lat="40.38604" lon="-8.232904"/>
   <trkpt lat="40.386011" lon="-8.232913"/>
   <trkpt lat="40.385978" lon="-8.232918"/>
   <trkpt lat="40.385943" lon="-8.232916"/>
   <trkpt lat="40.385906" lon="-8.23291"/>
   <trkpt lat="40.385849" lon="-8.232895"/>
   <trkpt lat="40.38581" lon="-8.232883"/>
   <trkpt lat="40.385777" lon="-8.232868"/>
   <trkpt lat="40.385764" lon="-8.23286"/>
   <trkpt lat="40.385764" lon="-8.23286"/>
   <trkpt lat="40.385747" lon="-8.232849"/>
   <trkpt lat="40.38572" lon="-8.232827"/>
   <trkpt lat="40.385698" lon="-8.232801"/>
   <trkpt lat="40.38568" lon="-8.232773"/>
   <trkpt lat="40.385665" lon="-8.232741"/>
   <trkpt lat="40.385655" lon="-8.232698"/>
   <trkpt lat="40.385652" lon="-8.232657"/>
   <trkpt lat="40.38566" lon="-8.232618"/>
   <trkpt lat="40.385673" lon="-8.232589"/>
   <trkpt lat="40.385694" lon="-8.232562"/>
   <trkpt lat="40.38572" lon="-8.232538"/>
   <trkpt lat="40.385798" lon="-8.232466"/>
   <trkpt lat="40.38582" lon="-8.232443"/>
   <trkpt lat="40.38584" lon="-8.232416"/>
   <trkpt lat="40.385856" lon="-8.232385"/>
   <trkpt lat="40.385869" lon="-8.232345"/>
   <trkpt lat="40.385877" lon="-8.2323"/>
   <trkpt lat="40.385883" lon="-8.232248"/>
   <trkpt lat="40.385887" lon="-8.232193"/>
   <trkpt lat="40.385907" lon="-8.23188"/>
   <trkpt lat="40.385912" lon="-8.231836"/>
   <trkpt lat="40.385921" lon="-8.231795"/>
   <trkpt lat="40.385938" lon="-8.231757"/>
   <trkpt lat="40.385957" lon="-8.231727"/>
   <trkpt lat="40.385983" lon="-8.231704"/>
   <trkpt lat="40.386013" lon="-8.231691"/>
   <trkpt lat="40.386047" lon="-8.231686"/>
   <trkpt lat="40.386081" lon="-8.231686"/>
   <trkpt lat="40.38612" lon="-8.231693"/>
   <trkpt lat="40.386157" lon="-8.231707"/>
   <trkpt lat="40.38619" lon="-8.231724"/>
   <trkpt lat="40.386225" lon="-8.231748"/>
   <trkpt lat="40.38651" lon="-8.231961"/>
   <trkpt lat="40.386546" lon="-8.231983"/>
   <trkpt lat="40.386584" lon="-8.232001"/>
   <trkpt lat="40.386624" lon="-8.232014"/>
   <trkpt lat="40.386666" lon="-8.232021"/>
   <trkpt lat="40.386719" lon="-8.232023"/>
   <trkpt lat="40.386766" lon="-8.232019"/>
   <trkpt lat="40.386815" lon="-8.232011"/>
   <trkpt lat="40.386868" lon="-8.231995"/>
   <trkpt lat="40.386923" lon="-8.231976"/>
   <trkpt lat="40.386982" lon="-8.231949"/>
   <trkpt lat="40.387047" lon="-8.231915"/>
   <trkpt lat="40.387098" lon="-8.231885"/>
   <trkpt lat="40.387142" lon="-8.231854"/>
   <trkpt lat="40.387186" lon="-8.231819"/>
   <trkpt lat="40.387227" lon="-8.231781"/>
   <trkpt lat="40.387267" lon="-8.231736"/>
   <trkpt lat="40.387297" lon="-8.231696"/>
   <trkpt lat="40.387322" lon="-8.231662"/>
   <trkpt lat="40.387348" lon="-8.23162"/>
   <trkpt lat="40.387376" lon="-8.231565"/>
   <trkpt lat="40.387404" lon="-8.231506"/>
   <trkpt lat="40.38743" lon="-8.23144"/>
   <trkpt lat="40.387455" lon="-8.231366"/>
   <trkpt lat="40.38748" lon="-8.231278"/>
   <trkpt lat="40.387501" lon="-8.231197"/>
   <trkpt lat="40.387519" lon="-8.231116"/>
   <trkpt lat="40.387535" lon="-8.23103"/>
   <trkpt lat="40.387548" lon="-8.230943"/>
   <trkpt lat="40.387559" lon="-8.230841"/>
   <trkpt lat="40.387567" lon="-8.230739"/>
   <trkpt lat="40.387573" lon="-8.230638"/>
   <trkpt lat="40.387575" lon="-8.23053"/>
   <trkpt lat="40.387575" lon="-8.230417"/>
   <trkpt lat="40.387571" lon="-8.230313"/>
   <trkpt lat="40.387565" lon="-8.230214"/>
   <trkpt lat="40.38756" lon="-8.23017"/>
   <trkpt lat="40.38756" lon="-8.23017"/>
   <trkpt lat="40.387554" lon="-8.230119"/>
   <trkpt lat="40.387542" lon="-8.230031"/>
   <trkpt lat="40.387392" lon="-8.229099"/>
   <trkpt lat="40.387377" lon="-8.229029"/>
   <trkpt lat="40.38736" lon="-8.228957"/>
   <trkpt lat="40.387336" lon="-8.22888"/>
   <trkpt lat="40.387308" lon="-8.228804"/>
   <trkpt lat="40.387275" lon="-8.228728"/>
   <trkpt lat="40.387238" lon="-8.228652"/>
   <trkpt lat="40.387197" lon="-8.228575"/>
   <trkpt lat="40.386939" lon="-8.228113"/>
   <trkpt lat="40.386904" lon="-8.228055"/>
   <trkpt lat="40.386865" lon="-8.227997"/>
   <trkpt lat="40.38682" lon="-8.227945"/>
   <trkpt lat="40.386774" lon="-8.227904"/>
   <trkpt lat="40.386724" lon="-8.227868"/>
   <trkpt lat="40.386671" lon="-8.227837"/>
   <trkpt lat="40.386388" lon="-8.227713"/>
   <trkpt lat="40.386335" lon="-8.227682"/>
   <trkpt lat="40.386282" lon="-8.227634"/>
   <trkpt lat="40.386244" lon="-8.227581"/>
   <trkpt lat="40.386214" lon="-8.22751"/>
   <trkpt lat="40.386195" lon="-8.22743"/>
   <trkpt lat="40.386186" lon="-8.227345"/>
   <trkpt lat="40.386169" lon="-8.226833"/>
   <trkpt lat="40.386158" lon="-8.226742"/>
   <trkpt lat="40.386129" lon="-8.226659"/>
   <trkpt lat="40.386086" lon="-8.226587"/>
   <trkpt lat="40.386036" lon="-8.226536"/>
   <trkpt lat="40.38597" lon="-8.226505"/>
   <trkpt lat="40.385895" lon="-8.226486"/>
   <trkpt lat="40.385771" lon="-8.226476"/>
   <trkpt lat="40.385697" lon="-8.226463"/>
   <trkpt lat="40.38563" lon="-8.226442"/>
   <trkpt lat="40.385565" lon="-8.226396"/>
   <trkpt lat="40.385507" lon="-8.226331"/>
   <trkpt lat="40.385449" lon="-8.22625"/>
   <trkpt lat="40.385405" lon="-8.226164"/>
   <trkpt lat="40.385372" lon="-8.226056"/>
   <trkpt lat="40.385362" lon="-8.225949"/>
   <trkpt lat="40.385375" lon="-8.225849"/>
   <trkpt lat="40.3854" lon="-8.225749"/>
   <trkpt lat="40.385502" lon="-8.225417"/>
   <trkpt lat="40.38557" lon="-8.225076"/>
   <trkpt lat="40.385595" lon="-8.224718"/>
   <trkpt lat="40.385601" lon="-8.224384"/>
   <trkpt lat="40.385706" lon="-8.2241"/>
   <trkpt lat="40.385954" lon="-8.223726"/>
   <trkpt lat="40.386233" lon="-8.223352"/>
   <trkpt lat="40.386387" lon="-8.223116"/>
   <trkpt lat="40.386449" lon="-8.22284"/>
   <trkpt lat="40.386466" lon="-8.22247"/>
   <trkpt lat="40.386448" lon="-8.222229"/>
   <trkpt lat="40.386291" lon="-8.221799"/>
   <trkpt lat="40.386166" lon="-8.221521"/>
   <trkpt lat="40.386166" lon="-8.221521"/>
   <trkpt lat="40.385714" lon="-8.220517"/>
   <trkpt lat="40.384653" lon="-8.217985"/>
   <trkpt lat="40.384548" lon="-8.217693"/>
   <trkpt lat="40.384154" lon="-8.216571"/>
   <trkpt lat="40.384073" lon="-8.216325"/>
   <trkpt lat="40.384027" lon="-8.216205"/>
   <trkpt lat="40.383975" lon="-8.216103"/>
   <trkpt lat="40.38392" lon="-8.216022"/>
   <trkpt lat="40.38386" lon="-8.215955"/>
   <trkpt lat="40.383795" lon="-8.215901"/>
   <trkpt lat="40.383617" lon="-8.215781"/>
   <trkpt lat="40.383532" lon="-8.215723"/>
   <trkpt lat="40.383446" lon="-8.215659"/>
   <trkpt lat="40.383368" lon="-8.215588"/>
   <trkpt lat="40.383299" lon="-8.215513"/>
   <trkpt lat="40.383235" lon="-8.215436"/>
   <trkpt lat="40.383165" lon="-8.21534"/>
   <trkpt lat="40.38308" lon="-8.215218"/>
   <trkpt lat="40.383002" lon="-8.215099"/>
   <trkpt lat="40.382938" lon="-8.214989"/>
   <trkpt lat="40.382879" lon="-8.21488"/>
   <trkpt lat="40.382822" lon="-8.214752"/>
   <trkpt lat="40.382767" lon="-8.214606"/>
   <trkpt lat="40.382182" lon="-8.212839"/>
   <trkpt lat="40.381941" lon="-8.211816"/>
   <trkpt lat="40.381823" lon="-8.211351"/>
   <trkpt lat="40.381761" lon="-8.21112"/>
   <trkpt lat="40.38169" lon="-8.210897"/>
   <trkpt lat="40.38159" lon="-8.210583"/>
   <trkpt lat="40.38098" lon="-8.208718"/>
   <trkpt lat="40.380951" lon="-8.208634"/>
   <trkpt lat="40.380913" lon="-8.208547"/>
   <trkpt lat="40.380865" lon="-8.208464"/>
   <trkpt lat="40.380809" lon="-8.208387"/>
   <trkpt lat="40.380746" lon="-8.208316"/>
   <trkpt lat="40.380675" lon="-8.208254"/>
   <trkpt lat="40.380597" lon="-8.208199"/>
   <trkpt lat="40.380208" lon="-8.207945"/>
   <trkpt lat="40.380147" lon="-8.207901"/>
   <trkpt lat="40.380092" lon="-8.207857"/>
   <trkpt lat="40.380044" lon="-8.20781"/>
   <trkpt lat="40.379999" lon="-8.20775"/>
   <trkpt lat="40.379968" lon="-8.207679"/>
   <trkpt lat="40.379943" lon="-8.207604"/>
   <trkpt lat="40.379921" lon="-8.207511"/>
   <trkpt lat="40.379909" lon="-8.207412"/>
   <trkpt lat="40.379901" lon="-8.207315"/>
   <trkpt lat="40.379887" lon="-8.206818"/>
   <trkpt lat="40.379881" lon="-8.206738"/>
   <trkpt lat="40.37987" lon="-8.20666"/>
   <trkpt lat="40.37985" lon="-8.206581"/>
   <trkpt lat="40.379822" lon="-8.206507"/>
   <trkpt lat="40.379807" lon="-8.206475"/>
   <trkpt lat="40.379807" lon="-8.206475"/>
   <trkpt lat="40.379789" lon="-8.206439"/>
   <trkpt lat="40.379362" lon="-8.205709"/>
   <trkpt lat="40.379328" lon="-8.205646"/>
   <trkpt lat="40.379296" lon="-8.205579"/>
   <trkpt lat="40.379273" lon="-8.205513"/>
   <trkpt lat="40.379251" lon="-8.205439"/>
   <trkpt lat="40.379229" lon="-8.205352"/>
   <trkpt lat="40.37921" lon="-8.205262"/>
   <trkpt lat="40.379193" lon="-8.205167"/>
   <trkpt lat="40.379179" lon="-8.205081"/>
   <trkpt lat="40.379171" lon="-8.205009"/>
   <trkpt lat="40.379167" lon="-8.204927"/>
   <trkpt lat="40.379168" lon="-8.20486"/>
   <trkpt lat="40.379175" lon="-8.204791"/>
   <trkpt lat="40.379226" lon="-8.204412"/>
   <trkpt lat="40.379235" lon="-8.204336"/>
   <trkpt lat="40.37924" lon="-8.204255"/>
   <trkpt lat="40.379238" lon="-8.204163"/>
   <trkpt lat="40.379229" lon="-8.204065"/>
   <trkpt lat="40.379134" lon="-8.203411"/>
   <trkpt lat="40.379119" lon="-8.203331"/>
   <trkpt lat="40.379099" lon="-8.203248"/>
   <trkpt lat="40.379072" lon="-8.203167"/>
   <trkpt lat="40.379044" lon="-8.203092"/>
   <trkpt lat="40.379009" lon="-8.203007"/>
   <trkpt lat="40.378975" lon="-8.202931"/>
   <trkpt lat="40.378938" lon="-8.202857"/>
   <trkpt lat="40.378461" lon="-8.201982"/>
   <trkpt lat="40.378407" lon="-8.201869"/>
   <trkpt lat="40.378365" lon="-8.201752"/>
   <trkpt lat="40.378333" lon="-8.201625"/>
   <trkpt lat="40.378318" lon="-8.201496"/>
   <trkpt lat="40.378319" lon="-8.201363"/>
   <trkpt lat="40.378392" lon="-8.201039"/>
   <trkpt lat="40.378488" lon="-8.200884"/>
   <trkpt lat="40.378561" lon="-8.200677"/>
   <trkpt lat="40.378665" lon="-8.200497"/>
   <trkpt lat="40.378755" lon="-8.200205"/>
   <trkpt lat="40.378749" lon="-8.200117"/>
   <trkpt lat="40.378715" lon="-8.200025"/>
   <trkpt lat="40.378559" lon="-8.19976"/>
   <trkpt lat="40.378457" lon="-8.199602"/>
   <trkpt lat="40.378347" lon="-8.19932"/>
   <trkpt lat="40.378277" lon="-8.199156"/>
   <trkpt lat="40.378218" lon="-8.199103"/>
   <trkpt lat="40.378085" lon="-8.199022"/>
   <trkpt lat="40.378026" lon="-8.198947"/>
   <trkpt lat="40.377979" lon="-8.198832"/>
   <trkpt lat="40.377942" lon="-8.198735"/>
   <trkpt lat="40.377875" lon="-8.198655"/>
   <trkpt lat="40.377763" lon="-8.198532"/>
   <trkpt lat="40.377969" lon="-8.198158"/>
   <trkpt lat="40.378118" lon="-8.198195"/>
   <trkpt lat="40.37847" lon="-8.19818"/>
   <trkpt lat="40.378858" lon="-8.198349"/>
   <trkpt lat="40.379191" lon="-8.198503"/>
   <trkpt lat="40.379416" lon="-8.198495"/>
   <trkpt lat="40.380139" lon="-8.198087"/>
   <trkpt lat="40.380139" lon="-8.198087"/>
   <trkpt lat="40.380263" lon="-8.198017"/>
   <trkpt lat="40.380468" lon="-8.197961"/>
   <trkpt lat="40.380672" lon="-8.197916"/>
   <trkpt lat="40.38082" lon="-8.197944"/>
   <trkpt lat="40.380969" lon="-8.197993"/>
   <trkpt lat="40.381128" lon="-8.198084"/>
   <trkpt lat="40.382111" lon="-8.1988"/>
   <trkpt lat="40.382571" lon="-8.199236"/>
   <trkpt lat="40.382744" lon="-8.199346"/>
   <trkpt lat="40.383989" lon="-8.199621"/>
   <trkpt lat="40.384045" lon="-8.199571"/>
   <trkpt lat="40.384068" lon="-8.199437"/>
   <trkpt lat="40.384086" lon="-8.199367"/>
   <trkpt lat="40.385342" lon="-8.199608"/>
   <trkpt lat="40.385464" lon="-8.199636"/>
   <trkpt lat="40.386636" lon="-8.199862"/>
   <trkpt lat="40.387417" lon="-8.200011"/>
   <trkpt lat="40.387417" lon="-8.200011"/>
   <trkpt lat="40.390261" lon="-8.200553"/>
   <trkpt lat="40.390359" lon="-8.200572"/>
   <trkpt lat="40.390428" lon="-8.20059"/>
   <trkpt lat="40.390674" lon="-8.200694"/>
   <trkpt lat="40.39078" lon="-8.200749"/>
   <trkpt lat="40.390884" lon="-8.200802"/>
   <trkpt lat="40.391062" lon="-8.200911"/>
   <trkpt lat="40.391283" lon="-8.201062"/>
   <trkpt lat="40.391371" lon="-8.201134"/>
   <trkpt lat="40.391449" lon="-8.201213"/>
   <trkpt lat="40.391631" lon="-8.201416"/>
   <trkpt lat="40.391707" lon="-8.201519"/>
   <trkpt lat="40.391745" lon="-8.201574"/>
   <trkpt lat="40.391787" lon="-8.201637"/>
   <trkpt lat="40.391834" lon="-8.201715"/>
   <trkpt lat="40.391948" lon="-8.201909"/>
   <trkpt lat="40.392022" lon="-8.202071"/>
   <trkpt lat="40.392099" lon="-8.202238"/>
   <trkpt lat="40.392552" lon="-8.203614"/>
   <trkpt lat="40.392727" lon="-8.204148"/>
   <trkpt lat="40.392877" lon="-8.204602"/>
   <trkpt lat="40.393634" lon="-8.206714"/>
   <trkpt lat="40.393668" lon="-8.206799"/>
   <trkpt lat="40.393954" lon="-8.207377"/>
   <trkpt lat="40.394256" lon="-8.207785"/>
   <trkpt lat="40.394991" lon="-8.208697"/>
   <trkpt lat="40.396952" lon="-8.211045"/>
   <trkpt lat="40.39707" lon="-8.211186"/>
   <trkpt lat="40.397675" lon="-8.211907"/>
   <trkpt lat="40.397777" lon="-8.21203"/>
   <trkpt lat="40.399218" lon="-8.21375"/>
   <trkpt lat="40.399218" lon="-8.21375"/>
   <trkpt lat="40.399385" lon="-8.213949"/>
   <trkpt lat="40.399568" lon="-8.214115"/>
   <trkpt lat="40.399625" lon="-8.214144"/>
   <trkpt lat="40.39967" lon="-8.214151"/>
   <trkpt lat="40.399715" lon="-8.214158"/>
   <trkpt lat="40.399758" lon="-8.214136"/>
   <trkpt lat="40.399796" lon="-8.214061"/>
   <trkpt lat="40.399828" lon="-8.21398"/>
   <trkpt lat="40.400138" lon="-8.212628"/>
   <trkpt lat="40.400328" lon="-8.211577"/>
   <trkpt lat="40.400564" lon="-8.210446"/>
   <trkpt lat="40.400643" lon="-8.210149"/>
   <trkpt lat="40.400722" lon="-8.209922"/>
   <trkpt lat="40.400904" lon="-8.209534"/>
   <trkpt lat="40.401221" lon="-8.209054"/>
   <trkpt lat="40.401753" lon="-8.208387"/>
   <trkpt lat="40.402056" lon="-8.207995"/>
   <trkpt lat="40.402056" lon="-8.207995"/>
   <trkpt lat="40.402579" lon="-8.207321"/>
   <trkpt lat="40.402919" lon="-8.207758"/>
   <trkpt lat="40.402927" lon="-8.207769"/>
   <trkpt lat="40.403137" lon="-8.208069"/>
   <trkpt lat="40.403346" lon="-8.208568"/>
   <trkpt lat="40.403521" lon="-8.209062"/>
   <trkpt lat="40.403642" lon="-8.209338"/>
   <trkpt lat="40.403766" lon="-8.209526"/>
   <trkpt lat="40.40396" lon="-8.209751"/>
   <trkpt lat="40.405014" lon="-8.210808"/>
   <trkpt lat="40.405962" lon="-8.21179"/>
   <trkpt lat="40.406576" lon="-8.212413"/>
   <trkpt lat="40.407187" lon="-8.213034"/>
   <trkpt lat="40.407607" lon="-8.213479"/>
   <trkpt lat="40.4077" lon="-8.213579"/>
   <trkpt lat="40.407853" lon="-8.213714"/>
   <trkpt lat="40.408023" lon="-8.213828"/>
   <trkpt lat="40.408778" lon="-8.214187"/>
   <trkpt lat="40.40883" lon="-8.214228"/>
   <trkpt lat="40.40883" lon="-8.214228"/>
   <trkpt lat="40.408956" lon="-8.214327"/>
   <trkpt lat="40.409865" lon="-8.215309"/>
   <trkpt lat="40.409916" lon="-8.215374"/>
   <trkpt lat="40.409974" lon="-8.215449"/>
   <trkpt lat="40.410088" lon="-8.215595"/>
   <trkpt lat="40.4103" lon="-8.21538"/>
   <trkpt lat="40.410396" lon="-8.215294"/>
   <trkpt lat="40.410469" lon="-8.215274"/>
   <trkpt lat="40.410544" lon="-8.215274"/>
   <trkpt lat="40.410837" lon="-8.215512"/>
   <trkpt lat="40.411185" lon="-8.215815"/>
   <trkpt lat="40.411599" lon="-8.216176"/>
   <trkpt lat="40.412085" lon="-8.216545"/>
   <trkpt lat="40.41255" lon="-8.216929"/>
   <trkpt lat="40.41255" lon="-8.216929"/>
   <trkpt lat="40.412605" lon="-8.216974"/>
   <trkpt lat="40.413026" lon="-8.217343"/>
   <trkpt lat="40.413159" lon="-8.217611"/>
   <trkpt lat="40.413251" lon="-8.217463"/>
   <trkpt lat="40.413418" lon="-8.217014"/>
   <trkpt lat="40.413504" lon="-8.216808"/>
   <trkpt lat="40.413972" lon="-8.215853"/>
   <trkpt lat="40.414032" lon="-8.215756"/>
   <trkpt lat="40.414135" lon="-8.215591"/>
   <trkpt lat="40.41465" lon="-8.21497"/>
   <trkpt lat="40.414946" lon="-8.21463"/>
   <trkpt lat="40.415175" lon="-8.214376"/>
   <trkpt lat="40.41533" lon="-8.214226"/>
   <trkpt lat="40.415495" lon="-8.214099"/>
   <trkpt lat="40.415764" lon="-8.213979"/>
   <trkpt lat="40.415989" lon="-8.213877"/>
   <trkpt lat="40.416649" lon="-8.213582"/>
   <trkpt lat="40.417121" lon="-8.21337"/>
   <trkpt lat="40.417872" lon="-8.213013"/>
   <trkpt lat="40.418213" lon="-8.212829"/>
   <trkpt lat="40.418448" lon="-8.212688"/>
   <trkpt lat="40.418677" lon="-8.212506"/>
   <trkpt lat="40.418881" lon="-8.212321"/>
   <trkpt lat="40.419017" lon="-8.212171"/>
   <trkpt lat="40.419017" lon="-8.212172"/>
   <trkpt lat="40.419388" lon="-8.211765"/>
   <trkpt lat="40.4196" lon="-8.211551"/>
   <trkpt lat="40.4198" lon="-8.211398"/>
   <trkpt lat="40.420145" lon="-8.211207"/>
   <trkpt lat="40.421011" lon="-8.210797"/>
   <trkpt lat="40.421233" lon="-8.21071"/>
   <trkpt lat="40.421448" lon="-8.210655"/>
   <trkpt lat="40.42163" lon="-8.210623"/>
   <trkpt lat="40.421838" lon="-8.210644"/>
   <trkpt lat="40.42232" lon="-8.210743"/>
   <trkpt lat="40.422461" lon="-8.210802"/>
   <trkpt lat="40.422642" lon="-8.210948"/>
   <trkpt lat="40.422779" lon="-8.211135"/>
   <trkpt lat="40.42292" lon="-8.211433"/>
   <trkpt lat="40.423043" lon="-8.21165"/>
   <trkpt lat="40.423149" lon="-8.211779"/>
   <trkpt lat="40.423304" lon="-8.211883"/>
   <trkpt lat="40.423757" lon="-8.212095"/>
   <trkpt lat="40.423836" lon="-8.21211"/>
   <trkpt lat="40.423886" lon="-8.212119"/>
   <trkpt lat="40.424027" lon="-8.21209"/>
   <trkpt lat="40.424129" lon="-8.212018"/>
   <trkpt lat="40.424245" lon="-8.211906"/>
   <trkpt lat="40.424941" lon="-8.210843"/>
   <trkpt lat="40.425013" lon="-8.210729"/>
   <trkpt lat="40.42529" lon="-8.210286"/>
   <trkpt lat="40.42536" lon="-8.210202"/>
   <trkpt lat="40.425438" lon="-8.210108"/>
   <trkpt lat="40.425597" lon="-8.209967"/>
   <trkpt lat="40.425783" lon="-8.209815"/>
   <trkpt lat="40.426034" lon="-8.209657"/>
   <trkpt lat="40.426261" lon="-8.209574"/>
   <trkpt lat="40.426432" lon="-8.209542"/>
   <trkpt lat="40.42655" lon="-8.209546"/>
   <trkpt lat="40.426679" lon="-8.20959"/>
   <trkpt lat="40.426804" lon="-8.209663"/>
   <trkpt lat="40.427347" lon="-8.21014"/>
   <trkpt lat="40.427543" lon="-8.210184"/>
   <trkpt lat="40.427698" lon="-8.210132"/>
   <trkpt lat="40.427847" lon="-8.210019"/>
   <trkpt lat="40.427992" lon="-8.209822"/>
   <trkpt lat="40.428968" lon="-8.208488"/>
   <trkpt lat="40.429821" lon="-8.207326"/>
   <trkpt lat="40.430487" lon="-8.206414"/>
   <trkpt lat="40.430691" lon="-8.206206"/>
   <trkpt lat="40.430901" lon="-8.206079"/>
   <trkpt lat="40.431685" lon="-8.205682"/>
   <trkpt lat="40.431939" lon="-8.205535"/>
   <trkpt lat="40.432073" lon="-8.205406"/>
   <trkpt lat="40.432216" lon="-8.205227"/>
   <trkpt lat="40.432404" lon="-8.204954"/>
   <trkpt lat="40.432512" lon="-8.204856"/>
   <trkpt lat="40.432649" lon="-8.204784"/>
   <trkpt lat="40.432817" lon="-8.204781"/>
   <trkpt lat="40.433966" lon="-8.20492"/>
   <trkpt lat="40.434125" lon="-8.204864"/>
   <trkpt lat="40.434233" lon="-8.204754"/>
   <trkpt lat="40.434313" lon="-8.204607"/>
   <trkpt lat="40.434383" lon="-8.204391"/>
   <trkpt lat="40.434383" lon="-8.204391"/>
   <trkpt lat="40.434699" lon="-8.203417"/>
   <trkpt lat="40.434825" lon="-8.203032"/>
   <trkpt lat="40.434927" lon="-8.202777"/>
   <trkpt lat="40.435023" lon="-8.202619"/>
   <trkpt lat="40.435117" lon="-8.202472"/>
   <trkpt lat="40.435266" lon="-8.202372"/>
   <trkpt lat="40.435973" lon="-8.202045"/>
   <trkpt lat="40.436124" lon="-8.201907"/>
   <trkpt lat="40.436285" lon="-8.20168"/>
   <trkpt lat="40.436438" lon="-8.201449"/>
   <trkpt lat="40.436555" lon="-8.201361"/>
   <trkpt lat="40.43671" lon="-8.20127"/>
   <trkpt lat="40.438039" lon="-8.200956"/>
   <trkpt lat="40.438488" lon="-8.200836"/>
   <trkpt lat="40.43862" lon="-8.200736"/>
   <trkpt lat="40.438702" lon="-8.200578"/>
   <trkpt lat="40.438753" lon="-8.200402"/>
   <trkpt lat="40.438749" lon="-8.200217"/>
   <trkpt lat="40.43871" lon="-8.20006"/>
   <trkpt lat="40.438629" lon="-8.199926"/>
   <trkpt lat="40.438547" lon="-8.199749"/>
   <trkpt lat="40.438522" lon="-8.199611"/>
   <trkpt lat="40.43853" lon="-8.199493"/>
   <trkpt lat="40.43857" lon="-8.199384"/>
   <trkpt lat="40.438682" lon="-8.199232"/>
   <trkpt lat="40.438859" lon="-8.199095"/>
   <trkpt lat="40.438876" lon="-8.199083"/>
   <trkpt lat="40.438935" lon="-8.199039"/>
   <trkpt lat="40.439047" lon="-8.199065"/>
   <trkpt lat="40.439355" lon="-8.199012"/>
   <trkpt lat="40.439441" lon="-8.199038"/>
   <trkpt lat="40.439498" lon="-8.199121"/>
   <trkpt lat="40.439617" lon="-8.199529"/>
   <trkpt lat="40.4397" lon="-8.199605"/>
   <trkpt lat="40.439794" lon="-8.19962"/>
   <trkpt lat="40.440525" lon="-8.199572"/>
   <trkpt lat="40.440654" lon="-8.199502"/>
   <trkpt lat="40.440833" lon="-8.199339"/>
   <trkpt lat="40.440946" lon="-8.199282"/>
   <trkpt lat="40.441089" lon="-8.19926"/>
   <trkpt lat="40.441089" lon="-8.19926"/>
   <trkpt lat="40.441093" lon="-8.199259"/>
   <trkpt lat="40.441207" lon="-8.199275"/>
   <trkpt lat="40.441293" lon="-8.199349"/>
   <trkpt lat="40.441685" lon="-8.199789"/>
   <trkpt lat="40.441779" lon="-8.199956"/>
   <trkpt lat="40.441826" lon="-8.200074"/>
   <trkpt lat="40.441844" lon="-8.200119"/>
   <trkpt lat="40.441885" lon="-8.200312"/>
   <trkpt lat="40.441974" lon="-8.200873"/>
   <trkpt lat="40.44204" lon="-8.201069"/>
   <trkpt lat="40.442142" lon="-8.201273"/>
   <trkpt lat="40.442405" lon="-8.201734"/>
   <trkpt lat="40.442734" lon="-8.202525"/>
   <trkpt lat="40.443118" lon="-8.203322"/>
   <trkpt lat="40.443207" lon="-8.203662"/>
   <trkpt lat="40.443201" lon="-8.203791"/>
   <trkpt lat="40.443156" lon="-8.203939"/>
   <trkpt lat="40.442873" lon="-8.204499"/>
   <trkpt lat="40.442809" lon="-8.20466"/>
   <trkpt lat="40.442785" lon="-8.204918"/>
   <trkpt lat="40.44282" lon="-8.205129"/>
   <trkpt lat="40.442864" lon="-8.205221"/>
   <trkpt lat="40.442938" lon="-8.205296"/>
   <trkpt lat="40.443046" lon="-8.20532"/>
   <trkpt lat="40.443168" lon="-8.20528"/>
   <trkpt lat="40.443705" lon="-8.204964"/>
   <trkpt lat="40.443852" lon="-8.204846"/>
   <trkpt lat="40.443993" lon="-8.204717"/>
   <trkpt lat="40.44411" lon="-8.204698"/>
   <trkpt lat="40.444291" lon="-8.204743"/>
   <trkpt lat="40.444402" lon="-8.204795"/>
   <trkpt lat="40.444426" lon="-8.204838"/>
   <trkpt lat="40.444444" lon="-8.204872"/>
   <trkpt lat="40.444438" lon="-8.204971"/>
   <trkpt lat="40.444395" lon="-8.20506"/>
   <trkpt lat="40.444269" lon="-8.205197"/>
   <trkpt lat="40.4442" lon="-8.205325"/>
   <trkpt lat="40.444128" lon="-8.20562"/>
   <trkpt lat="40.443961" lon="-8.205937"/>
   <trkpt lat="40.44394" lon="-8.206058"/>
   <trkpt lat="40.443959" lon="-8.206224"/>
   <trkpt lat="40.443995" lon="-8.20635"/>
   <trkpt lat="40.444298" lon="-8.206851"/>
   <trkpt lat="40.444577" lon="-8.207425"/>
   <trkpt lat="40.444661" lon="-8.207625"/>
   <trkpt lat="40.444828" lon="-8.208021"/>
   <trkpt lat="40.444881" lon="-8.208289"/>
   <trkpt lat="40.444955" lon="-8.20926"/>
   <trkpt lat="40.444936" lon="-8.209475"/>
   <trkpt lat="40.444906" lon="-8.209606"/>
   <trkpt lat="40.444732" lon="-8.209982"/>
   <trkpt lat="40.444667" lon="-8.210266"/>
   <trkpt lat="40.444659" lon="-8.210464"/>
   <trkpt lat="40.444689" lon="-8.210711"/>
   <trkpt lat="40.444822" lon="-8.211224"/>
   <trkpt lat="40.444833" lon="-8.21133"/>
   <trkpt lat="40.444842" lon="-8.211417"/>
   <trkpt lat="40.444828" lon="-8.211562"/>
   <trkpt lat="40.444746" lon="-8.211937"/>
   <trkpt lat="40.444763" lon="-8.212227"/>
   <trkpt lat="40.444828" lon="-8.212484"/>
   <trkpt lat="40.444912" lon="-8.21276"/>
   <trkpt lat="40.445036" lon="-8.213085"/>
   <trkpt lat="40.445065" lon="-8.213235"/>
   <trkpt lat="40.445059" lon="-8.213375"/>
   <trkpt lat="40.444967" lon="-8.213761"/>
   <trkpt lat="40.444938" lon="-8.21433"/>
   <trkpt lat="40.444898" lon="-8.214547"/>
   <trkpt lat="40.444706" lon="-8.215209"/>
   <trkpt lat="40.444655" lon="-8.21588"/>
   <trkpt lat="40.444704" lon="-8.216108"/>
   <trkpt lat="40.444891" lon="-8.217124"/>
   <trkpt lat="40.444926" lon="-8.217449"/>
   <trkpt lat="40.445115" lon="-8.218114"/>
   <trkpt lat="40.445115" lon="-8.218114"/>
   <trkpt lat="40.445183" lon="-8.218353"/>
   <trkpt lat="40.4452" lon="-8.218592"/>
   <trkpt lat="40.445157" lon="-8.218785"/>
   <trkpt lat="40.4451" lon="-8.218938"/>
   <trkpt lat="40.445018" lon="-8.219096"/>
   <trkpt lat="40.444926" lon="-8.219208"/>
   <trkpt lat="40.4447" lon="-8.219326"/>
   <trkpt lat="40.444614" lon="-8.219383"/>
   <trkpt lat="40.444581" lon="-8.219493"/>
   <trkpt lat="40.444573" lon="-8.219622"/>
   <trkpt lat="40.44462" lon="-8.220067"/>
   <trkpt lat="40.444606" lon="-8.220383"/>
   <trkpt lat="40.444512" lon="-8.220689"/>
   <trkpt lat="40.444438" lon="-8.220848"/>
   <trkpt lat="40.444169" lon="-8.221081"/>
   <trkpt lat="40.444036" lon="-8.221137"/>
   <trkpt lat="40.443558" lon="-8.22126"/>
   <trkpt lat="40.443453" lon="-8.221297"/>
   <trkpt lat="40.443453" lon="-8.221297"/>
   <trkpt lat="40.443205" lon="-8.221384"/>
   <trkpt lat="40.443077" lon="-8.221405"/>
   <trkpt lat="40.442607" lon="-8.2214"/>
   <trkpt lat="40.442528" lon="-8.221365"/>
   <trkpt lat="40.442477" lon="-8.221298"/>
   <trkpt lat="40.44244" lon="-8.221076"/>
   <trkpt lat="40.442399" lon="-8.221022"/>
   <trkpt lat="40.442334" lon="-8.221019"/>
   <trkpt lat="40.442254" lon="-8.221102"/>
   <trkpt lat="40.442152" lon="-8.221293"/>
   <trkpt lat="40.442097" lon="-8.221454"/>
   <trkpt lat="40.442033" lon="-8.221696"/>
   <trkpt lat="40.442033" lon="-8.221696"/>
   <trkpt lat="40.441999" lon="-8.221826"/>
   <trkpt lat="40.441905" lon="-8.22195"/>
   <trkpt lat="40.441795" lon="-8.222073"/>
   <trkpt lat="40.441589" lon="-8.222253"/>
   <trkpt lat="40.441526" lon="-8.222338"/>
   <trkpt lat="40.441519" lon="-8.222399"/>
   <trkpt lat="40.441326" lon="-8.222386"/>
   <trkpt lat="40.441238" lon="-8.222398"/>
   <trkpt lat="40.441137" lon="-8.222417"/>
   <trkpt lat="40.441035" lon="-8.222485"/>
   <trkpt lat="40.440873" lon="-8.222642"/>
   <trkpt lat="40.440802" lon="-8.222808"/>
   <trkpt lat="40.440792" lon="-8.222973"/>
   <trkpt lat="40.440807" lon="-8.223296"/>
   <trkpt lat="40.440755" lon="-8.223423"/>
   <trkpt lat="40.440671" lon="-8.223507"/>
   <trkpt lat="40.439836" lon="-8.22361"/>
   <trkpt lat="40.439268" lon="-8.223899"/>
   <trkpt lat="40.438904" lon="-8.224099"/>
   <trkpt lat="40.438904" lon="-8.224099"/>
   <trkpt lat="40.438635" lon="-8.224246"/>
   <trkpt lat="40.438525" lon="-8.224316"/>
   <trkpt lat="40.438447" lon="-8.224391"/>
   <trkpt lat="40.437532" lon="-8.225321"/>
   <trkpt lat="40.437032" lon="-8.226047"/>
   <trkpt lat="40.436844" lon="-8.226335"/>
   <trkpt lat="40.436791" lon="-8.226416"/>
   <trkpt lat="40.436463" lon="-8.226918"/>
   <trkpt lat="40.43638" lon="-8.22704"/>
   <trkpt lat="40.436158" lon="-8.227364"/>
   <trkpt lat="40.435561" lon="-8.228087"/>
   <trkpt lat="40.435456" lon="-8.228186"/>
   <trkpt lat="40.435351" lon="-8.228248"/>
   <trkpt lat="40.435259" lon="-8.228293"/>
   <trkpt lat="40.435136" lon="-8.228223"/>
   <trkpt lat="40.434173" lon="-8.22791"/>
   <trkpt lat="40.43384" lon="-8.227813"/>
   <trkpt lat="40.433638" lon="-8.227787"/>
   <trkpt lat="40.433458" lon="-8.227805"/>
   <trkpt lat="40.433225" lon="-8.227849"/>
   <trkpt lat="40.432916" lon="-8.227911"/>
   <trkpt lat="40.430559" lon="-8.228385"/>
   <trkpt lat="40.430369" lon="-8.228437"/>
   <trkpt lat="40.430014" lon="-8.22856"/>
   <trkpt lat="40.429835" lon="-8.228648"/>
   <trkpt lat="40.429835" lon="-8.228648"/>
   <trkpt lat="40.42958" lon="-8.228773"/>
   <trkpt lat="40.428672" lon="-8.229285"/>
   <trkpt lat="40.428436" lon="-8.229418"/>
   <trkpt lat="40.428207" lon="-8.229514"/>
   <trkpt lat="40.427978" lon="-8.229565"/>
   <trkpt lat="40.426716" lon="-8.229806"/>
   <trkpt lat="40.42619" lon="-8.229906"/>
   <trkpt lat="40.425911" lon="-8.22996"/>
   <trkpt lat="40.425662" lon="-8.230007"/>
   <trkpt lat="40.425385" lon="-8.23006"/>
   <trkpt lat="40.425283" lon="-8.23008"/>
   <trkpt lat="40.424751" lon="-8.230231"/>
   <trkpt lat="40.4245" lon="-8.230303"/>
   <trkpt lat="40.424135" lon="-8.230408"/>
   <trkpt lat="40.423702" lon="-8.230532"/>
   <trkpt lat="40.423049" lon="-8.230657"/>
   <trkpt lat="40.422637" lon="-8.230697"/>
   <trkpt lat="40.42054" lon="-8.230862"/>
   <trkpt lat="40.420454" lon="-8.230851"/>
   <trkpt lat="40.420354" lon="-8.230831"/>
   <trkpt lat="40.418839" lon="-8.230115"/>
   <trkpt lat="40.418839" lon="-8.230115"/>
   <trkpt lat="40.417848" lon="-8.229647"/>
   <trkpt lat="40.417641" lon="-8.229507"/>
   <trkpt lat="40.416401" lon="-8.228525"/>
   <trkpt lat="40.415939" lon="-8.22817"/>
   <trkpt lat="40.415747" lon="-8.228035"/>
   <trkpt lat="40.414608" lon="-8.227464"/>
   <trkpt lat="40.414164" lon="-8.227093"/>
   <trkpt lat="40.414055" lon="-8.227003"/>
   <trkpt lat="40.414055" lon="-8.227003"/>
   <trkpt lat="40.413897" lon="-8.226872"/>
   <trkpt lat="40.41375" lon="-8.226758"/>
   <trkpt lat="40.413581" lon="-8.226659"/>
   <trkpt lat="40.413468" lon="-8.226603"/>
   <trkpt lat="40.412594" lon="-8.2264"/>
   <trkpt lat="40.412331" lon="-8.226325"/>
   <trkpt lat="40.411613" lon="-8.225958"/>
   <trkpt lat="40.411544" lon="-8.225913"/>
   <trkpt lat="40.41112" lon="-8.225533"/>
   <trkpt lat="40.410302" lon="-8.22479"/>
   <trkpt lat="40.409796" lon="-8.224436"/>
   <trkpt lat="40.408912" lon="-8.223675"/>
   <trkpt lat="40.408366" lon="-8.223213"/>
   <trkpt lat="40.408232" lon="-8.223155"/>
   <trkpt lat="40.408097" lon="-8.223128"/>
   <trkpt lat="40.408024" lon="-8.223124"/>
   <trkpt lat="40.406822" lon="-8.223074"/>
   <trkpt lat="40.40626" lon="-8.223116"/>
   <trkpt lat="40.40626" lon="-8.223116"/>
   <trkpt lat="40.405765" lon="-8.223153"/>
   <trkpt lat="40.404119" lon="-8.223275"/>
   <trkpt lat="40.404017" lon="-8.223279"/>
   <trkpt lat="40.403842" lon="-8.223325"/>
   <trkpt lat="40.403671" lon="-8.223401"/>
   <trkpt lat="40.403003" lon="-8.223761"/>
   <trkpt lat="40.402676" lon="-8.22393"/>
   <trkpt lat="40.402569" lon="-8.224058"/>
   <trkpt lat="40.40254" lon="-8.224114"/>
   <trkpt lat="40.402506" lon="-8.224182"/>
   <trkpt lat="40.402503" lon="-8.22421"/>
   <trkpt lat="40.402489" lon="-8.224258"/>
   <trkpt lat="40.402467" lon="-8.2243"/>
   <trkpt lat="40.402438" lon="-8.224333"/>
   <trkpt lat="40.402403" lon="-8.224357"/>
   <trkpt lat="40.402366" lon="-8.224371"/>
   <trkpt lat="40.402327" lon="-8.224372"/>
   <trkpt lat="40.402281" lon="-8.224356"/>
   <trkpt lat="40.40224" lon="-8.224325"/>
   <trkpt lat="40.402179" lon="-8.224318"/>
   <trkpt lat="40.402077" lon="-8.224313"/>
   <trkpt lat="40.401969" lon="-8.224311"/>
   <trkpt lat="40.401545" lon="-8.224548"/>
   <trkpt lat="40.401128" lon="-8.224778"/>
   <trkpt lat="40.40052" lon="-8.225114"/>
   <trkpt lat="40.400446" lon="-8.225161"/>
   <trkpt lat="40.400326" lon="-8.225251"/>
   <trkpt lat="40.400197" lon="-8.225376"/>
   <trkpt lat="40.400068" lon="-8.225538"/>
   <trkpt lat="40.400068" lon="-8.225538"/>
   <trkpt lat="40.39918" lon="-8.226656"/>
   <trkpt lat="40.39916" lon="-8.226687"/>
   <trkpt lat="40.399066" lon="-8.226856"/>
   <trkpt lat="40.399084" lon="-8.226871"/>
   <trkpt lat="40.399096" lon="-8.226893"/>
   <trkpt lat="40.399103" lon="-8.226919"/>
   <trkpt lat="40.399102" lon="-8.226946"/>
   <trkpt lat="40.399095" lon="-8.226972"/>
   <trkpt lat="40.399082" lon="-8.226992"/>
   <trkpt lat="40.399065" lon="-8.227005"/>
   <trkpt lat="40.399046" lon="-8.227011"/>
   <trkpt lat="40.399026" lon="-8.227009"/>
   <trkpt lat="40.399008" lon="-8.226998"/>
   <trkpt lat="40.398993" lon="-8.226981"/>
   <trkpt lat="40.398984" lon="-8.226958"/>
   <trkpt lat="40.398865" lon="-8.22713"/>
   <trkpt lat="40.398208" lon="-8.228141"/>
   <trkpt lat="40.398208" lon="-8.228141"/>
   <trkpt lat="40.397942" lon="-8.22855"/>
   <trkpt lat="40.397772" lon="-8.228808"/>
   <trkpt lat="40.397642" lon="-8.229001"/>
   <trkpt lat="40.397572" lon="-8.229105"/>
   <trkpt lat="40.397441" lon="-8.229304"/>
   <trkpt lat="40.397378" lon="-8.229447"/>
   <trkpt lat="40.397358" lon="-8.229555"/>
   <trkpt lat="40.397151" lon="-8.230678"/>
   <trkpt lat="40.3971" lon="-8.23094"/>
   <trkpt lat="40.39709" lon="-8.230978"/>
   <trkpt lat="40.39709" lon="-8.230978"/>
   <trkpt lat="40.397084" lon="-8.231001"/>
   <trkpt lat="40.397047" lon="-8.231136"/>
   <trkpt lat="40.396893" lon="-8.231557"/>
   <trkpt lat="40.396852" lon="-8.231673"/>
   <trkpt lat="40.396557" lon="-8.232256"/>
   <trkpt lat="40.39657" lon="-8.232275"/>
   <trkpt lat="40.396577" lon="-8.232299"/>
   <trkpt lat="40.396579" lon="-8.232324"/>
   <trkpt lat="40.396575" lon="-8.232349"/>
   <trkpt lat="40.396564" lon="-8.232371"/>
   <trkpt lat="40.397228" lon="-8.233035"/>
   <trkpt lat="40.397789" lon="-8.233577"/>
   <trkpt lat="40.397789" lon="-8.233577"/>
   <trkpt lat="40.398519" lon="-8.234282"/>
   <trkpt lat="40.3996" lon="-8.235327"/>
   <trkpt lat="40.3996" lon="-8.235327"/>
   <trkpt lat="40.400435" lon="-8.236134"/>
   <trkpt lat="40.400627" lon="-8.235463"/>
   <trkpt lat="40.400685" lon="-8.235267"/>
   <trkpt lat="40.40074" lon="-8.235105"/>
   <trkpt lat="40.400743" lon="-8.235096"/>
   <trkpt lat="40.40074" lon="-8.235105"/>
   <trkpt lat="40.400792" lon="-8.235053"/>
   <trkpt lat="40.400843" lon="-8.235002"/>
   <trkpt lat="40.400856" lon="-8.234963"/>
   <trkpt lat="40.400879" lon="-8.234931"/>
   <trkpt lat="40.400908" lon="-8.234911"/>
   <trkpt lat="40.400974" lon="-8.234831"/>
   <trkpt lat="40.401046" lon="-8.234778"/>
   <trkpt lat="40.401143" lon="-8.234735"/>
   <trkpt lat="40.401258" lon="-8.234717"/>
   <trkpt lat="40.401395" lon="-8.234703"/>
   <trkpt lat="40.401554" lon="-8.234712"/>
   <trkpt lat="40.401712" lon="-8.234754"/>
   <trkpt lat="40.401836" lon="-8.2348"/>
   <trkpt lat="40.401968" lon="-8.234889"/>
   <trkpt lat="40.401968" lon="-8.234889"/>
   <trkpt lat="40.402147" lon="-8.235009"/>
   <trkpt lat="40.402388" lon="-8.235217"/>
   <trkpt lat="40.402531" lon="-8.235412"/>
   <trkpt lat="40.402616" lon="-8.235642"/>
   <trkpt lat="40.402633" lon="-8.235814"/>
   <trkpt lat="40.402588" lon="-8.23602"/>
   <trkpt lat="40.402522" lon="-8.2362"/>
   <trkpt lat="40.402159" lon="-8.237035"/>
   <trkpt lat="40.402159" lon="-8.237035"/>
   <trkpt lat="40.401926" lon="-8.23757"/>
   <trkpt lat="40.401887" lon="-8.237808"/>
   <trkpt lat="40.401919" lon="-8.237857"/>
   <trkpt lat="40.401938" lon="-8.237917"/>
   <trkpt lat="40.401944" lon="-8.237981"/>
   <trkpt lat="40.401935" lon="-8.238045"/>
   <trkpt lat="40.401913" lon="-8.238103"/>
   <trkpt lat="40.401891" lon="-8.238135"/>
   <trkpt lat="40.401865" lon="-8.238162"/>
   <trkpt lat="40.40182" lon="-8.238188"/>
   <trkpt lat="40.401771" lon="-8.238195"/>
   <trkpt lat="40.401722" lon="-8.238184"/>
   <trkpt lat="40.401678" lon="-8.238154"/>
   <trkpt lat="40.401646" lon="-8.238115"/>
   <trkpt lat="40.401622" lon="-8.238066"/>
   <trkpt lat="40.401609" lon="-8.238011"/>
   <trkpt lat="40.401535" lon="-8.237907"/>
   <trkpt lat="40.401383" lon="-8.237817"/>
   <trkpt lat="40.401203" lon="-8.237793"/>
   <trkpt lat="40.401042" lon="-8.237869"/>
   <trkpt lat="40.400778" lon="-8.238265"/>
   <trkpt lat="40.400374" lon="-8.239046"/>
   <trkpt lat="40.400096" lon="-8.239636"/>
   <trkpt lat="40.400096" lon="-8.239636"/>
   <trkpt lat="40.399243" lon="-8.241448"/>
   <trkpt lat="40.398698" lon="-8.242606"/>
   <trkpt lat="40.398451" lon="-8.243124"/>
   <trkpt lat="40.398314" lon="-8.243415"/>
   <trkpt lat="40.397271" lon="-8.24563"/>
   <trkpt lat="40.397271" lon="-8.24563"/>
   <trkpt lat="40.39655" lon="-8.247159"/>
   <trkpt lat="40.396209" lon="-8.247884"/>
   <trkpt lat="40.396176" lon="-8.247954"/>
   <trkpt lat="40.396034" lon="-8.248259"/>
   <trkpt lat="40.395637" lon="-8.249108"/>
   <trkpt lat="40.394805" lon="-8.250891"/>
   <trkpt lat="40.39434" lon="-8.251858"/>
   <trkpt lat="40.394067" lon="-8.252478"/>
   <trkpt lat="40.393839" lon="-8.253151"/>
   <trkpt lat="40.393712" lon="-8.253693"/>
   <trkpt lat="40.393687" lon="-8.253853"/>
   <trkpt lat="40.393649" lon="-8.25419"/>
   <trkpt lat="40.393716" lon="-8.254568"/>
   <trkpt lat="40.39379" lon="-8.254969"/>
   <trkpt lat="40.393877" lon="-8.255267"/>
   <trkpt lat="40.393885" lon="-8.255287"/>
   <trkpt lat="40.393885" lon="-8.255287"/>
   <trkpt lat="40.393965" lon="-8.255482"/>
   <trkpt lat="40.394092" lon="-8.255746"/>
   <trkpt lat="40.394312" lon="-8.256082"/>
   <trkpt lat="40.394489" lon="-8.256285"/>
   <trkpt lat="40.394591" lon="-8.256375"/>
   <trkpt lat="40.39464" lon="-8.256419"/>
   <trkpt lat="40.394692" lon="-8.256459"/>
   <trkpt lat="40.394722" lon="-8.256472"/>
   <trkpt lat="40.394753" lon="-8.256475"/>
   <trkpt lat="40.394799" lon="-8.256477"/>
   <trkpt lat="40.39483" lon="-8.256484"/>
   <trkpt lat="40.394859" lon="-8.256498"/>
   <trkpt lat="40.394885" lon="-8.25652"/>
   <trkpt lat="40.394907" lon="-8.256548"/>
   <trkpt lat="40.394925" lon="-8.256581"/>
   <trkpt lat="40.394936" lon="-8.256619"/>
   <trkpt lat="40.394942" lon="-8.256659"/>
   <trkpt lat="40.394942" lon="-8.256699"/>
   <trkpt lat="40.394935" lon="-8.256739"/>
   <trkpt lat="40.394925" lon="-8.256769"/>
   <trkpt lat="40.394912" lon="-8.256796"/>
   <trkpt lat="40.394895" lon="-8.256821"/>
   <trkpt lat="40.394876" lon="-8.256841"/>
   <trkpt lat="40.394854" lon="-8.256857"/>
   <trkpt lat="40.394831" lon="-8.256868"/>
   <trkpt lat="40.394807" lon="-8.256874"/>
   <trkpt lat="40.394782" lon="-8.256875"/>
   <trkpt lat="40.394757" lon="-8.25687"/>
   <trkpt lat="40.394736" lon="-8.256861"/>
   <trkpt lat="40.394716" lon="-8.256849"/>
   <trkpt lat="40.394697" lon="-8.256832"/>
   <trkpt lat="40.394681" lon="-8.256812"/>
   <trkpt lat="40.394667" lon="-8.256789"/>
   <trkpt lat="40.394655" lon="-8.256764"/>
   <trkpt lat="40.394647" lon="-8.256736"/>
   <trkpt lat="40.394642" lon="-8.256708"/>
   <trkpt lat="40.39464" lon="-8.256678"/>
   <trkpt lat="40.394641" lon="-8.256649"/>
   <trkpt lat="40.394514" lon="-8.2566"/>
   <trkpt lat="40.39391" lon="-8.256401"/>
   <trkpt lat="40.393722" lon="-8.256343"/>
   <trkpt lat="40.393609" lon="-8.25631"/>
   <trkpt lat="40.393609" lon="-8.25631"/>
   <trkpt lat="40.393293" lon="-8.256218"/>
   <trkpt lat="40.393284" lon="-8.256253"/>
   <trkpt lat="40.393269" lon="-8.256286"/>
   <trkpt lat="40.393251" lon="-8.256314"/>
   <trkpt lat="40.393228" lon="-8.256337"/>
   <trkpt lat="40.393203" lon="-8.256354"/>
   <trkpt lat="40.393175" lon="-8.256365"/>
   <trkpt lat="40.393147" lon="-8.256368"/>
   <trkpt lat="40.393119" lon="-8.256365"/>
   <trkpt lat="40.393091" lon="-8.256355"/>
   <trkpt lat="40.39307" lon="-8.256341"/>
   <trkpt lat="40.39305" lon="-8.256323"/>
   <trkpt lat="40.393033" lon="-8.256302"/>
   <trkpt lat="40.393019" lon="-8.256277"/>
   <trkpt lat="40.393008" lon="-8.25625"/>
   <trkpt lat="40.393" lon="-8.25622"/>
   <trkpt lat="40.392996" lon="-8.25619"/>
   <trkpt lat="40.392995" lon="-8.256158"/>
   <trkpt lat="40.392998" lon="-8.256128"/>
   <trkpt lat="40.392629" lon="-8.255972"/>
   <trkpt lat="40.392345" lon="-8.255879"/>
   <trkpt lat="40.392184" lon="-8.25582"/>
   <trkpt lat="40.39207" lon="-8.255779"/>
   <trkpt lat="40.391964" lon="-8.255734"/>
   <trkpt lat="40.391815" lon="-8.255672"/>
   <trkpt lat="40.391815" lon="-8.255672"/>
   <trkpt lat="40.391802" lon="-8.255666"/>
   <trkpt lat="40.391273" lon="-8.255405"/>
   <trkpt lat="40.391208" lon="-8.25537"/>
   <trkpt lat="40.391169" lon="-8.255349"/>
   <trkpt lat="40.391092" lon="-8.25532"/>
   <trkpt lat="40.391083" lon="-8.255346"/>
   <trkpt lat="40.391069" lon="-8.255366"/>
   <trkpt lat="40.391052" lon="-8.255381"/>
   <trkpt lat="40.391031" lon="-8.255388"/>
   <trkpt lat="40.39101" lon="-8.255386"/>
   <trkpt lat="40.390991" lon="-8.255377"/>
   <trkpt lat="40.390973" lon="-8.255359"/>
   <trkpt lat="40.390961" lon="-8.255335"/>
   <trkpt lat="40.390955" lon="-8.255307"/>
   <trkpt lat="40.390956" lon="-8.255278"/>
   <trkpt lat="40.390963" lon="-8.255254"/>
   <trkpt lat="40.390975" lon="-8.255232"/>
   <trkpt lat="40.390991" lon="-8.255216"/>
   <trkpt lat="40.39101" lon="-8.255207"/>
   <trkpt lat="40.39103" lon="-8.255205"/>
   <trkpt lat="40.391034" lon="-8.25513"/>
   <trkpt lat="40.391042" lon="-8.254989"/>
   <trkpt lat="40.391039" lon="-8.254931"/>
   <trkpt lat="40.391033" lon="-8.254789"/>
   <trkpt lat="40.390949" lon="-8.254165"/>
   <trkpt lat="40.390881" lon="-8.25358"/>
   <trkpt lat="40.39083" lon="-8.253172"/>
   <trkpt lat="40.390636" lon="-8.251598"/>
   <trkpt lat="40.39038" lon="-8.249697"/>
   <trkpt lat="40.390367" lon="-8.249611"/>
   <trkpt lat="40.390275" lon="-8.248871"/>
   <trkpt lat="40.390275" lon="-8.248871"/>
   <trkpt lat="40.390177" lon="-8.248085"/>
   <trkpt lat="40.390096" lon="-8.247467"/>
   <trkpt lat="40.389972" lon="-8.246519"/>
   <trkpt lat="40.389922" lon="-8.246385"/>
   <trkpt lat="40.389936" lon="-8.246239"/>
   <trkpt lat="40.389852" lon="-8.245593"/>
   <trkpt lat="40.389831" lon="-8.245437"/>
   <trkpt lat="40.389604" lon="-8.243666"/>
   <trkpt lat="40.389236" lon="-8.240804"/>
   <trkpt lat="40.389222" lon="-8.240701"/>
   <trkpt lat="40.389141" lon="-8.240411"/>
   <trkpt lat="40.389032" lon="-8.240181"/>
   <trkpt lat="40.38884" lon="-8.239954"/>
   <trkpt lat="40.38884" lon="-8.239954"/>
   <trkpt lat="40.38852" lon="-8.239574"/>
   <trkpt lat="40.388377" lon="-8.239348"/>
   <trkpt lat="40.388299" lon="-8.239166"/>
   <trkpt lat="40.388172" lon="-8.238589"/>
   <trkpt lat="40.388151" lon="-8.238384"/>
   <trkpt lat="40.388176" lon="-8.238179"/>
   <trkpt lat="40.388254" lon="-8.237937"/>
   <trkpt lat="40.388284" lon="-8.23784"/>
   <trkpt lat="40.388814" lon="-8.237033"/>
   <trkpt lat="40.389136" lon="-8.23664"/>
   <trkpt lat="40.389254" lon="-8.236496"/>
   <trkpt lat="40.389416" lon="-8.236298"/>
   <trkpt lat="40.389776" lon="-8.235901"/>
   <trkpt lat="40.389972" lon="-8.235678"/>
   <trkpt lat="40.389972" lon="-8.235678"/>
   <trkpt lat="40.390244" lon="-8.235368"/>
   <trkpt lat="40.390424" lon="-8.235272"/>
   <trkpt lat="40.391361" lon="-8.235001"/>
   <trkpt lat="40.391318" lon="-8.234944"/>
   <trkpt lat="40.391292" lon="-8.23491"/>
   <trkpt lat="40.391268" lon="-8.234874"/>
   <trkpt lat="40.391246" lon="-8.23484"/>
   <trkpt lat="40.391224" lon="-8.234805"/>
   <trkpt lat="40.390826" lon="-8.234144"/>
   <trkpt lat="40.390776" lon="-8.234061"/>
   <trkpt lat="40.390425" lon="-8.233477"/>
   <trkpt lat="40.390425" lon="-8.233477"/>
   <trkpt lat="40.390012" lon="-8.23279"/>
   <trkpt lat="40.389501" lon="-8.23183"/>
   <trkpt lat="40.389482" lon="-8.231795"/>
   <trkpt lat="40.389424" lon="-8.231703"/>
   <trkpt lat="40.389385" lon="-8.231644"/>
   <trkpt lat="40.389348" lon="-8.231599"/>
   <trkpt lat="40.389307" lon="-8.231561"/>
   <trkpt lat="40.38926" lon="-8.231534"/>
   <trkpt lat="40.389211" lon="-8.23152"/>
   <trkpt lat="40.389163" lon="-8.231514"/>
   <trkpt lat="40.389116" lon="-8.231523"/>
   <trkpt lat="40.389071" lon="-8.231543"/>
   <trkpt lat="40.389032" lon="-8.23157"/>
   <trkpt lat="40.388993" lon="-8.231608"/>
   <trkpt lat="40.388905" lon="-8.231703"/>
   <trkpt lat="40.388371" lon="-8.23227"/>
   <trkpt lat="40.388371" lon="-8.23227"/>
   <trkpt lat="40.38816" lon="-8.232494"/>
   <trkpt lat="40.388114" lon="-8.232542"/>
   <trkpt lat="40.388072" lon="-8.232588"/>
   <trkpt lat="40.38803" lon="-8.23264"/>
   <trkpt lat="40.387989" lon="-8.232691"/>
   <trkpt lat="40.387941" lon="-8.232747"/>
   <trkpt lat="40.387891" lon="-8.232794"/>
   <trkpt lat="40.387832" lon="-8.232833"/>
   <trkpt lat="40.387774" lon="-8.232859"/>
   <trkpt lat="40.38771" lon="-8.232878"/>
   <trkpt lat="40.387639" lon="-8.232889"/>
   <trkpt lat="40.387127" lon="-8.23294"/>
   <trkpt lat="40.387089" lon="-8.232943"/>
   <trkpt lat="40.387043" lon="-8.232946"/>
   <trkpt lat="40.386994" lon="-8.232948"/>
   <trkpt lat="40.386942" lon="-8.232942"/>
   <trkpt lat="40.386893" lon="-8.232932"/>
   <trkpt lat="40.386856" lon="-8.232923"/>
   <trkpt lat="40.386798" lon="-8.232906"/>
   <trkpt lat="40.386757" lon="-8.232893"/>
   <trkpt lat="40.38672" lon="-8.232879"/>
   <trkpt lat="40.38672" lon="-8.232879"/>
   <trkpt lat="40.386717" lon="-8.232878"/>
   <trkpt lat="40.386678" lon="-8.23286"/>
   <trkpt lat="40.386642" lon="-8.23284"/>
   <trkpt lat="40.38661" lon="-8.232818"/>
   <trkpt lat="40.386582" lon="-8.232795"/>
   <trkpt lat="40.386555" lon="-8.232769"/>
   <trkpt lat="40.386415" lon="-8.232612"/>
   <trkpt lat="40.386389" lon="-8.232586"/>
   <trkpt lat="40.386363" lon="-8.232565"/>
   <trkpt lat="40.386335" lon="-8.232551"/>
   <trkpt lat="40.386305" lon="-8.232546"/>
   <trkpt lat="40.386279" lon="-8.232552"/>
   <trkpt lat="40.386256" lon="-8.232567"/>
   <trkpt lat="40.386236" lon="-8.232588"/>
   <trkpt lat="40.386101" lon="-8.232839"/>
   <trkpt lat="40.386085" lon="-8.232865"/>
   <trkpt lat="40.386066" lon="-8.232886"/>
   <trkpt lat="40.38604" lon="-8.232904"/>
   <trkpt lat="40.386011" lon="-8.232913"/>
   <trkpt lat="40.385978" lon="-8.232918"/>
   <trkpt lat="40.385943" lon="-8.232916"/>
   <trkpt lat="40.385906" lon="-8.23291"/>
   <trkpt lat="40.385849" lon="-8.232895"/>
   <trkpt lat="40.38581" lon="-8.232883"/>
   <trkpt lat="40.385777" lon="-8.232868"/>
   <trkpt lat="40.385747" lon="-8.232849"/>
   <trkpt lat="40.38572" lon="-8.232827"/>
   <trkpt lat="40.385698" lon="-8.232801"/>
   <trkpt lat="40.38568" lon="-8.232773"/>
   <trkpt lat="40.385665" lon="-8.232741"/>
   <trkpt lat="40.385655" lon="-8.232698"/>
   <trkpt lat="40.385652" lon="-8.232657"/>
   <trkpt lat="40.38566" lon="-8.232618"/>
   <trkpt lat="40.385673" lon="-8.232589"/>
   <trkpt lat="40.385694" lon="-8.232562"/>
   <trkpt lat="40.38572" lon="-8.232538"/>
   <trkpt lat="40.385798" lon="-8.232466"/>
   <trkpt lat="40.38582" lon="-8.232443"/>
   <trkpt lat="40.38584" lon="-8.232416"/>
   <trkpt lat="40.385856" lon="-8.232385"/>
   <trkpt lat="40.385869" lon="-8.232345"/>
   <trkpt lat="40.385877" lon="-8.2323"/>
   <trkpt lat="40.385883" lon="-8.232248"/>
   <trkpt lat="40.385887" lon="-8.232193"/>
   <trkpt lat="40.385907" lon="-8.23188"/>
   <trkpt lat="40.385912" lon="-8.231836"/>
   <trkpt lat="40.385921" lon="-8.231795"/>
   <trkpt lat="40.385938" lon="-8.231757"/>
   <trkpt lat="40.385957" lon="-8.231727"/>
   <trkpt lat="40.385983" lon="-8.231704"/>
   <trkpt lat="40.386013" lon="-8.231691"/>
   <trkpt lat="40.386047" lon="-8.231686"/>
   <trkpt lat="40.386081" lon="-8.231686"/>
   <trkpt lat="40.38612" lon="-8.231693"/>
   <trkpt lat="40.386157" lon="-8.231707"/>
   <trkpt lat="40.38619" lon="-8.231724"/>
   <trkpt lat="40.386225" lon="-8.231748"/>
   <trkpt lat="40.38651" lon="-8.231961"/>
   <trkpt lat="40.386546" lon="-8.231983"/>
   <trkpt lat="40.386584" lon="-8.232001"/>
   <trkpt lat="40.386624" lon="-8.232014"/>
   <trkpt lat="40.386666" lon="-8.232021"/>
   <trkpt lat="40.386719" lon="-8.232023"/>
   <trkpt lat="40.386766" lon="-8.232019"/>
   <trkpt lat="40.386815" lon="-8.232011"/>
   <trkpt lat="40.386868" lon="-8.231995"/>
   <trkpt lat="40.386923" lon="-8.231976"/>
   <trkpt lat="40.386982" lon="-8.231949"/>
   <trkpt lat="40.387047" lon="-8.231915"/>
   <trkpt lat="40.387098" lon="-8.231885"/>
   <trkpt lat="40.387142" lon="-8.231854"/>
   <trkpt lat="40.387186" lon="-8.231819"/>
   <trkpt lat="40.387227" lon="-8.231781"/>
   <trkpt lat="40.387267" lon="-8.231736"/>
   <trkpt lat="40.387297" lon="-8.231696"/>
   <trkpt lat="40.387322" lon="-8.231662"/>
   <trkpt lat="40.387348" lon="-8.23162"/>
   <trkpt lat="40.387376" lon="-8.231565"/>
   <trkpt lat="40.387404" lon="-8.231506"/>
   <trkpt lat="40.38743" lon="-8.23144"/>
   <trkpt lat="40.387455" lon="-8.231366"/>
   <trkpt lat="40.387457" lon="-8.231359"/>
   <trkpt lat="40.387457" lon="-8.231359"/>
   <trkpt lat="40.38748" lon="-8.231278"/>
   <trkpt lat="40.387501" lon="-8.231197"/>
   <trkpt lat="40.387519" lon="-8.231116"/>
   <trkpt lat="40.387535" lon="-8.23103"/>
   <trkpt lat="40.387548" lon="-8.230943"/>
   <trkpt lat="40.387559" lon="-8.230841"/>
   <trkpt lat="40.387567" lon="-8.230739"/>
   <trkpt lat="40.387573" lon="-8.230638"/>
   <trkpt lat="40.387575" lon="-8.23053"/>
   <trkpt lat="40.387575" lon="-8.230417"/>
   <trkpt lat="40.387571" lon="-8.230313"/>
   <trkpt lat="40.387565" lon="-8.230214"/>
   <trkpt lat="40.387554" lon="-8.230119"/>
   <trkpt lat="40.387542" lon="-8.230031"/>
   <trkpt lat="40.387392" lon="-8.229099"/>
   <trkpt lat="40.387377" lon="-8.229029"/>
   <trkpt lat="40.38736" lon="-8.228957"/>
   <trkpt lat="40.387336" lon="-8.22888"/>
   <trkpt lat="40.387308" lon="-8.228804"/>
   <trkpt lat="40.387275" lon="-8.228728"/>
   <trkpt lat="40.387238" lon="-8.228652"/>
   <trkpt lat="40.387197" lon="-8.228575"/>
   <trkpt lat="40.386939" lon="-8.228113"/>
   <trkpt lat="40.386904" lon="-8.228055"/>
   <trkpt lat="40.386865" lon="-8.227997"/>
   <trkpt lat="40.38682" lon="-8.227945"/>
   <trkpt lat="40.386774" lon="-8.227904"/>
   <trkpt lat="40.386724" lon="-8.227868"/>
   <trkpt lat="40.386671" lon="-8.227837"/>
   <trkpt lat="40.386388" lon="-8.227713"/>
   <trkpt lat="40.386335" lon="-8.227682"/>
   <trkpt lat="40.386282" lon="-8.227634"/>
   <trkpt lat="40.386244" lon="-8.227581"/>
   <trkpt lat="40.386214" lon="-8.22751"/>
   <trkpt lat="40.386195" lon="-8.22743"/>
   <trkpt lat="40.386186" lon="-8.227345"/>
   <trkpt lat="40.386169" lon="-8.226833"/>
   <trkpt lat="40.386158" lon="-8.226742"/>
   <trkpt lat="40.386129" lon="-8.226659"/>
   <trkpt lat="40.386086" lon="-8.226587"/>
   <trkpt lat="40.386036" lon="-8.226536"/>
   <trkpt lat="40.38597" lon="-8.226505"/>
   <trkpt lat="40.385895" lon="-8.226486"/>
   <trkpt lat="40.385771" lon="-8.226476"/>
   <trkpt lat="40.385697" lon="-8.226463"/>
   <trkpt lat="40.38563" lon="-8.226442"/>
   <trkpt lat="40.385565" lon="-8.226396"/>
   <trkpt lat="40.385507" lon="-8.226331"/>
   <trkpt lat="40.385449" lon="-8.22625"/>
   <trkpt lat="40.385405" lon="-8.226164"/>
   <trkpt lat="40.385372" lon="-8.226056"/>
   <trkpt lat="40.385362" lon="-8.225949"/>
   <trkpt lat="40.385375" lon="-8.225849"/>
   <trkpt lat="40.3854" lon="-8.225749"/>
   <trkpt lat="40.385502" lon="-8.225417"/>
   <trkpt lat="40.38557" lon="-8.225076"/>
   <trkpt lat="40.385595" lon="-8.224718"/>
   <trkpt lat="40.385601" lon="-8.224384"/>
   <trkpt lat="40.385706" lon="-8.2241"/>
   <trkpt lat="40.385954" lon="-8.223726"/>
   <trkpt lat="40.386233" lon="-8.223352"/>
   <trkpt lat="40.386336" lon="-8.223194"/>
   <trkpt lat="40.386336" lon="-8.223194"/>
   <trkpt lat="40.386387" lon="-8.223116"/>
   <trkpt lat="40.386449" lon="-8.22284"/>
   <trkpt lat="40.386466" lon="-8.22247"/>
   <trkpt lat="40.386448" lon="-8.222229"/>
   <trkpt lat="40.386291" lon="-8.221799"/>
   <trkpt lat="40.385714" lon="-8.220517"/>
   <trkpt lat="40.384653" lon="-8.217985"/>
   <trkpt lat="40.384548" lon="-8.217693"/>
   <trkpt lat="40.384154" lon="-8.216571"/>
   <trkpt lat="40.384073" lon="-8.216325"/>
   <trkpt lat="40.384027" lon="-8.216205"/>
   <trkpt lat="40.383975" lon="-8.216103"/>
   <trkpt lat="40.38392" lon="-8.216022"/>
   <trkpt lat="40.38386" lon="-8.215955"/>
   <trkpt lat="40.383795" lon="-8.215901"/>
   <trkpt lat="40.383617" lon="-8.215781"/>
   <trkpt lat="40.383532" lon="-8.215723"/>
   <trkpt lat="40.383446" lon="-8.215659"/>
   <trkpt lat="40.383368" lon="-8.215588"/>
   <trkpt lat="40.383299" lon="-8.215513"/>
   <trkpt lat="40.383235" lon="-8.215436"/>
   <trkpt lat="40.383165" lon="-8.21534"/>
   <trkpt lat="40.38308" lon="-8.215218"/>
   <trkpt lat="40.383002" lon="-8.215099"/>
   <trkpt lat="40.382938" lon="-8.214989"/>
   <trkpt lat="40.382879" lon="-8.21488"/>
   <trkpt lat="40.382822" lon="-8.214752"/>
   <trkpt lat="40.382767" lon="-8.214606"/>
   <trkpt lat="40.382182" lon="-8.212839"/>
   <trkpt lat="40.381941" lon="-8.211816"/>
   <trkpt lat="40.381823" lon="-8.211351"/>
   <trkpt lat="40.381761" lon="-8.21112"/>
   <trkpt lat="40.38169" lon="-8.210897"/>
   <trkpt lat="40.38159" lon="-8.210583"/>
   <trkpt lat="40.38098" lon="-8.208718"/>
   <trkpt lat="40.380951" lon="-8.208634"/>
   <trkpt lat="40.380913" lon="-8.208547"/>
   <trkpt lat="40.380865" lon="-8.208464"/>
   <trkpt lat="40.380809" lon="-8.208387"/>
   <trkpt lat="40.380746" lon="-8.208316"/>
   <trkpt lat="40.380675" lon="-8.208254"/>
   <trkpt lat="40.380597" lon="-8.208199"/>
   <trkpt lat="40.380208" lon="-8.207945"/>
   <trkpt lat="40.380147" lon="-8.207901"/>
   <trkpt lat="40.380092" lon="-8.207857"/>
   <trkpt lat="40.380044" lon="-8.20781"/>
   <trkpt lat="40.379999" lon="-8.20775"/>
   <trkpt lat="40.379968" lon="-8.207679"/>
   <trkpt lat="40.379943" lon="-8.207604"/>
   <trkpt lat="40.379921" lon="-8.207511"/>
   <trkpt lat="40.379909" lon="-8.207412"/>
   <trkpt lat="40.379901" lon="-8.207315"/>
   <trkpt lat="40.379887" lon="-8.206818"/>
   <trkpt lat="40.379881" lon="-8.206738"/>
   <trkpt lat="40.37987" lon="-8.20666"/>
   <trkpt lat="40.37985" lon="-8.206581"/>
   <trkpt lat="40.379822" lon="-8.206507"/>
   <trkpt lat="40.379789" lon="-8.206439"/>
   <trkpt lat="40.379362" lon="-8.205709"/>
   <trkpt lat="40.379328" lon="-8.205646"/>
   <trkpt lat="40.379296" lon="-8.205579"/>
   <trkpt lat="40.379273" lon="-8.205513"/>
   <trkpt lat="40.379251" lon="-8.205439"/>
   <trkpt lat="40.379229" lon="-8.205352"/>
   <trkpt lat="40.37921" lon="-8.205262"/>
   <trkpt lat="40.379193" lon="-8.205167"/>
   <trkpt lat="40.379179" lon="-8.205081"/>
   <trkpt lat="40.379171" lon="-8.205009"/>
   <trkpt lat="40.379167" lon="-8.204927"/>
   <trkpt lat="40.379168" lon="-8.20486"/>
   <trkpt lat="40.379175" lon="-8.204791"/>
   <trkpt lat="40.379226" lon="-8.204412"/>
   <trkpt lat="40.379235" lon="-8.204336"/>
   <trkpt lat="40.37924" lon="-8.204255"/>
   <trkpt lat="40.379238" lon="-8.204163"/>
   <trkpt lat="40.379229" lon="-8.204065"/>
   <trkpt lat="40.379134" lon="-8.203411"/>
   <trkpt lat="40.379119" lon="-8.203331"/>
   <trkpt lat="40.379099" lon="-8.203248"/>
   <trkpt lat="40.379072" lon="-8.203167"/>
   <trkpt lat="40.379044" lon="-8.203092"/>
   <trkpt lat="40.379009" lon="-8.203007"/>
   <trkpt lat="40.378975" lon="-8.202931"/>
   <trkpt lat="40.378938" lon="-8.202857"/>
   <trkpt lat="40.378461" lon="-8.201982"/>
   <trkpt lat="40.378407" lon="-8.201869"/>
   <trkpt lat="40.378365" lon="-8.201752"/>
   <trkpt lat="40.378333" lon="-8.201625"/>
   <trkpt lat="40.378318" lon="-8.201496"/>
   <trkpt lat="40.378319" lon="-8.201363"/>
   <trkpt lat="40.378392" lon="-8.201039"/>
   <trkpt lat="40.378488" lon="-8.200884"/>
   <trkpt lat="40.378561" lon="-8.200677"/>
   <trkpt lat="40.378568" lon="-8.200665"/>
   <trkpt lat="40.378568" lon="-8.200665"/>
   <trkpt lat="40.378665" lon="-8.200497"/>
   <trkpt lat="40.378755" lon="-8.200205"/>
   <trkpt lat="40.378749" lon="-8.200117"/>
   <trkpt lat="40.378715" lon="-8.200025"/>
   <trkpt lat="40.378559" lon="-8.19976"/>
   <trkpt lat="40.378457" lon="-8.199602"/>
   <trkpt lat="40.378347" lon="-8.19932"/>
   <trkpt lat="40.378277" lon="-8.199156"/>
   <trkpt lat="40.378218" lon="-8.199103"/>
   <trkpt lat="40.378085" lon="-8.199022"/>
   <trkpt lat="40.378026" lon="-8.198947"/>
   <trkpt lat="40.377979" lon="-8.198832"/>
   <trkpt lat="40.377942" lon="-8.198735"/>
   <trkpt lat="40.377875" lon="-8.198655"/>
   <trkpt lat="40.377763" lon="-8.198532"/>
   <trkpt lat="40.377969" lon="-8.198158"/>
   <trkpt lat="40.378118" lon="-8.198195"/>
   <trkpt lat="40.37847" lon="-8.19818"/>
   <trkpt lat="40.378858" lon="-8.198349"/>
   <trkpt lat="40.379191" lon="-8.198503"/>
   <trkpt lat="40.379416" lon="-8.198495"/>
   <trkpt lat="40.380263" lon="-8.198017"/>
   <trkpt lat="40.380468" lon="-8.197961"/>
   <trkpt lat="40.380672" lon="-8.197916"/>
   <trkpt lat="40.38082" lon="-8.197944"/>
   <trkpt lat="40.380969" lon="-8.197993"/>
   <trkpt lat="40.381128" lon="-8.198084"/>
   <trkpt lat="40.382111" lon="-8.1988"/>
   <trkpt lat="40.382305" lon="-8.198984"/>
   <trkpt lat="40.382305" lon="-8.198984"/>
   <trkpt lat="40.382571" lon="-8.199236"/>
   <trkpt lat="40.382744" lon="-8.199346"/>
   <trkpt lat="40.383989" lon="-8.199621"/>
   <trkpt lat="40.384045" lon="-8.199571"/>
   <trkpt lat="40.384068" lon="-8.199437"/>
   <trkpt lat="40.384086" lon="-8.199367"/>
   <trkpt lat="40.385342" lon="-8.199608"/>
   <trkpt lat="40.385464" lon="-8.199636"/>
   <trkpt lat="40.386636" lon="-8.199862"/>
   <trkpt lat="40.390261" lon="-8.200553"/>
   <trkpt lat="40.390359" lon="-8.200572"/>
   <trkpt lat="40.390428" lon="-8.20059"/>
   <trkpt lat="40.390674" lon="-8.200694"/>
   <trkpt lat="40.39078" lon="-8.200749"/>
   <trkpt lat="40.390884" lon="-8.200802"/>
   <trkpt lat="40.391062" lon="-8.200911"/>
   <trkpt lat="40.391062" lon="-8.200911"/>
   <trkpt lat="40.391062" lon="-8.200911"/>
   <trkpt lat="40.391283" lon="-8.201062"/>
   <trkpt lat="40.391371" lon="-8.201134"/>
   <trkpt lat="40.391449" lon="-8.201213"/>
   <trkpt lat="40.391631" lon="-8.201416"/>
   <trkpt lat="40.391707" lon="-8.201519"/>
   <trkpt lat="40.391745" lon="-8.201574"/>
   <trkpt lat="40.391787" lon="-8.201637"/>
   <trkpt lat="40.391834" lon="-8.201715"/>
   <trkpt lat="40.391948" lon="-8.201909"/>
   <trkpt lat="40.392022" lon="-8.202071"/>
   <trkpt lat="40.392099" lon="-8.202238"/>
   <trkpt lat="40.392552" lon="-8.203614"/>
   <trkpt lat="40.392727" lon="-8.204148"/>
   <trkpt lat="40.392877" lon="-8.204602"/>
   <trkpt lat="40.393634" lon="-8.206714"/>
   <trkpt lat="40.393668" lon="-8.206799"/>
   <trkpt lat="40.393954" lon="-8.207377"/>
   <trkpt lat="40.394256" lon="-8.207785"/>
   <trkpt lat="40.394991" lon="-8.208697"/>
   <trkpt lat="40.396952" lon="-8.211045"/>
   <trkpt lat="40.39707" lon="-8.211186"/>
   <trkpt lat="40.397675" lon="-8.211907"/>
   <trkpt lat="40.397777" lon="-8.21203"/>
   <trkpt lat="40.398843" lon="-8.213302"/>
   <trkpt lat="40.398843" lon="-8.213302"/>
   <trkpt lat="40.399385" lon="-8.213949"/>
   <trkpt lat="40.399568" lon="-8.214115"/>
   <trkpt lat="40.399625" lon="-8.214144"/>
   <trkpt lat="40.39967" lon="-8.214151"/>
   <trkpt lat="40.399715" lon="-8.214158"/>
   <trkpt lat="40.399758" lon="-8.214136"/>
   <trkpt lat="40.399796" lon="-8.214061"/>
   <trkpt lat="40.399828" lon="-8.21398"/>
   <trkpt lat="40.400138" lon="-8.212628"/>
   <trkpt lat="40.400328" lon="-8.211577"/>
   <trkpt lat="40.400564" lon="-8.210446"/>
   <trkpt lat="40.400643" lon="-8.210149"/>
   <trkpt lat="40.400722" lon="-8.209922"/>
   <trkpt lat="40.400904" lon="-8.209534"/>
   <trkpt lat="40.401221" lon="-8.209054"/>
   <trkpt lat="40.401753" lon="-8.208387"/>
   <trkpt lat="40.401781" lon="-8.20835"/>
   <trkpt lat="40.401753" lon="-8.208387"/>
   <trkpt lat="40.402579" lon="-8.207321"/>
   <trkpt lat="40.402919" lon="-8.207758"/>
   <trkpt lat="40.402927" lon="-8.207769"/>
   <trkpt lat="40.403137" lon="-8.208069"/>
   <trkpt lat="40.403346" lon="-8.208568"/>
   <trkpt lat="40.403521" lon="-8.209062"/>
   <trkpt lat="40.403642" lon="-8.209338"/>
   <trkpt lat="40.403766" lon="-8.209526"/>
   <trkpt lat="40.40396" lon="-8.209751"/>
   <trkpt lat="40.405014" lon="-8.210808"/>
   <trkpt lat="40.405962" lon="-8.21179"/>
   <trkpt lat="40.406576" lon="-8.212413"/>
   <trkpt lat="40.407187" lon="-8.213034"/>
   <trkpt lat="40.407607" lon="-8.213479"/>
   <trkpt lat="40.4077" lon="-8.213579"/>
   <trkpt lat="40.407853" lon="-8.213714"/>
   <trkpt lat="40.408023" lon="-8.213828"/>
   <trkpt lat="40.408778" lon="-8.214187"/>
   <trkpt lat="40.408956" lon="-8.214327"/>
   <trkpt lat="40.409865" lon="-8.215309"/>
   <trkpt lat="40.409916" lon="-8.215374"/>
   <trkpt lat="40.409974" lon="-8.215449"/>
   <trkpt lat="40.410088" lon="-8.215595"/>
   <trkpt lat="40.4103" lon="-8.21538"/>
   <trkpt lat="40.410396" lon="-8.215294"/>
   <trkpt lat="40.410469" lon="-8.215274"/>
   <trkpt lat="40.410544" lon="-8.215274"/>
   <trkpt lat="40.410837" lon="-8.215512"/>
   <trkpt lat="40.411185" lon="-8.215815"/>
   <trkpt lat="40.411599" lon="-8.216176"/>
   <trkpt lat="40.411729" lon="-8.215984"/>
   <trkpt lat="40.411729" lon="-8.215984"/>
   <trkpt lat="40.411599" lon="-8.216176"/>
   <trkpt lat="40.412085" lon="-8.216545"/>
   <trkpt lat="40.412605" lon="-8.216974"/>
   <trkpt lat="40.413026" lon="-8.217343"/>
   <trkpt lat="40.413159" lon="-8.217611"/>
   <trkpt lat="40.413251" lon="-8.217463"/>
   <trkpt lat="40.413418" lon="-8.217014"/>
   <trkpt lat="40.413504" lon="-8.216808"/>
   <trkpt lat="40.413972" lon="-8.215853"/>
   <trkpt lat="40.414032" lon="-8.215756"/>
   <trkpt lat="40.414135" lon="-8.215591"/>
   <trkpt lat="40.41465" lon="-8.21497"/>
   <trkpt lat="40.414946" lon="-8.21463"/>
   <trkpt lat="40.415175" lon="-8.214376"/>
   <trkpt lat="40.41533" lon="-8.214226"/>
   <trkpt lat="40.415495" lon="-8.214099"/>
   <trkpt lat="40.415764" lon="-8.213979"/>
   <trkpt lat="40.415989" lon="-8.213877"/>
   <trkpt lat="40.416649" lon="-8.213582"/>
   <trkpt lat="40.417121" lon="-8.21337"/>
   <trkpt lat="40.417872" lon="-8.213013"/>
   <trkpt lat="40.418213" lon="-8.212829"/>
   <trkpt lat="40.418448" lon="-8.212688"/>
   <trkpt lat="40.418677" lon="-8.212506"/>
   <trkpt lat="40.418881" lon="-8.212321"/>
   <trkpt lat="40.419388" lon="-8.211765"/>
   <trkpt lat="40.4196" lon="-8.211551"/>
   <trkpt lat="40.4198" lon="-8.211398"/>
   <trkpt lat="40.420145" lon="-8.211207"/>
   <trkpt lat="40.42059" lon="-8.210996"/>
   <trkpt lat="40.42059" lon="-8.210996"/>
   <trkpt lat="40.421011" lon="-8.210797"/>
   <trkpt lat="40.421233" lon="-8.21071"/>
   <trkpt lat="40.421448" lon="-8.210655"/>
   <trkpt lat="40.42163" lon="-8.210623"/>
   <trkpt lat="40.421838" lon="-8.210644"/>
   <trkpt lat="40.42232" lon="-8.210743"/>
   <trkpt lat="40.422461" lon="-8.210802"/>
   <trkpt lat="40.422642" lon="-8.210948"/>
   <trkpt lat="40.422779" lon="-8.211135"/>
   <trkpt lat="40.42292" lon="-8.211433"/>
   <trkpt lat="40.423043" lon="-8.21165"/>
   <trkpt lat="40.423149" lon="-8.211779"/>
   <trkpt lat="40.423304" lon="-8.211883"/>
   <trkpt lat="40.423757" lon="-8.212095"/>
   <trkpt lat="40.423836" lon="-8.21211"/>
   <trkpt lat="40.423886" lon="-8.212119"/>
   <trkpt lat="40.424027" lon="-8.21209"/>
   <trkpt lat="40.424129" lon="-8.212018"/>
   <trkpt lat="40.424245" lon="-8.211906"/>
   <trkpt lat="40.424941" lon="-8.210843"/>
   <trkpt lat="40.425013" lon="-8.210729"/>
   <trkpt lat="40.42529" lon="-8.210286"/>
   <trkpt lat="40.42536" lon="-8.210202"/>
   <trkpt lat="40.425438" lon="-8.210108"/>
   <trkpt lat="40.425597" lon="-8.209967"/>
   <trkpt lat="40.425783" lon="-8.209815"/>
   <trkpt lat="40.426034" lon="-8.209657"/>
   <trkpt lat="40.426261" lon="-8.209574"/>
   <trkpt lat="40.426432" lon="-8.209542"/>
   <trkpt lat="40.42655" lon="-8.209546"/>
   <trkpt lat="40.426679" lon="-8.20959"/>
   <trkpt lat="40.426804" lon="-8.209663"/>
   <trkpt lat="40.427347" lon="-8.21014"/>
   <trkpt lat="40.427543" lon="-8.210184"/>
   <trkpt lat="40.427698" lon="-8.210132"/>
   <trkpt lat="40.427847" lon="-8.210019"/>
   <trkpt lat="40.427992" lon="-8.209822"/>
   <trkpt lat="40.428968" lon="-8.208488"/>
   <trkpt lat="40.429821" lon="-8.207326"/>
   <trkpt lat="40.430487" lon="-8.206414"/>
   <trkpt lat="40.430691" lon="-8.206206"/>
   <trkpt lat="40.430901" lon="-8.206079"/>
   <trkpt lat="40.431685" lon="-8.205682"/>
   <trkpt lat="40.431939" lon="-8.205535"/>
   <trkpt lat="40.432073" lon="-8.205406"/>
   <trkpt lat="40.432216" lon="-8.205227"/>
   <trkpt lat="40.432404" lon="-8.204954"/>
   <trkpt lat="40.432512" lon="-8.204856"/>
   <trkpt lat="40.432649" lon="-8.204784"/>
   <trkpt lat="40.432817" lon="-8.204781"/>
   <trkpt lat="40.433966" lon="-8.20492"/>
   <trkpt lat="40.434125" lon="-8.204864"/>
   <trkpt lat="40.434233" lon="-8.204754"/>
   <trkpt lat="40.434313" lon="-8.204607"/>
   <trkpt lat="40.434699" lon="-8.203417"/>
   <trkpt lat="40.434825" lon="-8.203032"/>
   <trkpt lat="40.434826" lon="-8.203028"/>
   <trkpt lat="40.434826" lon="-8.203028"/>
   <trkpt lat="40.434927" lon="-8.202777"/>
   <trkpt lat="40.435023" lon="-8.202619"/>
   <trkpt lat="40.435117" lon="-8.202472"/>
   <trkpt lat="40.435266" lon="-8.202372"/>
   <trkpt lat="40.435973" lon="-8.202045"/>
   <trkpt lat="40.436124" lon="-8.201907"/>
   <trkpt lat="40.436285" lon="-8.20168"/>
   <trkpt lat="40.436438" lon="-8.201449"/>
   <trkpt lat="40.436555" lon="-8.201361"/>
   <trkpt lat="40.43671" lon="-8.20127"/>
   <trkpt lat="40.438039" lon="-8.200956"/>
   <trkpt lat="40.438488" lon="-8.200836"/>
   <trkpt lat="40.43862" lon="-8.200736"/>
   <trkpt lat="40.438702" lon="-8.200578"/>
   <trkpt lat="40.438753" lon="-8.200402"/>
   <trkpt lat="40.438749" lon="-8.200217"/>
   <trkpt lat="40.43871" lon="-8.20006"/>
   <trkpt lat="40.438629" lon="-8.199926"/>
   <trkpt lat="40.438547" lon="-8.199749"/>
   <trkpt lat="40.438522" lon="-8.199611"/>
   <trkpt lat="40.43853" lon="-8.199493"/>
   <trkpt lat="40.43857" lon="-8.199384"/>
   <trkpt lat="40.438682" lon="-8.199232"/>
   <trkpt lat="40.438859" lon="-8.199095"/>
   <trkpt lat="40.438876" lon="-8.199083"/>
   <trkpt lat="40.438935" lon="-8.199039"/>
   <trkpt lat="40.439047" lon="-8.199065"/>
   <trkpt lat="40.439355" lon="-8.199012"/>
   <trkpt lat="40.439441" lon="-8.199038"/>
   <trkpt lat="40.439498" lon="-8.199121"/>
   <trkpt lat="40.439617" lon="-8.199529"/>
   <trkpt lat="40.4397" lon="-8.199605"/>
   <trkpt lat="40.439794" lon="-8.19962"/>
   <trkpt lat="40.440525" lon="-8.199572"/>
   <trkpt lat="40.440654" lon="-8.199502"/>
   <trkpt lat="40.440833" lon="-8.199339"/>
   <trkpt lat="40.440946" lon="-8.199282"/>
   <trkpt lat="40.441093" lon="-8.199259"/>
   <trkpt lat="40.441207" lon="-8.199275"/>
   <trkpt lat="40.441293" lon="-8.199349"/>
   <trkpt lat="40.441685" lon="-8.199789"/>
   <trkpt lat="40.441779" lon="-8.199956"/>
   <trkpt lat="40.441826" lon="-8.200074"/>
   <trkpt lat="40.441844" lon="-8.200119"/>
   <trkpt lat="40.441885" lon="-8.200312"/>
   <trkpt lat="40.441974" lon="-8.200873"/>
   <trkpt lat="40.44204" lon="-8.201069"/>
   <trkpt lat="40.442142" lon="-8.201273"/>
   <trkpt lat="40.442405" lon="-8.201734"/>
   <trkpt lat="40.442464" lon="-8.201876"/>
   <trkpt lat="40.442464" lon="-8.201876"/>
   <trkpt lat="40.442734" lon="-8.202525"/>
   <trkpt lat="40.443118" lon="-8.203322"/>
   <trkpt lat="40.443207" lon="-8.203662"/>
   <trkpt lat="40.443201" lon="-8.203791"/>
   <trkpt lat="40.443156" lon="-8.203939"/>
   <trkpt lat="40.442873" lon="-8.204499"/>
   <trkpt lat="40.442809" lon="-8.20466"/>
   <trkpt lat="40.442785" lon="-8.204918"/>
   <trkpt lat="40.44282" lon="-8.205129"/>
   <trkpt lat="40.442864" lon="-8.205221"/>
   <trkpt lat="40.442938" lon="-8.205296"/>
   <trkpt lat="40.443046" lon="-8.20532"/>
   <trkpt lat="40.443168" lon="-8.20528"/>
   <trkpt lat="40.443705" lon="-8.204964"/>
   <trkpt lat="40.443852" lon="-8.204846"/>
   <trkpt lat="40.443993" lon="-8.204717"/>
   <trkpt lat="40.44411" lon="-8.204698"/>
   <trkpt lat="40.444291" lon="-8.204743"/>
   <trkpt lat="40.444402" lon="-8.204795"/>
   <trkpt lat="40.444426" lon="-8.204838"/>
   <trkpt lat="40.444444" lon="-8.204872"/>
   <trkpt lat="40.444438" lon="-8.204971"/>
   <trkpt lat="40.444395" lon="-8.20506"/>
   <trkpt lat="40.444269" lon="-8.205197"/>
   <trkpt lat="40.4442" lon="-8.205325"/>
   <trkpt lat="40.444128" lon="-8.20562"/>
   <trkpt lat="40.443961" lon="-8.205937"/>
   <trkpt lat="40.44394" lon="-8.206058"/>
   <trkpt lat="40.443959" lon="-8.206224"/>
   <trkpt lat="40.443995" lon="-8.20635"/>
   <trkpt lat="40.444298" lon="-8.206851"/>
   <trkpt lat="40.444577" lon="-8.207425"/>
   <trkpt lat="40.444661" lon="-8.207625"/>
   <trkpt lat="40.444828" lon="-8.208021"/>
   <trkpt lat="40.444881" lon="-8.208289"/>
   <trkpt lat="40.444955" lon="-8.20926"/>
   <trkpt lat="40.444936" lon="-8.209475"/>
   <trkpt lat="40.444906" lon="-8.209606"/>
   <trkpt lat="40.444732" lon="-8.209982"/>
   <trkpt lat="40.444667" lon="-8.210266"/>
   <trkpt lat="40.444659" lon="-8.210464"/>
   <trkpt lat="40.444689" lon="-8.210711"/>
   <trkpt lat="40.444822" lon="-8.211224"/>
   <trkpt lat="40.444833" lon="-8.21133"/>
   <trkpt lat="40.444842" lon="-8.211417"/>
   <trkpt lat="40.444828" lon="-8.211562"/>
   <trkpt lat="40.444746" lon="-8.211937"/>
   <trkpt lat="40.444763" lon="-8.212227"/>
   <trkpt lat="40.444828" lon="-8.212484"/>
   <trkpt lat="40.444912" lon="-8.21276"/>
   <trkpt lat="40.445036" lon="-8.213085"/>
   <trkpt lat="40.445065" lon="-8.213235"/>
   <trkpt lat="40.445059" lon="-8.213375"/>
   <trkpt lat="40.444967" lon="-8.213761"/>
   <trkpt lat="40.444938" lon="-8.21433"/>
   <trkpt lat="40.444898" lon="-8.214547"/>
   <trkpt lat="40.444706" lon="-8.215209"/>
   <trkpt lat="40.444655" lon="-8.21588"/>
   <trkpt lat="40.444704" lon="-8.216108"/>
   <trkpt lat="40.444785" lon="-8.216547"/>
   <trkpt lat="40.444785" lon="-8.216547"/>
   <trkpt lat="40.444891" lon="-8.217124"/>
   <trkpt lat="40.444926" lon="-8.217449"/>
   <trkpt lat="40.445183" lon="-8.218353"/>
   <trkpt lat="40.4452" lon="-8.218592"/>
   <trkpt lat="40.445157" lon="-8.218785"/>
   <trkpt lat="40.4451" lon="-8.218938"/>
   <trkpt lat="40.445018" lon="-8.219096"/>
   <trkpt lat="40.444926" lon="-8.219208"/>
   <trkpt lat="40.4447" lon="-8.219326"/>
   <trkpt lat="40.444614" lon="-8.219383"/>
   <trkpt lat="40.444581" lon="-8.219493"/>
   <trkpt lat="40.444573" lon="-8.219622"/>
   <trkpt lat="40.44462" lon="-8.220067"/>
   <trkpt lat="40.444606" lon="-8.220383"/>
   <trkpt lat="40.444512" lon="-8.220689"/>
   <trkpt lat="40.444438" lon="-8.220848"/>
   <trkpt lat="40.444169" lon="-8.221081"/>
   <trkpt lat="40.444036" lon="-8.221137"/>
   <trkpt lat="40.443558" lon="-8.22126"/>
   <trkpt lat="40.443205" lon="-8.221384"/>
   <trkpt lat="40.443077" lon="-8.221405"/>
   <trkpt lat="40.442607" lon="-8.2214"/>
   <trkpt lat="40.442528" lon="-8.221365"/>
   <trkpt lat="40.442477" lon="-8.221298"/>
   <trkpt lat="40.44244" lon="-8.221076"/>
   <trkpt lat="40.442399" lon="-8.221022"/>
   <trkpt lat="40.442334" lon="-8.221019"/>
   <trkpt lat="40.442254" lon="-8.221102"/>
   <trkpt lat="40.442152" lon="-8.221293"/>
   <trkpt lat="40.442097" lon="-8.221454"/>
   <trkpt lat="40.441999" lon="-8.221826"/>
   <trkpt lat="40.441905" lon="-8.22195"/>
   <trkpt lat="40.441795" lon="-8.222073"/>
   <trkpt lat="40.441589" lon="-8.222253"/>
   <trkpt lat="40.441526" lon="-8.222338"/>
   <trkpt lat="40.441519" lon="-8.222399"/>
   <trkpt lat="40.441326" lon="-8.222386"/>
   <trkpt lat="40.441238" lon="-8.222398"/>
   <trkpt lat="40.441137" lon="-8.222417"/>
   <trkpt lat="40.441035" lon="-8.222485"/>
   <trkpt lat="40.440873" lon="-8.222642"/>
   <trkpt lat="40.440802" lon="-8.222808"/>
   <trkpt lat="40.440792" lon="-8.222973"/>
   <trkpt lat="40.440807" lon="-8.223296"/>
   <trkpt lat="40.440755" lon="-8.223423"/>
   <trkpt lat="40.440671" lon="-8.223507"/>
   <trkpt lat="40.439836" lon="-8.22361"/>
   <trkpt lat="40.439268" lon="-8.223899"/>
   <trkpt lat="40.438635" lon="-8.224246"/>
   <trkpt lat="40.438525" lon="-8.224316"/>
   <trkpt lat="40.438447" lon="-8.224391"/>
   <trkpt lat="40.437532" lon="-8.225321"/>
   <trkpt lat="40.437032" lon="-8.226047"/>
   <trkpt lat="40.436844" lon="-8.226335"/>
   <trkpt lat="40.436791" lon="-8.226416"/>
   <trkpt lat="40.436463" lon="-8.226918"/>
   <trkpt lat="40.43638" lon="-8.22704"/>
   <trkpt lat="40.436158" lon="-8.227364"/>
   <trkpt lat="40.435722" lon="-8.227892"/>
   <trkpt lat="40.435722" lon="-8.227892"/>
   <trkpt lat="40.435561" lon="-8.228087"/>
   <trkpt lat="40.435456" lon="-8.228186"/>
   <trkpt lat="40.435351" lon="-8.228248"/>
   <trkpt lat="40.435259" lon="-8.228293"/>
   <trkpt lat="40.435136" lon="-8.228223"/>
   <trkpt lat="40.434173" lon="-8.22791"/>
   <trkpt lat="40.43384" lon="-8.227813"/>
   <trkpt lat="40.433638" lon="-8.227787"/>
   <trkpt lat="40.433458" lon="-8.227805"/>
   <trkpt lat="40.433225" lon="-8.227849"/>
   <trkpt lat="40.432916" lon="-8.227911"/>
   <trkpt lat="40.430559" lon="-8.228385"/>
   <trkpt lat="40.430369" lon="-8.228437"/>
   <trkpt lat="40.430014" lon="-8.22856"/>
   <trkpt lat="40.42958" lon="-8.228773"/>
   <trkpt lat="40.428672" lon="-8.229285"/>
   <trkpt lat="40.428436" lon="-8.229418"/>
   <trkpt lat="40.428207" lon="-8.229514"/>
   <trkpt lat="40.427978" lon="-8.229565"/>
   <trkpt lat="40.426716" lon="-8.229806"/>
   <trkpt lat="40.42619" lon="-8.229906"/>
   <trkpt lat="40.425911" lon="-8.22996"/>
   <trkpt lat="40.425662" lon="-8.230007"/>
   <trkpt lat="40.425385" lon="-8.23006"/>
   <trkpt lat="40.425283" lon="-8.23008"/>
   <trkpt lat="40.424751" lon="-8.230231"/>
   <trkpt lat="40.424714" lon="-8.230242"/>
   <trkpt lat="40.424751" lon="-8.230231"/>
   <trkpt lat="40.4245" lon="-8.230303"/>
   <trkpt lat="40.424135" lon="-8.230408"/>
   <trkpt lat="40.423702" lon="-8.230532"/>
   <trkpt lat="40.423049" lon="-8.230657"/>
   <trkpt lat="40.422637" lon="-8.230697"/>
   <trkpt lat="40.42054" lon="-8.230862"/>
   <trkpt lat="40.420454" lon="-8.230851"/>
   <trkpt lat="40.420354" lon="-8.230831"/>
   <trkpt lat="40.417848" lon="-8.229647"/>
   <trkpt lat="40.417641" lon="-8.229507"/>
   <trkpt lat="40.416401" lon="-8.228525"/>
   <trkpt lat="40.415939" lon="-8.22817"/>
   <trkpt lat="40.415747" lon="-8.228035"/>
   <trkpt lat="40.414608" lon="-8.227464"/>
   <trkpt lat="40.414164" lon="-8.227093"/>
   <trkpt lat="40.413897" lon="-8.226872"/>
   <trkpt lat="40.41375" lon="-8.226758"/>
   <trkpt lat="40.413581" lon="-8.226659"/>
   <trkpt lat="40.413468" lon="-8.226603"/>
   <trkpt lat="40.412594" lon="-8.2264"/>
   <trkpt lat="40.412331" lon="-8.226325"/>
   <trkpt lat="40.412327" lon="-8.226433"/>
   <trkpt lat="40.412321" lon="-8.226633"/>
   <trkpt lat="40.412321" lon="-8.226633"/>
   <trkpt lat="40.412327" lon="-8.226433"/>
   <trkpt lat="40.412331" lon="-8.226325"/>
   <trkpt lat="40.411613" lon="-8.225958"/>
   <trkpt lat="40.411544" lon="-8.225913"/>
   <trkpt lat="40.41112" lon="-8.225533"/>
   <trkpt lat="40.410302" lon="-8.22479"/>
   <trkpt lat="40.409796" lon="-8.224436"/>
   <trkpt lat="40.408912" lon="-8.223675"/>
   <trkpt lat="40.408366" lon="-8.223213"/>
   <trkpt lat="40.408232" lon="-8.223155"/>
   <trkpt lat="40.408097" lon="-8.223128"/>
   <trkpt lat="40.408024" lon="-8.223124"/>
   <trkpt lat="40.406822" lon="-8.223074"/>
   <trkpt lat="40.405765" lon="-8.223153"/>
   <trkpt lat="40.404281" lon="-8.223263"/>
   <trkpt lat="40.404281" lon="-8.223263"/>
   <trkpt lat="40.404119" lon="-8.223275"/>
   <trkpt lat="40.404017" lon="-8.223279"/>
   <trkpt lat="40.403842" lon="-8.223325"/>
   <trkpt lat="40.403671" lon="-8.223401"/>
   <trkpt lat="40.403003" lon="-8.223761"/>
   <trkpt lat="40.402676" lon="-8.22393"/>
   <trkpt lat="40.402569" lon="-8.224058"/>
   <trkpt lat="40.40254" lon="-8.224114"/>
   <trkpt lat="40.402506" lon="-8.224182"/>
   <trkpt lat="40.402503" lon="-8.22421"/>
   <trkpt lat="40.402489" lon="-8.224258"/>
   <trkpt lat="40.402467" lon="-8.2243"/>
   <trkpt lat="40.402438" lon="-8.224333"/>
   <trkpt lat="40.402403" lon="-8.224357"/>
   <trkpt lat="40.402366" lon="-8.224371"/>
   <trkpt lat="40.402327" lon="-8.224372"/>
   <trkpt lat="40.402281" lon="-8.224356"/>
   <trkpt lat="40.40224" lon="-8.224325"/>
   <trkpt lat="40.402179" lon="-8.224318"/>
   <trkpt lat="40.402077" lon="-8.224313"/>
   <trkpt lat="40.401969" lon="-8.224311"/>
   <trkpt lat="40.401545" lon="-8.224548"/>
   <trkpt lat="40.401128" lon="-8.224778"/>
   <trkpt lat="40.40052" lon="-8.225114"/>
   <trkpt lat="40.400446" lon="-8.225161"/>
   <trkpt lat="40.400326" lon="-8.225251"/>
   <trkpt lat="40.400197" lon="-8.225376"/>
   <trkpt lat="40.399683" lon="-8.226023"/>
   <trkpt lat="40.399683" lon="-8.226023"/>
   <trkpt lat="40.39918" lon="-8.226656"/>
   <trkpt lat="40.39916" lon="-8.226687"/>
   <trkpt lat="40.399066" lon="-8.226856"/>
   <trkpt lat="40.399084" lon="-8.226871"/>
   <trkpt lat="40.399096" lon="-8.226893"/>
   <trkpt lat="40.399103" lon="-8.226919"/>
   <trkpt lat="40.399102" lon="-8.226946"/>
   <trkpt lat="40.399095" lon="-8.226972"/>
   <trkpt lat="40.399082" lon="-8.226992"/>
   <trkpt lat="40.399065" lon="-8.227005"/>
   <trkpt lat="40.399046" lon="-8.227011"/>
   <trkpt lat="40.399026" lon="-8.227009"/>
   <trkpt lat="40.399008" lon="-8.226998"/>
   <trkpt lat="40.398993" lon="-8.226981"/>
   <trkpt lat="40.398984" lon="-8.226958"/>
   <trkpt lat="40.398865" lon="-8.22713"/>
   <trkpt lat="40.397942" lon="-8.22855"/>
   <trkpt lat="40.397772" lon="-8.228808"/>
   <trkpt lat="40.397642" lon="-8.229001"/>
   <trkpt lat="40.397572" lon="-8.229105"/>
   <trkpt lat="40.397441" lon="-8.229304"/>
   <trkpt lat="40.397378" lon="-8.229447"/>
   <trkpt lat="40.397358" lon="-8.229555"/>
   <trkpt lat="40.397151" lon="-8.230678"/>
   <trkpt lat="40.3971" lon="-8.23094"/>
   <trkpt lat="40.397084" lon="-8.231001"/>
   <trkpt lat="40.397047" lon="-8.231136"/>
   <trkpt lat="40.396928" lon="-8.231461"/>
   <trkpt lat="40.396928" lon="-8.231461"/>
   <trkpt lat="40.396893" lon="-8.231557"/>
   <trkpt lat="40.396852" lon="-8.231673"/>
   <trkpt lat="40.396557" lon="-8.232256"/>
   <trkpt lat="40.39657" lon="-8.232275"/>
   <trkpt lat="40.396577" lon="-8.232299"/>
   <trkpt lat="40.396579" lon="-8.232324"/>
   <trkpt lat="40.396575" lon="-8.232349"/>
   <trkpt lat="40.396564" lon="-8.232371"/>
   <trkpt lat="40.397228" lon="-8.233035"/>
   <trkpt lat="40.398519" lon="-8.234282"/>
   <trkpt lat="40.398716" lon="-8.234472"/>
   <trkpt lat="40.398716" lon="-8.234472"/>
   <trkpt lat="40.400435" lon="-8.236134"/>
   <trkpt lat="40.400627" lon="-8.235463"/>
   <trkpt lat="40.400685" lon="-8.235267"/>
   <trkpt lat="40.40074" lon="-8.235105"/>
   <trkpt lat="40.400792" lon="-8.235053"/>
   <trkpt lat="40.400843" lon="-8.235002"/>
   <trkpt lat="40.400856" lon="-8.234963"/>
   <trkpt lat="40.400879" lon="-8.234931"/>
   <trkpt lat="40.400908" lon="-8.234911"/>
   <trkpt lat="40.400974" lon="-8.234831"/>
   <trkpt lat="40.401046" lon="-8.234778"/>
   <trkpt lat="40.401143" lon="-8.234735"/>
   <trkpt lat="40.401258" lon="-8.234717"/>
   <trkpt lat="40.401395" lon="-8.234703"/>
   <trkpt lat="40.401554" lon="-8.234712"/>
   <trkpt lat="40.40159" lon="-8.234722"/>
   <trkpt lat="40.40159" lon="-8.234722"/>
   <trkpt lat="40.401712" lon="-8.234754"/>
   <trkpt lat="40.401836" lon="-8.2348"/>
   <trkpt lat="40.402147" lon="-8.235009"/>
   <trkpt lat="40.402388" lon="-8.235217"/>
   <trkpt lat="40.402531" lon="-8.235412"/>
   <trkpt lat="40.402616" lon="-8.235642"/>
   <trkpt lat="40.402633" lon="-8.235814"/>
   <trkpt lat="40.402588" lon="-8.23602"/>
   <trkpt lat="40.402531" lon="-8.236175"/>
   <trkpt lat="40.402531" lon="-8.236175"/>
   <trkpt lat="40.402522" lon="-8.2362"/>
   <trkpt lat="40.401926" lon="-8.23757"/>
   <trkpt lat="40.401887" lon="-8.237808"/>
   <trkpt lat="40.401919" lon="-8.237857"/>
   <trkpt lat="40.401938" lon="-8.237917"/>
   <trkpt lat="40.401944" lon="-8.237981"/>
   <trkpt lat="40.401935" lon="-8.238045"/>
   <trkpt lat="40.401913" lon="-8.238103"/>
   <trkpt lat="40.401891" lon="-8.238135"/>
   <trkpt lat="40.401865" lon="-8.238162"/>
   <trkpt lat="40.40182" lon="-8.238188"/>
   <trkpt lat="40.401771" lon="-8.238195"/>
   <trkpt lat="40.401722" lon="-8.238184"/>
   <trkpt lat="40.401678" lon="-8.238154"/>
   <trkpt lat="40.401646" lon="-8.238115"/>
   <trkpt lat="40.401622" lon="-8.238066"/>
   <trkpt lat="40.401609" lon="-8.238011"/>
   <trkpt lat="40.401535" lon="-8.237907"/>
   <trkpt lat="40.401383" lon="-8.237817"/>
   <trkpt lat="40.401203" lon="-8.237793"/>
   <trkpt lat="40.401042" lon="-8.237869"/>
   <trkpt lat="40.400778" lon="-8.238265"/>
   <trkpt lat="40.400374" lon="-8.239046"/>
   <trkpt lat="40.399243" lon="-8.241448"/>
   <trkpt lat="40.399173" lon="-8.241596"/>
   <trkpt lat="40.399173" lon="-8.241596"/>
   <trkpt lat="40.398698" lon="-8.242606"/>
   <trkpt lat="40.398451" lon="-8.243124"/>
   <trkpt lat="40.398314" lon="-8.243415"/>
   <trkpt lat="40.39655" lon="-8.247159"/>
   <trkpt lat="40.396209" lon="-8.247884"/>
   <trkpt lat="40.396176" lon="-8.247954"/>
   <trkpt lat="40.396034" lon="-8.248259"/>
   <trkpt lat="40.396034" lon="-8.24826"/>
   <trkpt lat="40.396034" lon="-8.248259"/>
   <trkpt lat="40.395637" lon="-8.249108"/>
   <trkpt lat="40.394805" lon="-8.250891"/>
   <trkpt lat="40.39434" lon="-8.251858"/>
   <trkpt lat="40.394067" lon="-8.252478"/>
   <trkpt lat="40.393839" lon="-8.253151"/>
   <trkpt lat="40.393712" lon="-8.253693"/>
   <trkpt lat="40.393687" lon="-8.253853"/>
   <trkpt lat="40.393649" lon="-8.25419"/>
   <trkpt lat="40.393716" lon="-8.254568"/>
   <trkpt lat="40.39379" lon="-8.254969"/>
   <trkpt lat="40.393877" lon="-8.255267"/>
   <trkpt lat="40.393965" lon="-8.255482"/>
   <trkpt lat="40.394092" lon="-8.255746"/>
   <trkpt lat="40.394282" lon="-8.256036"/>
   <trkpt lat="40.394282" lon="-8.256036"/>
   <trkpt lat="40.394312" lon="-8.256082"/>
   <trkpt lat="40.394489" lon="-8.256285"/>
   <trkpt lat="40.394591" lon="-8.256375"/>
   <trkpt lat="40.39464" lon="-8.256419"/>
   <trkpt lat="40.394692" lon="-8.256459"/>
   <trkpt lat="40.394722" lon="-8.256472"/>
   <trkpt lat="40.394753" lon="-8.256475"/>
   <trkpt lat="40.394799" lon="-8.256477"/>
   <trkpt lat="40.39483" lon="-8.256484"/>
   <trkpt lat="40.394859" lon="-8.256498"/>
   <trkpt lat="40.394885" lon="-8.25652"/>
   <trkpt lat="40.394907" lon="-8.256548"/>
   <trkpt lat="40.394925" lon="-8.256581"/>
   <trkpt lat="40.394936" lon="-8.256619"/>
   <trkpt lat="40.394942" lon="-8.256659"/>
   <trkpt lat="40.394942" lon="-8.256699"/>
   <trkpt lat="40.394935" lon="-8.256739"/>
   <trkpt lat="40.394925" lon="-8.256769"/>
   <trkpt lat="40.394912" lon="-8.256796"/>
   <trkpt lat="40.394895" lon="-8.256821"/>
   <trkpt lat="40.394876" lon="-8.256841"/>
   <trkpt lat="40.394854" lon="-8.256857"/>
   <trkpt lat="40.394831" lon="-8.256868"/>
   <trkpt lat="40.394807" lon="-8.256874"/>
   <trkpt lat="40.394782" lon="-8.256875"/>
   <trkpt lat="40.394757" lon="-8.25687"/>
   <trkpt lat="40.394736" lon="-8.256861"/>
   <trkpt lat="40.394716" lon="-8.256849"/>
   <trkpt lat="40.394697" lon="-8.256832"/>
   <trkpt lat="40.394681" lon="-8.256812"/>
   <trkpt lat="40.394667" lon="-8.256789"/>
   <trkpt lat="40.394655" lon="-8.256764"/>
   <trkpt lat="40.394647" lon="-8.256736"/>
   <trkpt lat="40.394642" lon="-8.256708"/>
   <trkpt lat="40.39464" lon="-8.256678"/>
   <trkpt lat="40.394641" lon="-8.256649"/>
   <trkpt lat="40.394514" lon="-8.2566"/>
   <trkpt lat="40.394066" lon="-8.256453"/>
   <trkpt lat="40.394066" lon="-8.256452"/>
   <trkpt lat="40.39391" lon="-8.256401"/>
   <trkpt lat="40.393722" lon="-8.256343"/>
   <trkpt lat="40.393293" lon="-8.256218"/>
   <trkpt lat="40.393284" lon="-8.256253"/>
   <trkpt lat="40.393269" lon="-8.256286"/>
   <trkpt lat="40.393251" lon="-8.256314"/>
   <trkpt lat="40.393228" lon="-8.256337"/>
   <trkpt lat="40.393203" lon="-8.256354"/>
   <trkpt lat="40.393175" lon="-8.256365"/>
   <trkpt lat="40.393147" lon="-8.256368"/>
   <trkpt lat="40.393119" lon="-8.256365"/>
   <trkpt lat="40.393091" lon="-8.256355"/>
   <trkpt lat="40.39307" lon="-8.256341"/>
   <trkpt lat="40.39305" lon="-8.256323"/>
   <trkpt lat="40.393033" lon="-8.256302"/>
   <trkpt lat="40.393019" lon="-8.256277"/>
   <trkpt lat="40.393008" lon="-8.25625"/>
   <trkpt lat="40.393" lon="-8.25622"/>
   <trkpt lat="40.392996" lon="-8.25619"/>
   <trkpt lat="40.392995" lon="-8.256158"/>
   <trkpt lat="40.392998" lon="-8.256128"/>
   <trkpt lat="40.392629" lon="-8.255972"/>
   <trkpt lat="40.392345" lon="-8.255879"/>
   <trkpt lat="40.392184" lon="-8.25582"/>
   <trkpt lat="40.39207" lon="-8.255779"/>
   <trkpt lat="40.391964" lon="-8.255734"/>
   <trkpt lat="40.391802" lon="-8.255666"/>
   <trkpt lat="40.391566" lon="-8.25555"/>
   <trkpt lat="40.391566" lon="-8.25555"/>
   <trkpt lat="40.391273" lon="-8.255405"/>
   <trkpt lat="40.391208" lon="-8.25537"/>
   <trkpt lat="40.391169" lon="-8.255349"/>
   <trkpt lat="40.391092" lon="-8.25532"/>
   <trkpt lat="40.391083" lon="-8.255346"/>
   <trkpt lat="40.391069" lon="-8.255366"/>
   <trkpt lat="40.391052" lon="-8.255381"/>
   <trkpt lat="40.391031" lon="-8.255388"/>
   <trkpt lat="40.39101" lon="-8.255386"/>
   <trkpt lat="40.390991" lon="-8.255377"/>
   <trkpt lat="40.390973" lon="-8.255359"/>
   <trkpt lat="40.390961" lon="-8.255335"/>
   <trkpt lat="40.390955" lon="-8.255307"/>
   <trkpt lat="40.390956" lon="-8.255278"/>
   <trkpt lat="40.390963" lon="-8.255254"/>
   <trkpt lat="40.390975" lon="-8.255232"/>
   <trkpt lat="40.390991" lon="-8.255216"/>
   <trkpt lat="40.39101" lon="-8.255207"/>
   <trkpt lat="40.39103" lon="-8.255205"/>
   <trkpt lat="40.391034" lon="-8.25513"/>
   <trkpt lat="40.391042" lon="-8.254989"/>
   <trkpt lat="40.391039" lon="-8.254931"/>
   <trkpt lat="40.391033" lon="-8.254789"/>
   <trkpt lat="40.390949" lon="-8.254165"/>
   <trkpt lat="40.390881" lon="-8.25358"/>
   <trkpt lat="40.39083" lon="-8.253172"/>
   <trkpt lat="40.390636" lon="-8.251598"/>
   <trkpt lat="40.390532" lon="-8.250825"/>
   <trkpt lat="40.390532" lon="-8.250825"/>
   <trkpt lat="40.39038" lon="-8.249697"/>
   <trkpt lat="40.390367" lon="-8.249611"/>
   <trkpt lat="40.390177" lon="-8.248085"/>
   <trkpt lat="40.390096" lon="-8.247467"/>
   <trkpt lat="40.389972" lon="-8.246519"/>
   <trkpt lat="40.389922" lon="-8.246385"/>
   <trkpt lat="40.389936" lon="-8.246239"/>
   <trkpt lat="40.389852" lon="-8.245593"/>
   <trkpt lat="40.389831" lon="-8.245437"/>
   <trkpt lat="40.389604" lon="-8.243666"/>
   <trkpt lat="40.38942" lon="-8.242234"/>
   <trkpt lat="40.38942" lon="-8.242234"/>
   <trkpt lat="40.389236" lon="-8.240804"/>
   <trkpt lat="40.389222" lon="-8.240701"/>
   <trkpt lat="40.389141" lon="-8.240411"/>
   <trkpt lat="40.389032" lon="-8.240181"/>
   <trkpt lat="40.38852" lon="-8.239574"/>
   <trkpt lat="40.388377" lon="-8.239348"/>
   <trkpt lat="40.388299" lon="-8.239166"/>
   <trkpt lat="40.388172" lon="-8.238589"/>
   <trkpt lat="40.388151" lon="-8.238384"/>
   <trkpt lat="40.388176" lon="-8.238179"/>
   <trkpt lat="40.388254" lon="-8.237937"/>
   <trkpt lat="40.388284" lon="-8.23784"/>
   <trkpt lat="40.388814" lon="-8.237033"/>
   <trkpt lat="40.388982" lon="-8.236828"/>
   <trkpt lat="40.388982" lon="-8.236828"/>
   <trkpt lat="40.389136" lon="-8.23664"/>
   <trkpt lat="40.389254" lon="-8.236496"/>
   <trkpt lat="40.389416" lon="-8.236298"/>
   <trkpt lat="40.389776" lon="-8.235901"/>
   <trkpt lat="40.390244" lon="-8.235368"/>
   <trkpt lat="40.390424" lon="-8.235272"/>
   <trkpt lat="40.391361" lon="-8.235001"/>
   <trkpt lat="40.391318" lon="-8.234944"/>
   <trkpt lat="40.391292" lon="-8.23491"/>
   <trkpt lat="40.391268" lon="-8.234874"/>
   <trkpt lat="40.391246" lon="-8.23484"/>
   <trkpt lat="40.391224" lon="-8.234805"/>
   <trkpt lat="40.390906" lon="-8.234276"/>
   <trkpt lat="40.390906" lon="-8.234276"/>
   <trkpt lat="40.390826" lon="-8.234144"/>
   <trkpt lat="40.390776" lon="-8.234061"/>
   <trkpt lat="40.390012" lon="-8.23279"/>
   <trkpt lat="40.389501" lon="-8.23183"/>
   <trkpt lat="40.389482" lon="-8.231795"/>
   <trkpt lat="40.389424" lon="-8.231703"/>
   <trkpt lat="40.389385" lon="-8.231644"/>
   <trkpt lat="40.389348" lon="-8.231599"/>
   <trkpt lat="40.389307" lon="-8.231561"/>
   <trkpt lat="40.38926" lon="-8.231534"/>
   <trkpt lat="40.389211" lon="-8.23152"/>
   <trkpt lat="40.389163" lon="-8.231514"/>
   <trkpt lat="40.389116" lon="-8.231523"/>
   <trkpt lat="40.389071" lon="-8.231543"/>
   <trkpt lat="40.389032" lon="-8.23157"/>
   <trkpt lat="40.388993" lon="-8.231608"/>
   <trkpt lat="40.388913" lon="-8.231695"/>
   <trkpt lat="40.388905" lon="-8.231703"/>
   <trkpt lat="40.38816" lon="-8.232494"/>
   <trkpt lat="40.388114" lon="-8.232542"/>
   <trkpt lat="40.388072" lon="-8.232588"/>
   <trkpt lat="40.38803" lon="-8.23264"/>
   <trkpt lat="40.387989" lon="-8.232691"/>
   <trkpt lat="40.387941" lon="-8.232747"/>
   <trkpt lat="40.387891" lon="-8.232794"/>
   <trkpt lat="40.387832" lon="-8.232833"/>
   <trkpt lat="40.387774" lon="-8.232859"/>
   <trkpt lat="40.38771" lon="-8.232878"/>
   <trkpt lat="40.387639" lon="-8.232889"/>
   <trkpt lat="40.387127" lon="-8.23294"/>
   <trkpt lat="40.387089" lon="-8.232943"/>
   <trkpt lat="40.387043" lon="-8.232946"/>
   <trkpt lat="40.386994" lon="-8.232948"/>
   <trkpt lat="40.386942" lon="-8.232942"/>
   <trkpt lat="40.386893" lon="-8.232932"/>
   <trkpt lat="40.386856" lon="-8.232923"/>
   <trkpt lat="40.386798" lon="-8.232906"/>
   <trkpt lat="40.386757" lon="-8.232893"/>
   <trkpt lat="40.386717" lon="-8.232878"/>
   <trkpt lat="40.386678" lon="-8.23286"/>
   <trkpt lat="40.386642" lon="-8.23284"/>
   <trkpt lat="40.38661" lon="-8.232818"/>
   <trkpt lat="40.386582" lon="-8.232795"/>
   <trkpt lat="40.386555" lon="-8.232769"/>
   <trkpt lat="40.386415" lon="-8.232612"/>
   <trkpt lat="40.386404" lon="-8.232601"/>
   <trkpt lat="40.386404" lon="-8.232601"/>
   <trkpt lat="40.386389" lon="-8.232586"/>
   <trkpt lat="40.386363" lon="-8.232565"/>
   <trkpt lat="40.386335" lon="-8.232551"/>
   <trkpt lat="40.386305" lon="-8.232546"/>
   <trkpt lat="40.386279" lon="-8.232552"/>
   <trkpt lat="40.386256" lon="-8.232567"/>
   <trkpt lat="40.386236" lon="-8.232588"/>
   <trkpt lat="40.386101" lon="-8.232839"/>
   <trkpt lat="40.386085" lon="-8.232865"/>
   <trkpt lat="40.386066" lon="-8.232886"/>
   <trkpt lat="40.38604" lon="-8.232904"/>
   <trkpt lat="40.386011" lon="-8.232913"/>
   <trkpt lat="40.385978" lon="-8.232918"/>
   <trkpt lat="40.385943" lon="-8.232916"/>
   <trkpt lat="40.385906" lon="-8.23291"/>
   <trkpt lat="40.385849" lon="-8.232895"/>
   <trkpt lat="40.38581" lon="-8.232883"/>
   <trkpt lat="40.385777" lon="-8.232868"/>
   <trkpt lat="40.385747" lon="-8.232849"/>
   <trkpt lat="40.38572" lon="-8.232827"/>
   <trkpt lat="40.385698" lon="-8.232801"/>
   <trkpt lat="40.38568" lon="-8.232773"/>
   <trkpt lat="40.385665" lon="-8.232741"/>
   <trkpt lat="40.385655" lon="-8.232698"/>
   <trkpt lat="40.385652" lon="-8.232657"/>
   <trkpt lat="40.38566" lon="-8.232618"/>
   <trkpt lat="40.385673" lon="-8.232589"/>
   <trkpt lat="40.385694" lon="-8.232562"/>
   <trkpt lat="40.38572" lon="-8.232538"/>
   <trkpt lat="40.385798" lon="-8.232466"/>
   <trkpt lat="40.38582" lon="-8.232443"/>
   <trkpt lat="40.38584" lon="-8.232416"/>
   <trkpt lat="40.385856" lon="-8.232385"/>
   <trkpt lat="40.385869" lon="-8.232345"/>
   <trkpt lat="40.385877" lon="-8.2323"/>
   <trkpt lat="40.385883" lon="-8.232248"/>
   <trkpt lat="40.385887" lon="-8.232193"/>
   <trkpt lat="40.385907" lon="-8.23188"/>
   <trkpt lat="40.385912" lon="-8.231836"/>
   <trkpt lat="40.385921" lon="-8.231795"/>
   <trkpt lat="40.385938" lon="-8.231757"/>
   <trkpt lat="40.385957" lon="-8.231727"/>
   <trkpt lat="40.385983" lon="-8.231704"/>
   <trkpt lat="40.386013" lon="-8.231691"/>
   <trkpt lat="40.386047" lon="-8.231686"/>
   <trkpt lat="40.386081" lon="-8.231686"/>
   <trkpt lat="40.38612" lon="-8.231693"/>
   <trkpt lat="40.386157" lon="-8.231707"/>
   <trkpt lat="40.38619" lon="-8.231724"/>
   <trkpt lat="40.386225" lon="-8.231748"/>
   <trkpt lat="40.38651" lon="-8.231961"/>
   <trkpt lat="40.386546" lon="-8.231983"/>
   <trkpt lat="40.386584" lon="-8.232001"/>
   <trkpt lat="40.386624" lon="-8.232014"/>
   <trkpt lat="40.386666" lon="-8.232021"/>
   <trkpt lat="40.386719" lon="-8.232023"/>
   <trkpt lat="40.386766" lon="-8.232019"/>
   <trkpt lat="40.386815" lon="-8.232011"/>
   <trkpt lat="40.386868" lon="-8.231995"/>
   <trkpt lat="40.386923" lon="-8.231976"/>
   <trkpt lat="40.386982" lon="-8.231949"/>
   <trkpt lat="40.387047" lon="-8.231915"/>
   <trkpt lat="40.387098" lon="-8.231885"/>
   <trkpt lat="40.387142" lon="-8.231854"/>
   <trkpt lat="40.387186" lon="-8.231819"/>
   <trkpt lat="40.387227" lon="-8.231781"/>
   <trkpt lat="40.387267" lon="-8.231736"/>
   <trkpt lat="40.387297" lon="-8.231696"/>
   <trkpt lat="40.387322" lon="-8.231662"/>
   <trkpt lat="40.387348" lon="-8.23162"/>
   <trkpt lat="40.387376" lon="-8.231565"/>
   <trkpt lat="40.387404" lon="-8.231506"/>
   <trkpt lat="40.38743" lon="-8.23144"/>
   <trkpt lat="40.387455" lon="-8.231366"/>
   <trkpt lat="40.38748" lon="-8.231278"/>
   <trkpt lat="40.387501" lon="-8.231197"/>
   <trkpt lat="40.387519" lon="-8.231116"/>
   <trkpt lat="40.387535" lon="-8.23103"/>
   <trkpt lat="40.387548" lon="-8.230943"/>
   <trkpt lat="40.387559" lon="-8.230841"/>
   <trkpt lat="40.387567" lon="-8.230739"/>
   <trkpt lat="40.387573" lon="-8.230638"/>
   <trkpt lat="40.387575" lon="-8.230548"/>
   <trkpt lat="40.387575" lon="-8.230548"/>
   <trkpt lat="40.387575" lon="-8.23053"/>
   <trkpt lat="40.387575" lon="-8.230417"/>
   <trkpt lat="40.387571" lon="-8.230313"/>
   <trkpt lat="40.387565" lon="-8.230214"/>
   <trkpt lat="40.387554" lon="-8.230119"/>
   <trkpt lat="40.387542" lon="-8.230031"/>
   <trkpt lat="40.387392" lon="-8.229099"/>
   <trkpt lat="40.387377" lon="-8.229029"/>
   <trkpt lat="40.38736" lon="-8.228957"/>
   <trkpt lat="40.387336" lon="-8.22888"/>
   <trkpt lat="40.387308" lon="-8.228804"/>
   <trkpt lat="40.387275" lon="-8.228728"/>
   <trkpt lat="40.387238" lon="-8.228652"/>
   <trkpt lat="40.387197" lon="-8.228575"/>
   <trkpt lat="40.386939" lon="-8.228113"/>
   <trkpt lat="40.386904" lon="-8.228055"/>
   <trkpt lat="40.386865" lon="-8.227997"/>
   <trkpt lat="40.38682" lon="-8.227945"/>
   <trkpt lat="40.386774" lon="-8.227904"/>
   <trkpt lat="40.386724" lon="-8.227868"/>
   <trkpt lat="40.386671" lon="-8.227837"/>
   <trkpt lat="40.386388" lon="-8.227713"/>
   <trkpt lat="40.386335" lon="-8.227682"/>
   <trkpt lat="40.386282" lon="-8.227634"/>
   <trkpt lat="40.386244" lon="-8.227581"/>
   <trkpt lat="40.386214" lon="-8.22751"/>
   <trkpt lat="40.386195" lon="-8.22743"/>
   <trkpt lat="40.386186" lon="-8.227345"/>
   <trkpt lat="40.386169" lon="-8.226833"/>
   <trkpt lat="40.386158" lon="-8.226742"/>
   <trkpt lat="40.386129" lon="-8.226659"/>
   <trkpt lat="40.386086" lon="-8.226587"/>
   <trkpt lat="40.386036" lon="-8.226536"/>
   <trkpt lat="40.38597" lon="-8.226505"/>
   <trkpt lat="40.385895" lon="-8.226486"/>
   <trkpt lat="40.385771" lon="-8.226476"/>
   <trkpt lat="40.385697" lon="-8.226463"/>
   <trkpt lat="40.38563" lon="-8.226442"/>
   <trkpt lat="40.385565" lon="-8.226396"/>
   <trkpt lat="40.385507" lon="-8.226331"/>
   <trkpt lat="40.385449" lon="-8.22625"/>
   <trkpt lat="40.385405" lon="-8.226164"/>
   <trkpt lat="40.385372" lon="-8.226056"/>
   <trkpt lat="40.385362" lon="-8.225949"/>
   <trkpt lat="40.385375" lon="-8.225849"/>
   <trkpt lat="40.3854" lon="-8.225749"/>
   <trkpt lat="40.385502" lon="-8.225417"/>
   <trkpt lat="40.38557" lon="-8.225076"/>
   <trkpt lat="40.385595" lon="-8.224718"/>
   <trkpt lat="40.385601" lon="-8.224384"/>
   <trkpt lat="40.385706" lon="-8.2241"/>
   <trkpt lat="40.385954" lon="-8.223726"/>
   <trkpt lat="40.386233" lon="-8.223352"/>
   <trkpt lat="40.386387" lon="-8.223116"/>
   <trkpt lat="40.386449" lon="-8.22284"/>
   <trkpt lat="40.38646" lon="-8.222593"/>
   <trkpt lat="40.38646" lon="-8.222593"/>
   <trkpt lat="40.386466" lon="-8.22247"/>
   <trkpt lat="40.386448" lon="-8.222229"/>
   <trkpt lat="40.386291" lon="-8.221799"/>
   <trkpt lat="40.385714" lon="-8.220517"/>
   <trkpt lat="40.384653" lon="-8.217985"/>
   <trkpt lat="40.384548" lon="-8.217693"/>
   <trkpt lat="40.384154" lon="-8.216571"/>
   <trkpt lat="40.384073" lon="-8.216325"/>
   <trkpt lat="40.384027" lon="-8.216205"/>
   <trkpt lat="40.383975" lon="-8.216103"/>
   <trkpt lat="40.38392" lon="-8.216022"/>
   <trkpt lat="40.38386" lon="-8.215955"/>
   <trkpt lat="40.383795" lon="-8.215901"/>
   <trkpt lat="40.383617" lon="-8.215781"/>
   <trkpt lat="40.383532" lon="-8.215723"/>
   <trkpt lat="40.383446" lon="-8.215659"/>
   <trkpt lat="40.383368" lon="-8.215588"/>
   <trkpt lat="40.383299" lon="-8.215513"/>
   <trkpt lat="40.383235" lon="-8.215436"/>
   <trkpt lat="40.383165" lon="-8.21534"/>
   <trkpt lat="40.38308" lon="-8.215218"/>
   <trkpt lat="40.383002" lon="-8.215099"/>
   <trkpt lat="40.382938" lon="-8.214989"/>
   <trkpt lat="40.382879" lon="-8.21488"/>
   <trkpt lat="40.382822" lon="-8.214752"/>
   <trkpt lat="40.382767" lon="-8.214606"/>
   <trkpt lat="40.382605" lon="-8.214116"/>
   <trkpt lat="40.382605" lon="-8.214116"/>
   <trkpt lat="40.382182" lon="-8.212839"/>
   <trkpt lat="40.381941" lon="-8.211816"/>
   <trkpt lat="40.381823" lon="-8.211351"/>
   <trkpt lat="40.381761" lon="-8.21112"/>
   <trkpt lat="40.38169" lon="-8.210897"/>
   <trkpt lat="40.38159" lon="-8.210583"/>
   <trkpt lat="40.38098" lon="-8.208718"/>
   <trkpt lat="40.380951" lon="-8.208634"/>
   <trkpt lat="40.380913" lon="-8.208547"/>
   <trkpt lat="40.380865" lon="-8.208464"/>
   <trkpt lat="40.380809" lon="-8.208387"/>
   <trkpt lat="40.380746" lon="-8.208316"/>
   <trkpt lat="40.380675" lon="-8.208254"/>
   <trkpt lat="40.380597" lon="-8.208199"/>
   <trkpt lat="40.380208" lon="-8.207945"/>
   <trkpt lat="40.380147" lon="-8.207901"/>
   <trkpt lat="40.380092" lon="-8.207857"/>
   <trkpt lat="40.380044" lon="-8.20781"/>
   <trkpt lat="40.379999" lon="-8.20775"/>
   <trkpt lat="40.379968" lon="-8.207679"/>
   <trkpt lat="40.379943" lon="-8.207604"/>
   <trkpt lat="40.379921" lon="-8.207511"/>
   <trkpt lat="40.379909" lon="-8.207412"/>
   <trkpt lat="40.379901" lon="-8.207315"/>
   <trkpt lat="40.379887" lon="-8.206818"/>
   <trkpt lat="40.379881" lon="-8.206738"/>
   <trkpt lat="40.37987" lon="-8.20666"/>
   <trkpt lat="40.37985" lon="-8.206581"/>
   <trkpt lat="40.379822" lon="-8.206507"/>
   <trkpt lat="40.379789" lon="-8.206439"/>
   <trkpt lat="40.379362" lon="-8.205709"/>
   <trkpt lat="40.379328" lon="-8.205646"/>
   <trkpt lat="40.379296" lon="-8.205579"/>
   <trkpt lat="40.379273" lon="-8.205513"/>
   <trkpt lat="40.379251" lon="-8.205439"/>
   <trkpt lat="40.379229" lon="-8.205352"/>
   <trkpt lat="40.37921" lon="-8.205262"/>
   <trkpt lat="40.379193" lon="-8.205167"/>
   <trkpt lat="40.379179" lon="-8.205081"/>
   <trkpt lat="40.379171" lon="-8.205009"/>
   <trkpt lat="40.379167" lon="-8.204927"/>
   <trkpt lat="40.379168" lon="-8.20486"/>
   <trkpt lat="40.379175" lon="-8.204791"/>
   <trkpt lat="40.379226" lon="-8.204412"/>
   <trkpt lat="40.379235" lon="-8.204336"/>
   <trkpt lat="40.37924" lon="-8.204255"/>
   <trkpt lat="40.379238" lon="-8.204163"/>
   <trkpt lat="40.379229" lon="-8.204065"/>
   <trkpt lat="40.379134" lon="-8.203411"/>
   <trkpt lat="40.379119" lon="-8.203331"/>
   <trkpt lat="40.379099" lon="-8.203248"/>
   <trkpt lat="40.379072" lon="-8.203167"/>
   <trkpt lat="40.379044" lon="-8.203092"/>
   <trkpt lat="40.379009" lon="-8.203007"/>
   <trkpt lat="40.378975" lon="-8.202931"/>
   <trkpt lat="40.378938" lon="-8.202857"/>
   <trkpt lat="40.378461" lon="-8.201982"/>
   <trkpt lat="40.378407" lon="-8.201869"/>
   <trkpt lat="40.378365" lon="-8.201752"/>
   <trkpt lat="40.378333" lon="-8.201625"/>
   <trkpt lat="40.378318" lon="-8.201496"/>
   <trkpt lat="40.378319" lon="-8.201363"/>
   <trkpt lat="40.378392" lon="-8.201039"/>
   <trkpt lat="40.378488" lon="-8.200884"/>
   <trkpt lat="40.378561" lon="-8.200677"/>
   <trkpt lat="40.378665" lon="-8.200497"/>
   <trkpt lat="40.378755" lon="-8.200205"/>
   <trkpt lat="40.378749" lon="-8.200117"/>
   <trkpt lat="40.378715" lon="-8.200025"/>
   <trkpt lat="40.378559" lon="-8.19976"/>
   <trkpt lat="40.378539" lon="-8.199729"/>
   <trkpt lat="40.378539" lon="-8.199729"/>
   <trkpt lat="40.378457" lon="-8.199602"/>
   <trkpt lat="40.378347" lon="-8.19932"/>
   <trkpt lat="40.378277" lon="-8.199156"/>
   <trkpt lat="40.378218" lon="-8.199103"/>
   <trkpt lat="40.378085" lon="-8.199022"/>
   <trkpt lat="40.378026" lon="-8.198947"/>
   <trkpt lat="40.377979" lon="-8.198832"/>
   <trkpt lat="40.377942" lon="-8.198735"/>
   <trkpt lat="40.377875" lon="-8.198655"/>
   <trkpt lat="40.377763" lon="-8.198532"/>
   <trkpt lat="40.377969" lon="-8.198158"/>
   <trkpt lat="40.378118" lon="-8.198195"/>
   <trkpt lat="40.37847" lon="-8.19818"/>
   <trkpt lat="40.378858" lon="-8.198349"/>
   <trkpt lat="40.379191" lon="-8.198503"/>
   <trkpt lat="40.379416" lon="-8.198495"/>
   <trkpt lat="40.380263" lon="-8.198017"/>
   <trkpt lat="40.380468" lon="-8.197961"/>
   <trkpt lat="40.380672" lon="-8.197916"/>
   <trkpt lat="40.38082" lon="-8.197944"/>
   <trkpt lat="40.380969" lon="-8.197993"/>
   <trkpt lat="40.381128" lon="-8.198084"/>
   <trkpt lat="40.381835" lon="-8.198599"/>
   <trkpt lat="40.381835" lon="-8.198599"/>
   <trkpt lat="40.382111" lon="-8.1988"/>
   <trkpt lat="40.382571" lon="-8.199236"/>
   <trkpt lat="40.382744" lon="-8.199346"/>
   <trkpt lat="40.383989" lon="-8.199621"/>
   <trkpt lat="40.384045" lon="-8.199571"/>
   <trkpt lat="40.384068" lon="-8.199437"/>
   <trkpt lat="40.384086" lon="-8.199367"/>
   <trkpt lat="40.385342" lon="-8.199608"/>
   <trkpt lat="40.385464" lon="-8.199636"/>
   <trkpt lat="40.386636" lon="-8.199862"/>
   <trkpt lat="40.38876" lon="-8.200267"/>
   <trkpt lat="40.38876" lon="-8.200267"/>
   <trkpt lat="40.390261" lon="-8.200553"/>
   <trkpt lat="40.390359" lon="-8.200572"/>
   <trkpt lat="40.390428" lon="-8.20059"/>
   <trkpt lat="40.390674" lon="-8.200694"/>
   <trkpt lat="40.39078" lon="-8.200749"/>
   <trkpt lat="40.390884" lon="-8.200802"/>
   <trkpt lat="40.391062" lon="-8.200911"/>
   <trkpt lat="40.391283" lon="-8.201062"/>
   <trkpt lat="40.391371" lon="-8.201134"/>
   <trkpt lat="40.391449" lon="-8.201213"/>
   <trkpt lat="40.391631" lon="-8.201416"/>
   <trkpt lat="40.391707" lon="-8.201519"/>
   <trkpt lat="40.391745" lon="-8.201574"/>
   <trkpt lat="40.391787" lon="-8.201637"/>
   <trkpt lat="40.391834" lon="-8.201715"/>
   <trkpt lat="40.391948" lon="-8.201909"/>
   <trkpt lat="40.392022" lon="-8.202071"/>
   <trkpt lat="40.392099" lon="-8.202238"/>
   <trkpt lat="40.392552" lon="-8.203614"/>
   <trkpt lat="40.392727" lon="-8.204148"/>
   <trkpt lat="40.392877" lon="-8.204602"/>
   <trkpt lat="40.393415" lon="-8.206102"/>
   <trkpt lat="40.393415" lon="-8.206102"/>
   <trkpt lat="40.393634" lon="-8.206714"/>
   <trkpt lat="40.393668" lon="-8.206799"/>
   <trkpt lat="40.393954" lon="-8.207377"/>
   <trkpt lat="40.394256" lon="-8.207785"/>
   <trkpt lat="40.394991" lon="-8.208697"/>
   <trkpt lat="40.396952" lon="-8.211045"/>
   <trkpt lat="40.39707" lon="-8.211186"/>
   <trkpt lat="40.397675" lon="-8.211907"/>
   <trkpt lat="40.397777" lon="-8.21203"/>
   <trkpt lat="40.398406" lon="-8.212781"/>
   <trkpt lat="40.398406" lon="-8.212781"/>
   <trkpt lat="40.399385" lon="-8.213949"/>
   <trkpt lat="40.399568" lon="-8.214115"/>
   <trkpt lat="40.399625" lon="-8.214144"/>
   <trkpt lat="40.39967" lon="-8.214151"/>
   <trkpt lat="40.399715" lon="-8.214158"/>
   <trkpt lat="40.399758" lon="-8.214136"/>
   <trkpt lat="40.399796" lon="-8.214061"/>
   <trkpt lat="40.399828" lon="-8.21398"/>
   <trkpt lat="40.400138" lon="-8.212628"/>
   <trkpt lat="40.400328" lon="-8.211577"/>
   <trkpt lat="40.400564" lon="-8.210446"/>
   <trkpt lat="40.400643" lon="-8.210149"/>
   <trkpt lat="40.400722" lon="-8.209922"/>
   <trkpt lat="40.400904" lon="-8.209534"/>
   <trkpt lat="40.401221" lon="-8.209054"/>
   <trkpt lat="40.40138" lon="-8.208855"/>
   <trkpt lat="40.40138" lon="-8.208855"/>
   <trkpt lat="40.401753" lon="-8.208387"/>
   <trkpt lat="40.402579" lon="-8.207321"/>
   <trkpt lat="40.402919" lon="-8.207758"/>
   <trkpt lat="40.402927" lon="-8.207769"/>
   <trkpt lat="40.403137" lon="-8.208069"/>
   <trkpt lat="40.403346" lon="-8.208568"/>
   <trkpt lat="40.403521" lon="-8.209062"/>
   <trkpt lat="40.403642" lon="-8.209338"/>
   <trkpt lat="40.403766" lon="-8.209526"/>
   <trkpt lat="40.40396" lon="-8.209751"/>
   <trkpt lat="40.405014" lon="-8.210808"/>
   <trkpt lat="40.405962" lon="-8.21179"/>
   <trkpt lat="40.406576" lon="-8.212413"/>
   <trkpt lat="40.406563" lon="-8.21231"/>
   <trkpt lat="40.406481" lon="-8.212148"/>
   <trkpt lat="40.406479" lon="-8.212144"/>
   <trkpt lat="40.406479" lon="-8.212144"/>
   <trkpt lat="40.406481" lon="-8.212148"/>
   <trkpt lat="40.406563" lon="-8.21231"/>
   <trkpt lat="40.406576" lon="-8.212413"/>
   <trkpt lat="40.407187" lon="-8.213034"/>
   <trkpt lat="40.407607" lon="-8.213479"/>
   <trkpt lat="40.4077" lon="-8.213579"/>
   <trkpt lat="40.407853" lon="-8.213714"/>
   <trkpt lat="40.408023" lon="-8.213828"/>
   <trkpt lat="40.408778" lon="-8.214187"/>
   <trkpt lat="40.408956" lon="-8.214327"/>
   <trkpt lat="40.40939" lon="-8.214796"/>
   <trkpt lat="40.40939" lon="-8.214796"/>
   <trkpt lat="40.409865" lon="-8.215309"/>
   <trkpt lat="40.409916" lon="-8.215374"/>
   <trkpt lat="40.409974" lon="-8.215449"/>
   <trkpt lat="40.410088" lon="-8.215595"/>
   <trkpt lat="40.4103" lon="-8.21538"/>
   <trkpt lat="40.410396" lon="-8.215294"/>
   <trkpt lat="40.410469" lon="-8.215274"/>
   <trkpt lat="40.410544" lon="-8.215274"/>
   <trkpt lat="40.410837" lon="-8.215512"/>
   <trkpt lat="40.411185" lon="-8.215815"/>
   <trkpt lat="40.411599" lon="-8.216176"/>
   <trkpt lat="40.412085" lon="-8.216545"/>
   <trkpt lat="40.412217" lon="-8.216654"/>
   <trkpt lat="40.412217" lon="-8.216654"/>
   <trkpt lat="40.412605" lon="-8.216974"/>
   <trkpt lat="40.413026" lon="-8.217343"/>
   <trkpt lat="40.413159" lon="-8.217611"/>
   <trkpt lat="40.413251" lon="-8.217463"/>
   <trkpt lat="40.413418" lon="-8.217014"/>
   <trkpt lat="40.413504" lon="-8.216808"/>
   <trkpt lat="40.413972" lon="-8.215853"/>
   <trkpt lat="40.414032" lon="-8.215756"/>
   <trkpt lat="40.414135" lon="-8.215591"/>
   <trkpt lat="40.41465" lon="-8.21497"/>
   <trkpt lat="40.414825" lon="-8.214769"/>
   <trkpt lat="40.414825" lon="-8.214769"/>
   <trkpt lat="40.414946" lon="-8.21463"/>
   <trkpt lat="40.415175" lon="-8.214376"/>
   <trkpt lat="40.41533" lon="-8.214226"/>
   <trkpt lat="40.415495" lon="-8.214099"/>
   <trkpt lat="40.415764" lon="-8.213979"/>
   <trkpt lat="40.415989" lon="-8.213877"/>
   <trkpt lat="40.416649" lon="-8.213582"/>
   <trkpt lat="40.417121" lon="-8.21337"/>
   <trkpt lat="40.417872" lon="-8.213013"/>
   <trkpt lat="40.418213" lon="-8.212829"/>
   <trkpt lat="40.418448" lon="-8.212688"/>
   <trkpt lat="40.418677" lon="-8.212506"/>
   <trkpt lat="40.418881" lon="-8.212321"/>
   <trkpt lat="40.419388" lon="-8.211765"/>
   <trkpt lat="40.4196" lon="-8.211551"/>
   <trkpt lat="40.4198" lon="-8.211398"/>
   <trkpt lat="40.420145" lon="-8.211207"/>
   <trkpt lat="40.421011" lon="-8.210797"/>
   <trkpt lat="40.42112" lon="-8.210754"/>
   <trkpt lat="40.42112" lon="-8.210754"/>
   <trkpt lat="40.421233" lon="-8.21071"/>
   <trkpt lat="40.421448" lon="-8.210655"/>
   <trkpt lat="40.42163" lon="-8.210623"/>
   <trkpt lat="40.421838" lon="-8.210644"/>
   <trkpt lat="40.42232" lon="-8.210743"/>
   <trkpt lat="40.422461" lon="-8.210802"/>
   <trkpt lat="40.422642" lon="-8.210948"/>
   <trkpt lat="40.422779" lon="-8.211135"/>
   <trkpt lat="40.42292" lon="-8.211433"/>
   <trkpt lat="40.423043" lon="-8.21165"/>
   <trkpt lat="40.423149" lon="-8.211779"/>
   <trkpt lat="40.423304" lon="-8.211883"/>
   <trkpt lat="40.423757" lon="-8.212095"/>
   <trkpt lat="40.423836" lon="-8.21211"/>
   <trkpt lat="40.423886" lon="-8.212119"/>
   <trkpt lat="40.424027" lon="-8.21209"/>
   <trkpt lat="40.424129" lon="-8.212018"/>
   <trkpt lat="40.424245" lon="-8.211906"/>
   <trkpt lat="40.424941" lon="-8.210843"/>
   <trkpt lat="40.425013" lon="-8.210729"/>
   <trkpt lat="40.42529" lon="-8.210286"/>
   <trkpt lat="40.42536" lon="-8.210202"/>
   <trkpt lat="40.425438" lon="-8.210108"/>
   <trkpt lat="40.425597" lon="-8.209967"/>
   <trkpt lat="40.425783" lon="-8.209815"/>
   <trkpt lat="40.426034" lon="-8.209657"/>
   <trkpt lat="40.426261" lon="-8.209574"/>
   <trkpt lat="40.426432" lon="-8.209542"/>
   <trkpt lat="40.42655" lon="-8.209546"/>
   <trkpt lat="40.426679" lon="-8.20959"/>
   <trkpt lat="40.426804" lon="-8.209663"/>
   <trkpt lat="40.427347" lon="-8.21014"/>
   <trkpt lat="40.427543" lon="-8.210184"/>
   <trkpt lat="40.427698" lon="-8.210132"/>
   <trkpt lat="40.427847" lon="-8.210019"/>
   <trkpt lat="40.427992" lon="-8.209822"/>
   <trkpt lat="40.428968" lon="-8.208488"/>
   <trkpt lat="40.429821" lon="-8.207326"/>
   <trkpt lat="40.430487" lon="-8.206414"/>
   <trkpt lat="40.430691" lon="-8.206206"/>
   <trkpt lat="40.430901" lon="-8.206079"/>
   <trkpt lat="40.431685" lon="-8.205682"/>
   <trkpt lat="40.431939" lon="-8.205535"/>
   <trkpt lat="40.432073" lon="-8.205406"/>
   <trkpt lat="40.432216" lon="-8.205227"/>
   <trkpt lat="40.432404" lon="-8.204954"/>
   <trkpt lat="40.432512" lon="-8.204856"/>
   <trkpt lat="40.432649" lon="-8.204784"/>
   <trkpt lat="40.432817" lon="-8.204781"/>
   <trkpt lat="40.433966" lon="-8.20492"/>
   <trkpt lat="40.434125" lon="-8.204864"/>
   <trkpt lat="40.434233" lon="-8.204754"/>
   <trkpt lat="40.434313" lon="-8.204607"/>
   <trkpt lat="40.434699" lon="-8.203417"/>
   <trkpt lat="40.434825" lon="-8.203032"/>
   <trkpt lat="40.434927" lon="-8.202777"/>
   <trkpt lat="40.435023" lon="-8.202619"/>
   <trkpt lat="40.435117" lon="-8.202472"/>
   <trkpt lat="40.435266" lon="-8.202372"/>
   <trkpt lat="40.435973" lon="-8.202045"/>
   <trkpt lat="40.436124" lon="-8.201907"/>
   <trkpt lat="40.436285" lon="-8.20168"/>
   <trkpt lat="40.436438" lon="-8.201449"/>
   <trkpt lat="40.436555" lon="-8.201361"/>
   <trkpt lat="40.43671" lon="-8.20127"/>
   <trkpt lat="40.437446" lon="-8.201096"/>
   <trkpt lat="40.437446" lon="-8.201096"/>
   <trkpt lat="40.438039" lon="-8.200956"/>
   <trkpt lat="40.438488" lon="-8.200836"/>
   <trkpt lat="40.43862" lon="-8.200736"/>
   <trkpt lat="40.438702" lon="-8.200578"/>
   <trkpt lat="40.438753" lon="-8.200402"/>
   <trkpt lat="40.438749" lon="-8.200217"/>
   <trkpt lat="40.43871" lon="-8.20006"/>
   <trkpt lat="40.438629" lon="-8.199926"/>
   <trkpt lat="40.438547" lon="-8.199749"/>
   <trkpt lat="40.438522" lon="-8.199611"/>
   <trkpt lat="40.43853" lon="-8.199493"/>
   <trkpt lat="40.43857" lon="-8.199384"/>
   <trkpt lat="40.438682" lon="-8.199232"/>
   <trkpt lat="40.438859" lon="-8.199095"/>
   <trkpt lat="40.438876" lon="-8.199083"/>
   <trkpt lat="40.438935" lon="-8.199039"/>
   <trkpt lat="40.439047" lon="-8.199065"/>
   <trkpt lat="40.439355" lon="-8.199012"/>
   <trkpt lat="40.439441" lon="-8.199038"/>
   <trkpt lat="40.439498" lon="-8.199121"/>
   <trkpt lat="40.439617" lon="-8.199529"/>
   <trkpt lat="40.4397" lon="-8.199605"/>
   <trkpt lat="40.439794" lon="-8.19962"/>
   <trkpt lat="40.440525" lon="-8.199572"/>
   <trkpt lat="40.440654" lon="-8.199502"/>
   <trkpt lat="40.440833" lon="-8.199339"/>
   <trkpt lat="40.440946" lon="-8.199282"/>
   <trkpt lat="40.441093" lon="-8.199259"/>
   <trkpt lat="40.441207" lon="-8.199275"/>
   <trkpt lat="40.441293" lon="-8.199349"/>
   <trkpt lat="40.441685" lon="-8.199789"/>
   <trkpt lat="40.441779" lon="-8.199956"/>
   <trkpt lat="40.441826" lon="-8.200074"/>
   <trkpt lat="40.441844" lon="-8.200119"/>
   <trkpt lat="40.441885" lon="-8.200312"/>
   <trkpt lat="40.441974" lon="-8.200873"/>
   <trkpt lat="40.44204" lon="-8.201069"/>
   <trkpt lat="40.442142" lon="-8.201273"/>
   <trkpt lat="40.442405" lon="-8.201734"/>
   <trkpt lat="40.442734" lon="-8.202525"/>
   <trkpt lat="40.443118" lon="-8.203322"/>
   <trkpt lat="40.443207" lon="-8.203662"/>
   <trkpt lat="40.443201" lon="-8.203791"/>
   <trkpt lat="40.443156" lon="-8.203939"/>
   <trkpt lat="40.442873" lon="-8.204499"/>
   <trkpt lat="40.442809" lon="-8.20466"/>
   <trkpt lat="40.442785" lon="-8.204918"/>
   <trkpt lat="40.44282" lon="-8.205129"/>
   <trkpt lat="40.442864" lon="-8.205221"/>
   <trkpt lat="40.442938" lon="-8.205296"/>
   <trkpt lat="40.443046" lon="-8.20532"/>
   <trkpt lat="40.443168" lon="-8.20528"/>
   <trkpt lat="40.443705" lon="-8.204964"/>
   <trkpt lat="40.443852" lon="-8.204846"/>
   <trkpt lat="40.443993" lon="-8.204717"/>
   <trkpt lat="40.44411" lon="-8.204698"/>
   <trkpt lat="40.444291" lon="-8.204743"/>
   <trkpt lat="40.444402" lon="-8.204795"/>
   <trkpt lat="40.444426" lon="-8.204838"/>
   <trkpt lat="40.444444" lon="-8.204872"/>
   <trkpt lat="40.444438" lon="-8.204971"/>
   <trkpt lat="40.444395" lon="-8.20506"/>
   <trkpt lat="40.444269" lon="-8.205197"/>
   <trkpt lat="40.4442" lon="-8.205325"/>
   <trkpt lat="40.444128" lon="-8.20562"/>
   <trkpt lat="40.443961" lon="-8.205937"/>
   <trkpt lat="40.44394" lon="-8.206058"/>
   <trkpt lat="40.443959" lon="-8.206224"/>
   <trkpt lat="40.443995" lon="-8.20635"/>
   <trkpt lat="40.444298" lon="-8.206851"/>
   <trkpt lat="40.444479" lon="-8.207223"/>
   <trkpt lat="40.444479" lon="-8.207223"/>
   <trkpt lat="40.444577" lon="-8.207425"/>
   <trkpt lat="40.444661" lon="-8.207625"/>
   <trkpt lat="40.444828" lon="-8.208021"/>
   <trkpt lat="40.444881" lon="-8.208289"/>
   <trkpt lat="40.444955" lon="-8.20926"/>
   <trkpt lat="40.444936" lon="-8.209475"/>
   <trkpt lat="40.444906" lon="-8.209606"/>
   <trkpt lat="40.444732" lon="-8.209982"/>
   <trkpt lat="40.444667" lon="-8.210266"/>
   <trkpt lat="40.444659" lon="-8.210464"/>
   <trkpt lat="40.444689" lon="-8.210711"/>
   <trkpt lat="40.444822" lon="-8.211224"/>
   <trkpt lat="40.444833" lon="-8.21133"/>
   <trkpt lat="40.444842" lon="-8.211417"/>
   <trkpt lat="40.444828" lon="-8.211562"/>
   <trkpt lat="40.444746" lon="-8.211937"/>
   <trkpt lat="40.444763" lon="-8.212227"/>
   <trkpt lat="40.444828" lon="-8.212484"/>
   <trkpt lat="40.444912" lon="-8.21276"/>
   <trkpt lat="40.445036" lon="-8.213085"/>
   <trkpt lat="40.445065" lon="-8.213235"/>
   <trkpt lat="40.445059" lon="-8.213375"/>
   <trkpt lat="40.444967" lon="-8.213761"/>
   <trkpt lat="40.444938" lon="-8.21433"/>
   <trkpt lat="40.444898" lon="-8.214547"/>
   <trkpt lat="40.444706" lon="-8.215209"/>
   <trkpt lat="40.444655" lon="-8.21588"/>
   <trkpt lat="40.444704" lon="-8.216108"/>
   <trkpt lat="40.444891" lon="-8.217124"/>
   <trkpt lat="40.444926" lon="-8.217449"/>
   <trkpt lat="40.445183" lon="-8.218353"/>
   <trkpt lat="40.4452" lon="-8.218592"/>
   <trkpt lat="40.445157" lon="-8.218785"/>
   <trkpt lat="40.4451" lon="-8.218938"/>
   <trkpt lat="40.445018" lon="-8.219096"/>
   <trkpt lat="40.444926" lon="-8.219208"/>
   <trkpt lat="40.4447" lon="-8.219326"/>
   <trkpt lat="40.444614" lon="-8.219383"/>
   <trkpt lat="40.444581" lon="-8.219493"/>
   <trkpt lat="40.444573" lon="-8.219622"/>
   <trkpt lat="40.444613" lon="-8.220002"/>
   <trkpt lat="40.444613" lon="-8.220002"/>
   <trkpt lat="40.44462" lon="-8.220067"/>
   <trkpt lat="40.444606" lon="-8.220383"/>
   <trkpt lat="40.444512" lon="-8.220689"/>
   <trkpt lat="40.444438" lon="-8.220848"/>
   <trkpt lat="40.444169" lon="-8.221081"/>
   <trkpt lat="40.444036" lon="-8.221137"/>
   <trkpt lat="40.443558" lon="-8.22126"/>
   <trkpt lat="40.443205" lon="-8.221384"/>
   <trkpt lat="40.443077" lon="-8.221405"/>
   <trkpt lat="40.442607" lon="-8.2214"/>
   <trkpt lat="40.442528" lon="-8.221365"/>
   <trkpt lat="40.442477" lon="-8.221298"/>
   <trkpt lat="40.44244" lon="-8.221076"/>
   <trkpt lat="40.442399" lon="-8.221022"/>
   <trkpt lat="40.442334" lon="-8.221019"/>
   <trkpt lat="40.442254" lon="-8.221102"/>
   <trkpt lat="40.442152" lon="-8.221293"/>
   <trkpt lat="40.442097" lon="-8.221454"/>
   <trkpt lat="40.441999" lon="-8.221826"/>
   <trkpt lat="40.441905" lon="-8.22195"/>
   <trkpt lat="40.441795" lon="-8.222073"/>
   <trkpt lat="40.441589" lon="-8.222253"/>
   <trkpt lat="40.441526" lon="-8.222338"/>
   <trkpt lat="40.441519" lon="-8.222399"/>
   <trkpt lat="40.441326" lon="-8.222386"/>
   <trkpt lat="40.441238" lon="-8.222398"/>
   <trkpt lat="40.441137" lon="-8.222417"/>
   <trkpt lat="40.441035" lon="-8.222485"/>
   <trkpt lat="40.440873" lon="-8.222642"/>
   <trkpt lat="40.440802" lon="-8.222808"/>
   <trkpt lat="40.440792" lon="-8.222973"/>
   <trkpt lat="40.440807" lon="-8.223296"/>
   <trkpt lat="40.440755" lon="-8.223423"/>
   <trkpt lat="40.440671" lon="-8.223507"/>
   <trkpt lat="40.439836" lon="-8.22361"/>
   <trkpt lat="40.439268" lon="-8.223899"/>
   <trkpt lat="40.438635" lon="-8.224246"/>
   <trkpt lat="40.438525" lon="-8.224316"/>
   <trkpt lat="40.438447" lon="-8.224391"/>
   <trkpt lat="40.438251" lon="-8.22459"/>
   <trkpt lat="40.438251" lon="-8.22459"/>
   <trkpt lat="40.437532" lon="-8.225321"/>
   <trkpt lat="40.437032" lon="-8.226047"/>
   <trkpt lat="40.436844" lon="-8.226335"/>
   <trkpt lat="40.436791" lon="-8.226416"/>
   <trkpt lat="40.436463" lon="-8.226918"/>
   <trkpt lat="40.43638" lon="-8.22704"/>
   <trkpt lat="40.436158" lon="-8.227364"/>
   <trkpt lat="40.435561" lon="-8.228087"/>
   <trkpt lat="40.435456" lon="-8.228186"/>
   <trkpt lat="40.435351" lon="-8.228248"/>
   <trkpt lat="40.435259" lon="-8.228293"/>
   <trkpt lat="40.435136" lon="-8.228223"/>
   <trkpt lat="40.434173" lon="-8.22791"/>
   <trkpt lat="40.43384" lon="-8.227813"/>
   <trkpt lat="40.433638" lon="-8.227787"/>
   <trkpt lat="40.433458" lon="-8.227805"/>
   <trkpt lat="40.433225" lon="-8.227849"/>
   <trkpt lat="40.432916" lon="-8.227911"/>
   <trkpt lat="40.430559" lon="-8.228385"/>
   <trkpt lat="40.430369" lon="-8.228437"/>
   <trkpt lat="40.430014" lon="-8.22856"/>
   <trkpt lat="40.42958" lon="-8.228773"/>
   <trkpt lat="40.428672" lon="-8.229285"/>
   <trkpt lat="40.428436" lon="-8.229418"/>
   <trkpt lat="40.428207" lon="-8.229514"/>
   <trkpt lat="40.427978" lon="-8.229565"/>
   <trkpt lat="40.427749" lon="-8.229609"/>
   <trkpt lat="40.427749" lon="-8.229609"/>
   <trkpt lat="40.426716" lon="-8.229806"/>
   <trkpt lat="40.42619" lon="-8.229906"/>
   <trkpt lat="40.425911" lon="-8.22996"/>
   <trkpt lat="40.425662" lon="-8.230007"/>
   <trkpt lat="40.425385" lon="-8.23006"/>
   <trkpt lat="40.425283" lon="-8.23008"/>
   <trkpt lat="40.424751" lon="-8.230231"/>
   <trkpt lat="40.4245" lon="-8.230303"/>
   <trkpt lat="40.424135" lon="-8.230408"/>
   <trkpt lat="40.423702" lon="-8.230532"/>
   <trkpt lat="40.423049" lon="-8.230657"/>
   <trkpt lat="40.422637" lon="-8.230697"/>
   <trkpt lat="40.42054" lon="-8.230862"/>
   <trkpt lat="40.420454" lon="-8.230851"/>
   <trkpt lat="40.420354" lon="-8.230831"/>
   <trkpt lat="40.419864" lon="-8.230599"/>
   <trkpt lat="40.419864" lon="-8.230599"/>
   <trkpt lat="40.417848" lon="-8.229647"/>
   <trkpt lat="40.417641" lon="-8.229507"/>
   <trkpt lat="40.416401" lon="-8.228525"/>
   <trkpt lat="40.415939" lon="-8.22817"/>
   <trkpt lat="40.415747" lon="-8.228035"/>
   <trkpt lat="40.414608" lon="-8.227464"/>
   <trkpt lat="40.414164" lon="-8.227093"/>
   <trkpt lat="40.413897" lon="-8.226872"/>
   <trkpt lat="40.41375" lon="-8.226758"/>
   <trkpt lat="40.413581" lon="-8.226659"/>
   <trkpt lat="40.413468" lon="-8.226603"/>
   <trkpt lat="40.412594" lon="-8.2264"/>
   <trkpt lat="40.412331" lon="-8.226325"/>
   <trkpt lat="40.411613" lon="-8.225958"/>
   <trkpt lat="40.411544" lon="-8.225913"/>
   <trkpt lat="40.41112" lon="-8.225533"/>
   <trkpt lat="40.410302" lon="-8.22479"/>
   <trkpt lat="40.410162" lon="-8.224692"/>
   <trkpt lat="40.410162" lon="-8.224692"/>
   <trkpt lat="40.409796" lon="-8.224436"/>
   <trkpt lat="40.408912" lon="-8.223675"/>
   <trkpt lat="40.408366" lon="-8.223213"/>
   <trkpt lat="40.408232" lon="-8.223155"/>
   <trkpt lat="40.408097" lon="-8.223128"/>
   <trkpt lat="40.408024" lon="-8.223124"/>
   <trkpt lat="40.406822" lon="-8.223074"/>
   <trkpt lat="40.405765" lon="-8.223153"/>
   <trkpt lat="40.404996" lon="-8.22321"/>
   <trkpt lat="40.404996" lon="-8.22321"/>
   <trkpt lat="40.404119" lon="-8.223275"/>
   <trkpt lat="40.404017" lon="-8.223279"/>
   <trkpt lat="40.403842" lon="-8.223325"/>
   <trkpt lat="40.403671" lon="-8.223401"/>
   <trkpt lat="40.403003" lon="-8.223761"/>
   <trkpt lat="40.402676" lon="-8.22393"/>
   <trkpt lat="40.402569" lon="-8.224058"/>
   <trkpt lat="40.40254" lon="-8.224114"/>
   <trkpt lat="40.402506" lon="-8.224182"/>
   <trkpt lat="40.402503" lon="-8.22421"/>
   <trkpt lat="40.402489" lon="-8.224258"/>
   <trkpt lat="40.402467" lon="-8.2243"/>
   <trkpt lat="40.402438" lon="-8.224333"/>
   <trkpt lat="40.402403" lon="-8.224357"/>
   <trkpt lat="40.402366" lon="-8.224371"/>
   <trkpt lat="40.402327" lon="-8.224372"/>
   <trkpt lat="40.402281" lon="-8.224356"/>
   <trkpt lat="40.40224" lon="-8.224325"/>
   <trkpt lat="40.402179" lon="-8.224318"/>
   <trkpt lat="40.402077" lon="-8.224313"/>
   <trkpt lat="40.401969" lon="-8.224311"/>
   <trkpt lat="40.401545" lon="-8.224548"/>
   <trkpt lat="40.401128" lon="-8.224778"/>
   <trkpt lat="40.40052" lon="-8.225114"/>
   <trkpt lat="40.400446" lon="-8.225161"/>
   <trkpt lat="40.400326" lon="-8.225251"/>
   <trkpt lat="40.400197" lon="-8.225376"/>
   <trkpt lat="40.39918" lon="-8.226656"/>
   <trkpt lat="40.39916" lon="-8.226687"/>
   <trkpt lat="40.399066" lon="-8.226856"/>
   <trkpt lat="40.399084" lon="-8.226871"/>
   <trkpt lat="40.399096" lon="-8.226893"/>
   <trkpt lat="40.399103" lon="-8.226919"/>
   <trkpt lat="40.399102" lon="-8.226946"/>
   <trkpt lat="40.399095" lon="-8.226972"/>
   <trkpt lat="40.399082" lon="-8.226992"/>
   <trkpt lat="40.399065" lon="-8.227005"/>
   <trkpt lat="40.399046" lon="-8.227011"/>
   <trkpt lat="40.399026" lon="-8.227009"/>
   <trkpt lat="40.399008" lon="-8.226998"/>
   <trkpt lat="40.398993" lon="-8.226981"/>
   <trkpt lat="40.398984" lon="-8.226958"/>
   <trkpt lat="40.398865" lon="-8.22713"/>
   <trkpt lat="40.397964" lon="-8.228515"/>
  </trkseg>
 </trk>
</gpx>
